run,field,group,n,n_native_gold,accuracy,acc_ci_low,acc_ci_high
deepseek-r1-llama-8b__reasoning_first/test__norag,host,kompas.com,79,1,0.924051,0.844046,0.964728
deepseek-r1-llama-8b__reasoning_first/test__norag,host,thestar.com,717,364,0.983264,0.970976,0.990401
deepseek-r1-llama-8b__reasoning_first/test__norag,host,biz.kompas.com,420,420,0.988095,0.972438,0.994905
deepseek-r1-llama-8b__reasoning_first/test__norag,host,sport.tempo.co,14,0,1.0,0.784689,1.0
deepseek-r1-llama-8b__reasoning_first/test__norag,host,tekno.tempo.co,19,2,0.894737,0.686059,0.970641
deepseek-r1-llama-8b__reasoning_first/test__norag,host,viva.co.id,292,177,0.914384,0.876669,0.941337
deepseek-r1-llama-8b__reasoning_first/test__norag,host,lifestyle.sindonews.com,41,4,0.902439,0.774523,0.961403
deepseek-r1-llama-8b__reasoning_first/test__norag,host,oto.detik.com,11,4,0.818182,0.523019,0.948632
deepseek-r1-llama-8b__reasoning_first/test__norag,host,otomotif.tempo.co,13,0,0.923077,0.66686,0.98629
deepseek-r1-llama-8b__reasoning_first/test__norag,host,tekno.sindonews.com,42,19,0.714286,0.564328,0.82833
deepseek-r1-llama-8b__reasoning_first/test__norag,host,metro.tempo.co,7,0,0.857143,0.486872,0.97432
deepseek-r1-llama-8b__reasoning_first/test__norag,host,bola.tempo.co,10,0,1.0,0.722467,1.0
deepseek-r1-llama-8b__reasoning_first/test__norag,host,sports.sindonews.com,9,9,0.777778,0.452589,0.936775
deepseek-r1-llama-8b__reasoning_first/test__norag,host,health.detik.com,11,1,0.818182,0.523019,0.948632
deepseek-r1-llama-8b__reasoning_first/test__norag,host,bisnis.tempo.co,15,2,0.866667,0.62118,0.962639
deepseek-r1-llama-8b__reasoning_first/test__norag,host,health.kompas.com,21,0,0.952381,0.773306,0.991544
deepseek-r1-llama-8b__reasoning_first/test__norag,host,megapolitan.kompas.com,12,0,0.916667,0.64612,0.985135
deepseek-r1-llama-8b__reasoning_first/test__norag,host,nasional.sindonews.com,38,30,0.763158,0.607932,0.870063
deepseek-r1-llama-8b__reasoning_first/test__norag,host,lifestyle.kompas.com,18,1,0.666667,0.437495,0.837212
deepseek-r1-llama-8b__reasoning_first/test__norag,host,inet.detik.com,26,6,0.884615,0.710241,0.959968
deepseek-r1-llama-8b__reasoning_first/test__norag,host,news.detik.com,29,6,0.896552,0.736149,0.964185
deepseek-r1-llama-8b__reasoning_first/test__norag,host,otomotif.kompas.com,21,5,0.666667,0.453735,0.828052
deepseek-r1-llama-8b__reasoning_first/test__norag,host,otomotif.sindonews.com,18,6,1.0,0.824121,1.0
deepseek-r1-llama-8b__reasoning_first/test__norag,host,money.kompas.com,8,0,0.5,0.215216,0.784784
deepseek-r1-llama-8b__reasoning_first/test__norag,host,edukasi.sindonews.com,23,8,0.782609,0.580965,0.90336
deepseek-r1-llama-8b__reasoning_first/test__norag,host,surabaya.kompas.com,1,0,1.0,0.206549,1.0
deepseek-r1-llama-8b__reasoning_first/test__norag,host,travel.tempo.co,21,1,0.952381,0.773306,0.991544
deepseek-r1-llama-8b__reasoning_first/test__norag,host,food.detik.com,31,2,0.870968,0.711476,0.948657
deepseek-r1-llama-8b__reasoning_first/test__norag,host,daerah.sindonews.com,12,0,0.583333,0.319511,0.80674
deepseek-r1-llama-8b__reasoning_first/test__norag,host,gaya.tempo.co,23,0,1.0,0.856883,1.0
deepseek-r1-llama-8b__reasoning_first/test__norag,host,finance.detik.com,35,8,0.657143,0.491519,0.791683
deepseek-r1-llama-8b__reasoning_first/test__norag,host,dunia.tempo.co,7,0,1.0,0.64567,1.0
deepseek-r1-llama-8b__reasoning_first/test__norag,host,seleb.tempo.co,11,0,1.0,0.741167,1.0
deepseek-r1-llama-8b__reasoning_first/test__norag,host,sport.detik.com,20,0,1.0,0.838875,1.0
deepseek-r1-llama-8b__reasoning_first/test__norag,host,wolipop.detik.com,10,0,1.0,0.722467,1.0
deepseek-r1-llama-8b__reasoning_first/test__norag,host,ekbis.sindonews.com,13,2,0.769231,0.497436,0.918205
deepseek-r1-llama-8b__reasoning_first/test__norag,host,tekno.kompas.com,6,1,1.0,0.609666,1.0
deepseek-r1-llama-8b__reasoning_first/test__norag,host,nasional.kompas.com,7,0,0.857143,0.486872,0.97432
deepseek-r1-llama-8b__reasoning_first/test__norag,host,regional.kompas.com,6,0,1.0,0.609666,1.0
deepseek-r1-llama-8b__reasoning_first/test__norag,host,international.sindonews.com,11,0,1.0,0.741167,1.0
deepseek-r1-llama-8b__reasoning_first/test__norag,host,hot.detik.com,17,1,0.941176,0.73018,0.98954
deepseek-r1-llama-8b__reasoning_first/test__norag,host,makassar.kompas.com,1,0,0.0,0.0,0.793451
deepseek-r1-llama-8b__reasoning_first/test__norag,host,sains.sindonews.com,13,0,1.0,0.771905,1.0
deepseek-r1-llama-8b__reasoning_first/test__norag,host,go.kompas.com,1,1,1.0,0.206549,1.0
deepseek-r1-llama-8b__reasoning_first/test__norag,host,bola.kompas.com,3,0,1.0,0.438503,1.0
deepseek-r1-llama-8b__reasoning_first/test__norag,host,nasional.tempo.co,1,0,0.0,0.0,0.793451
deepseek-r1-llama-8b__reasoning_first/test__norag,host,bandung.kompas.com,1,0,1.0,0.206549,1.0
deepseek-r1-llama-8b__reasoning_first/test__norag,section,global,13,0,1.0,0.771905,1.0
deepseek-r1-llama-8b__reasoning_first/test__norag,section,skola,9,0,0.888889,0.565,0.980109
deepseek-r1-llama-8b__reasoning_first/test__norag,section,sports,179,9,0.988827,0.960183,0.996931
deepseek-r1-llama-8b__reasoning_first/test__norag,section,biz,420,420,0.988095,0.972438,0.994905
deepseek-r1-llama-8b__reasoning_first/test__norag,section,sport,40,0,1.0,0.912378,1.0
deepseek-r1-llama-8b__reasoning_first/test__norag,section,tekno,67,22,0.791045,0.679282,0.871243
deepseek-r1-llama-8b__reasoning_first/test__norag,section,homey,10,1,0.9,0.59585,0.982124
deepseek-r1-llama-8b__reasoning_first/test__norag,section,tren,9,0,0.888889,0.565,0.980109
deepseek-r1-llama-8b__reasoning_first/test__norag,section,siaran-pers,170,170,0.958824,0.917456,0.979913
deepseek-r1-llama-8b__reasoning_first/test__norag,section,lifestyle,59,5,0.830508,0.715368,0.905242
deepseek-r1-llama-8b__reasoning_first/test__norag,section,news,158,6,0.974684,0.936721,0.990112
deepseek-r1-llama-8b__reasoning_first/test__norag,section,globenewswire,364,364,1.0,0.989557,1.0
deepseek-r1-llama-8b__reasoning_first/test__norag,section,oto,11,4,0.818182,0.523019,0.948632
deepseek-r1-llama-8b__reasoning_first/test__norag,section,otomotif,55,12,0.854545,0.738391,0.924407
deepseek-r1-llama-8b__reasoning_first/test__norag,section,entertainment,9,0,0.888889,0.565,0.980109
deepseek-r1-llama-8b__reasoning_first/test__norag,section,metro,7,0,0.857143,0.486872,0.97432
deepseek-r1-llama-8b__reasoning_first/test__norag,section,bola,29,0,1.0,0.88303,1.0
deepseek-r1-llama-8b__reasoning_first/test__norag,section,health,32,1,0.90625,0.757818,0.967598
deepseek-r1-llama-8b__reasoning_first/test__norag,section,bisnis,15,2,0.866667,0.62118,0.962639
deepseek-r1-llama-8b__reasoning_first/test__norag,section,business,16,0,0.6875,0.444044,0.858354
deepseek-r1-llama-8b__reasoning_first/test__norag,section,digital,17,4,0.647059,0.413004,0.826903
deepseek-r1-llama-8b__reasoning_first/test__norag,section,megapolitan,12,0,0.916667,0.64612,0.985135
deepseek-r1-llama-8b__reasoning_first/test__norag,section,edukasi,33,8,0.727273,0.557824,0.849326
deepseek-r1-llama-8b__reasoning_first/test__norag,section,nasional,46,30,0.76087,0.620649,0.860878
deepseek-r1-llama-8b__reasoning_first/test__norag,section,inet,26,6,0.884615,0.710241,0.959968
deepseek-r1-llama-8b__reasoning_first/test__norag,section,money,8,0,0.5,0.215216,0.784784
deepseek-r1-llama-8b__reasoning_first/test__norag,section,surabaya,1,0,1.0,0.206549,1.0
deepseek-r1-llama-8b__reasoning_first/test__norag,section,travel,21,1,0.952381,0.773306,0.991544
deepseek-r1-llama-8b__reasoning_first/test__norag,section,food,52,2,0.923077,0.818264,0.969681
deepseek-r1-llama-8b__reasoning_first/test__norag,section,daerah,12,0,0.583333,0.319511,0.80674
deepseek-r1-llama-8b__reasoning_first/test__norag,section,gaya,23,0,1.0,0.856883,1.0
deepseek-r1-llama-8b__reasoning_first/test__norag,section,showbiz,24,1,0.916667,0.741512,0.976841
deepseek-r1-llama-8b__reasoning_first/test__norag,section,berita,13,0,0.692308,0.423693,0.873193
deepseek-r1-llama-8b__reasoning_first/test__norag,section,properti,10,0,0.7,0.396778,0.892209
deepseek-r1-llama-8b__reasoning_first/test__norag,section,finance,35,8,0.657143,0.491519,0.791683
deepseek-r1-llama-8b__reasoning_first/test__norag,section,trending,4,0,1.0,0.510109,1.0
deepseek-r1-llama-8b__reasoning_first/test__norag,section,dunia,7,0,1.0,0.64567,1.0
deepseek-r1-llama-8b__reasoning_first/test__norag,section,seleb,11,0,1.0,0.741167,1.0
deepseek-r1-llama-8b__reasoning_first/test__norag,section,wolipop,10,0,1.0,0.722467,1.0
deepseek-r1-llama-8b__reasoning_first/test__norag,section,ekbis,13,2,0.769231,0.497436,0.918205
deepseek-r1-llama-8b__reasoning_first/test__norag,section,politics,16,0,1.0,0.806392,1.0
deepseek-r1-llama-8b__reasoning_first/test__norag,section,opinion,9,0,0.777778,0.452589,0.936775
deepseek-r1-llama-8b__reasoning_first/test__norag,section,gaya-hidup,16,1,0.875,0.639772,0.965023
deepseek-r1-llama-8b__reasoning_first/test__norag,section,regional,6,0,1.0,0.609666,1.0
deepseek-r1-llama-8b__reasoning_first/test__norag,section,ragam,11,0,1.0,0.741167,1.0
deepseek-r1-llama-8b__reasoning_first/test__norag,section,international,11,0,1.0,0.741167,1.0
deepseek-r1-llama-8b__reasoning_first/test__norag,section,hot,17,1,0.941176,0.73018,0.98954
deepseek-r1-llama-8b__reasoning_first/test__norag,section,makassar,1,0,0.0,0.0,0.793451
deepseek-r1-llama-8b__reasoning_first/test__norag,section,sains,13,0,1.0,0.771905,1.0
deepseek-r1-llama-8b__reasoning_first/test__norag,section,go,1,1,1.0,0.206549,1.0
deepseek-r1-llama-8b__reasoning_first/test__norag,section,militer,2,0,1.0,0.34238,1.0
deepseek-r1-llama-8b__reasoning_first/test__norag,section,life,7,0,0.714286,0.358934,0.917781
deepseek-r1-llama-8b__reasoning_first/test__norag,section,sponsored-sections,1,0,0.0,0.0,0.793451
deepseek-r1-llama-8b__reasoning_first/test__norag,section,badminton,1,0,1.0,0.206549,1.0
deepseek-r1-llama-8b__reasoning_first/test__norag,section,edu,2,0,1.0,0.34238,1.0
deepseek-r1-llama-8b__reasoning_first/test__norag,section,bandung,1,0,1.0,0.206549,1.0
deepseek-r1-llama-8b__reasoning_first/test__rag_k5,host,kompas.com,79,1,0.949367,0.876923,0.980136
deepseek-r1-llama-8b__reasoning_first/test__rag_k5,host,thestar.com,717,364,0.986053,0.974519,0.992407
deepseek-r1-llama-8b__reasoning_first/test__rag_k5,host,biz.kompas.com,420,420,0.985714,0.969187,0.993437
deepseek-r1-llama-8b__reasoning_first/test__rag_k5,host,sport.tempo.co,14,0,1.0,0.784689,1.0
deepseek-r1-llama-8b__reasoning_first/test__rag_k5,host,tekno.tempo.co,19,2,0.894737,0.686059,0.970641
deepseek-r1-llama-8b__reasoning_first/test__rag_k5,host,viva.co.id,292,177,0.924658,0.888566,0.949721
deepseek-r1-llama-8b__reasoning_first/test__rag_k5,host,lifestyle.sindonews.com,41,4,0.926829,0.805726,0.974802
deepseek-r1-llama-8b__reasoning_first/test__rag_k5,host,oto.detik.com,11,4,0.727273,0.434355,0.902539
deepseek-r1-llama-8b__reasoning_first/test__rag_k5,host,otomotif.tempo.co,13,0,0.923077,0.66686,0.98629
deepseek-r1-llama-8b__reasoning_first/test__rag_k5,host,tekno.sindonews.com,42,19,0.761905,0.614725,0.86519
deepseek-r1-llama-8b__reasoning_first/test__rag_k5,host,metro.tempo.co,7,0,0.714286,0.358934,0.917781
deepseek-r1-llama-8b__reasoning_first/test__rag_k5,host,bola.tempo.co,10,0,1.0,0.722467,1.0
deepseek-r1-llama-8b__reasoning_first/test__rag_k5,host,sports.sindonews.com,9,9,0.777778,0.452589,0.936775
deepseek-r1-llama-8b__reasoning_first/test__rag_k5,host,health.detik.com,11,1,0.909091,0.622642,0.983768
deepseek-r1-llama-8b__reasoning_first/test__rag_k5,host,bisnis.tempo.co,15,2,0.8,0.548146,0.929525
deepseek-r1-llama-8b__reasoning_first/test__rag_k5,host,health.kompas.com,21,0,1.0,0.845361,1.0
deepseek-r1-llama-8b__reasoning_first/test__rag_k5,host,megapolitan.kompas.com,12,0,0.916667,0.64612,0.985135
deepseek-r1-llama-8b__reasoning_first/test__rag_k5,host,nasional.sindonews.com,38,30,0.789474,0.636542,0.889252
deepseek-r1-llama-8b__reasoning_first/test__rag_k5,host,lifestyle.kompas.com,18,1,0.666667,0.437495,0.837212
deepseek-r1-llama-8b__reasoning_first/test__rag_k5,host,inet.detik.com,26,6,0.961538,0.811072,0.993178
deepseek-r1-llama-8b__reasoning_first/test__rag_k5,host,news.detik.com,29,6,0.896552,0.736149,0.964185
deepseek-r1-llama-8b__reasoning_first/test__rag_k5,host,otomotif.kompas.com,21,5,0.619048,0.408787,0.79249
deepseek-r1-llama-8b__reasoning_first/test__rag_k5,host,otomotif.sindonews.com,18,6,0.944444,0.742427,0.990125
deepseek-r1-llama-8b__reasoning_first/test__rag_k5,host,money.kompas.com,8,0,0.75,0.409275,0.928521
deepseek-r1-llama-8b__reasoning_first/test__rag_k5,host,edukasi.sindonews.com,23,8,0.826087,0.628624,0.930213
deepseek-r1-llama-8b__reasoning_first/test__rag_k5,host,surabaya.kompas.com,1,0,1.0,0.206549,1.0
deepseek-r1-llama-8b__reasoning_first/test__rag_k5,host,travel.tempo.co,21,1,0.952381,0.773306,0.991544
deepseek-r1-llama-8b__reasoning_first/test__rag_k5,host,food.detik.com,31,2,0.935484,0.792814,0.982125
deepseek-r1-llama-8b__reasoning_first/test__rag_k5,host,daerah.sindonews.com,12,0,0.666667,0.390622,0.86188
deepseek-r1-llama-8b__reasoning_first/test__rag_k5,host,gaya.tempo.co,23,0,1.0,0.856883,1.0
deepseek-r1-llama-8b__reasoning_first/test__rag_k5,host,finance.detik.com,35,8,0.628571,0.463369,0.768342
deepseek-r1-llama-8b__reasoning_first/test__rag_k5,host,dunia.tempo.co,7,0,1.0,0.64567,1.0
deepseek-r1-llama-8b__reasoning_first/test__rag_k5,host,seleb.tempo.co,11,0,1.0,0.741167,1.0
deepseek-r1-llama-8b__reasoning_first/test__rag_k5,host,sport.detik.com,20,0,1.0,0.838875,1.0
deepseek-r1-llama-8b__reasoning_first/test__rag_k5,host,wolipop.detik.com,10,0,1.0,0.722467,1.0
deepseek-r1-llama-8b__reasoning_first/test__rag_k5,host,ekbis.sindonews.com,13,2,0.769231,0.497436,0.918205
deepseek-r1-llama-8b__reasoning_first/test__rag_k5,host,tekno.kompas.com,6,1,1.0,0.609666,1.0
deepseek-r1-llama-8b__reasoning_first/test__rag_k5,host,nasional.kompas.com,7,0,1.0,0.64567,1.0
deepseek-r1-llama-8b__reasoning_first/test__rag_k5,host,regional.kompas.com,6,0,1.0,0.609666,1.0
deepseek-r1-llama-8b__reasoning_first/test__rag_k5,host,international.sindonews.com,11,0,1.0,0.741167,1.0
deepseek-r1-llama-8b__reasoning_first/test__rag_k5,host,hot.detik.com,17,1,0.941176,0.73018,0.98954
deepseek-r1-llama-8b__reasoning_first/test__rag_k5,host,makassar.kompas.com,1,0,1.0,0.206549,1.0
deepseek-r1-llama-8b__reasoning_first/test__rag_k5,host,sains.sindonews.com,13,0,1.0,0.771905,1.0
deepseek-r1-llama-8b__reasoning_first/test__rag_k5,host,go.kompas.com,1,1,1.0,0.206549,1.0
deepseek-r1-llama-8b__reasoning_first/test__rag_k5,host,bola.kompas.com,3,0,1.0,0.438503,1.0
deepseek-r1-llama-8b__reasoning_first/test__rag_k5,host,nasional.tempo.co,1,0,1.0,0.206549,1.0
deepseek-r1-llama-8b__reasoning_first/test__rag_k5,host,bandung.kompas.com,1,0,1.0,0.206549,1.0
deepseek-r1-llama-8b__reasoning_first/test__rag_k5,section,global,13,0,1.0,0.771905,1.0
deepseek-r1-llama-8b__reasoning_first/test__rag_k5,section,skola,9,0,1.0,0.700855,1.0
deepseek-r1-llama-8b__reasoning_first/test__rag_k5,section,sports,179,9,0.988827,0.960183,0.996931
deepseek-r1-llama-8b__reasoning_first/test__rag_k5,section,biz,420,420,0.985714,0.969187,0.993437
deepseek-r1-llama-8b__reasoning_first/test__rag_k5,section,sport,40,0,1.0,0.912378,1.0
deepseek-r1-llama-8b__reasoning_first/test__rag_k5,section,tekno,67,22,0.820896,0.712525,0.894464
deepseek-r1-llama-8b__reasoning_first/test__rag_k5,section,homey,10,1,1.0,0.722467,1.0
deepseek-r1-llama-8b__reasoning_first/test__rag_k5,section,tren,9,0,0.888889,0.565,0.980109
deepseek-r1-llama-8b__reasoning_first/test__rag_k5,section,siaran-pers,170,170,0.964706,0.925148,0.983726
deepseek-r1-llama-8b__reasoning_first/test__rag_k5,section,lifestyle,59,5,0.847458,0.73482,0.917615
deepseek-r1-llama-8b__reasoning_first/test__rag_k5,section,news,158,6,0.974684,0.936721,0.990112
deepseek-r1-llama-8b__reasoning_first/test__rag_k5,section,globenewswire,364,364,1.0,0.989557,1.0
deepseek-r1-llama-8b__reasoning_first/test__rag_k5,section,oto,11,4,0.727273,0.434355,0.902539
deepseek-r1-llama-8b__reasoning_first/test__rag_k5,section,otomotif,55,12,0.818182,0.696695,0.898123
deepseek-r1-llama-8b__reasoning_first/test__rag_k5,section,entertainment,9,0,0.888889,0.565,0.980109
deepseek-r1-llama-8b__reasoning_first/test__rag_k5,section,metro,7,0,0.714286,0.358934,0.917781
deepseek-r1-llama-8b__reasoning_first/test__rag_k5,section,bola,29,0,1.0,0.88303,1.0
deepseek-r1-llama-8b__reasoning_first/test__rag_k5,section,health,32,1,0.96875,0.842557,0.994462
deepseek-r1-llama-8b__reasoning_first/test__rag_k5,section,bisnis,15,2,0.8,0.548146,0.929525
deepseek-r1-llama-8b__reasoning_first/test__rag_k5,section,business,16,0,0.75,0.505017,0.898179
deepseek-r1-llama-8b__reasoning_first/test__rag_k5,section,digital,17,4,0.588235,0.360054,0.783889
deepseek-r1-llama-8b__reasoning_first/test__rag_k5,section,megapolitan,12,0,0.916667,0.64612,0.985135
deepseek-r1-llama-8b__reasoning_first/test__rag_k5,section,edukasi,33,8,0.787879,0.622484,0.89324
deepseek-r1-llama-8b__reasoning_first/test__rag_k5,section,nasional,46,30,0.826087,0.692766,0.909142
deepseek-r1-llama-8b__reasoning_first/test__rag_k5,section,inet,26,6,0.961538,0.811072,0.993178
deepseek-r1-llama-8b__reasoning_first/test__rag_k5,section,money,8,0,0.75,0.409275,0.928521
deepseek-r1-llama-8b__reasoning_first/test__rag_k5,section,surabaya,1,0,1.0,0.206549,1.0
deepseek-r1-llama-8b__reasoning_first/test__rag_k5,section,travel,21,1,0.952381,0.773306,0.991544
deepseek-r1-llama-8b__reasoning_first/test__rag_k5,section,food,52,2,0.961538,0.870188,0.989388
deepseek-r1-llama-8b__reasoning_first/test__rag_k5,section,daerah,12,0,0.666667,0.390622,0.86188
deepseek-r1-llama-8b__reasoning_first/test__rag_k5,section,gaya,23,0,1.0,0.856883,1.0
deepseek-r1-llama-8b__reasoning_first/test__rag_k5,section,showbiz,24,1,0.958333,0.797582,0.992607
deepseek-r1-llama-8b__reasoning_first/test__rag_k5,section,berita,13,0,0.846154,0.577654,0.956742
deepseek-r1-llama-8b__reasoning_first/test__rag_k5,section,properti,10,0,0.7,0.396778,0.892209
deepseek-r1-llama-8b__reasoning_first/test__rag_k5,section,finance,35,8,0.628571,0.463369,0.768342
deepseek-r1-llama-8b__reasoning_first/test__rag_k5,section,trending,4,0,1.0,0.510109,1.0
deepseek-r1-llama-8b__reasoning_first/test__rag_k5,section,dunia,7,0,1.0,0.64567,1.0
deepseek-r1-llama-8b__reasoning_first/test__rag_k5,section,seleb,11,0,1.0,0.741167,1.0
deepseek-r1-llama-8b__reasoning_first/test__rag_k5,section,wolipop,10,0,1.0,0.722467,1.0
deepseek-r1-llama-8b__reasoning_first/test__rag_k5,section,ekbis,13,2,0.769231,0.497436,0.918205
deepseek-r1-llama-8b__reasoning_first/test__rag_k5,section,politics,16,0,1.0,0.806392,1.0
deepseek-r1-llama-8b__reasoning_first/test__rag_k5,section,opinion,9,0,0.888889,0.565,0.980109
deepseek-r1-llama-8b__reasoning_first/test__rag_k5,section,gaya-hidup,16,1,0.8125,0.569911,0.934084
deepseek-r1-llama-8b__reasoning_first/test__rag_k5,section,regional,6,0,1.0,0.609666,1.0
deepseek-r1-llama-8b__reasoning_first/test__rag_k5,section,ragam,11,0,1.0,0.741167,1.0
deepseek-r1-llama-8b__reasoning_first/test__rag_k5,section,international,11,0,1.0,0.741167,1.0
deepseek-r1-llama-8b__reasoning_first/test__rag_k5,section,hot,17,1,0.941176,0.73018,0.98954
deepseek-r1-llama-8b__reasoning_first/test__rag_k5,section,makassar,1,0,1.0,0.206549,1.0
deepseek-r1-llama-8b__reasoning_first/test__rag_k5,section,sains,13,0,1.0,0.771905,1.0
deepseek-r1-llama-8b__reasoning_first/test__rag_k5,section,go,1,1,1.0,0.206549,1.0
deepseek-r1-llama-8b__reasoning_first/test__rag_k5,section,militer,2,0,1.0,0.34238,1.0
deepseek-r1-llama-8b__reasoning_first/test__rag_k5,section,life,7,0,0.714286,0.358934,0.917781
deepseek-r1-llama-8b__reasoning_first/test__rag_k5,section,sponsored-sections,1,0,0.0,0.0,0.793451
deepseek-r1-llama-8b__reasoning_first/test__rag_k5,section,badminton,1,0,1.0,0.206549,1.0
deepseek-r1-llama-8b__reasoning_first/test__rag_k5,section,edu,2,0,1.0,0.34238,1.0
deepseek-r1-llama-8b__reasoning_first/test__rag_k5,section,bandung,1,0,1.0,0.206549,1.0
deepseek-r1-llama-8b__reasoning_first/test_xsource__norag,host,cnnindonesia.com,2367,1205,0.845374,0.83025,0.859378
deepseek-r1-llama-8b__reasoning_first/test_xsource__norag,section,teknologi,193,111,0.797927,0.735718,0.848509
deepseek-r1-llama-8b__reasoning_first/test_xsource__norag,section,olahraga,291,17,0.969072,0.942276,0.983645
deepseek-r1-llama-8b__reasoning_first/test_xsource__norag,section,internasional,216,90,0.958333,0.922722,0.977927
deepseek-r1-llama-8b__reasoning_first/test_xsource__norag,section,nasional,749,383,0.854473,0.82741,0.877918
deepseek-r1-llama-8b__reasoning_first/test_xsource__norag,section,ekonomi,299,168,0.822742,0.775444,0.861853
deepseek-r1-llama-8b__reasoning_first/test_xsource__norag,section,otomotif,16,1,0.875,0.639772,0.965023
deepseek-r1-llama-8b__reasoning_first/test_xsource__norag,section,hiburan,182,103,0.835165,0.774444,0.882029
deepseek-r1-llama-8b__reasoning_first/test_xsource__norag,section,gaya-hidup,416,332,0.723558,0.678683,0.764341
deepseek-r1-llama-8b__reasoning_first/test_xsource__norag,section,edukasi,5,0,1.0,0.565518,1.0
deepseek-r1-llama-8b__reasoning_first/test_xsource__rag_k5,host,cnnindonesia.com,2367,1205,0.87368,0.859688,0.88646
deepseek-r1-llama-8b__reasoning_first/test_xsource__rag_k5,section,teknologi,193,111,0.870466,0.815774,0.910699
deepseek-r1-llama-8b__reasoning_first/test_xsource__rag_k5,section,olahraga,291,17,0.972509,0.946699,0.986005
deepseek-r1-llama-8b__reasoning_first/test_xsource__rag_k5,section,internasional,216,90,0.949074,0.911125,0.971329
deepseek-r1-llama-8b__reasoning_first/test_xsource__rag_k5,section,nasional,749,383,0.881175,0.856034,0.902426
deepseek-r1-llama-8b__reasoning_first/test_xsource__rag_k5,section,ekonomi,299,168,0.852843,0.808218,0.888517
deepseek-r1-llama-8b__reasoning_first/test_xsource__rag_k5,section,otomotif,16,1,0.8125,0.569911,0.934084
deepseek-r1-llama-8b__reasoning_first/test_xsource__rag_k5,section,hiburan,182,103,0.857143,0.798912,0.900609
deepseek-r1-llama-8b__reasoning_first/test_xsource__rag_k5,section,gaya-hidup,416,332,0.776442,0.73398,0.813846
deepseek-r1-llama-8b__reasoning_first/test_xsource__rag_k5,section,edukasi,5,0,1.0,0.565518,1.0
gemma2-9b__reasoning_first/test__norag,host,kompas.com,79,1,0.974684,0.912314,0.99303
gemma2-9b__reasoning_first/test__norag,host,thestar.com,717,364,0.994421,0.985744,0.997828
gemma2-9b__reasoning_first/test__norag,host,biz.kompas.com,420,420,1.0,0.990937,1.0
gemma2-9b__reasoning_first/test__norag,host,sport.tempo.co,14,0,1.0,0.784689,1.0
gemma2-9b__reasoning_first/test__norag,host,tekno.tempo.co,19,2,0.894737,0.686059,0.970641
gemma2-9b__reasoning_first/test__norag,host,viva.co.id,292,177,0.952055,0.921142,0.971228
gemma2-9b__reasoning_first/test__norag,host,lifestyle.sindonews.com,41,4,0.926829,0.805726,0.974802
gemma2-9b__reasoning_first/test__norag,host,oto.detik.com,11,4,0.909091,0.622642,0.983768
gemma2-9b__reasoning_first/test__norag,host,otomotif.tempo.co,13,0,1.0,0.771905,1.0
gemma2-9b__reasoning_first/test__norag,host,tekno.sindonews.com,42,19,0.857143,0.721589,0.93284
gemma2-9b__reasoning_first/test__norag,host,metro.tempo.co,7,0,1.0,0.64567,1.0
gemma2-9b__reasoning_first/test__norag,host,bola.tempo.co,10,0,1.0,0.722467,1.0
gemma2-9b__reasoning_first/test__norag,host,sports.sindonews.com,9,9,0.777778,0.452589,0.936775
gemma2-9b__reasoning_first/test__norag,host,health.detik.com,11,1,0.909091,0.622642,0.983768
gemma2-9b__reasoning_first/test__norag,host,bisnis.tempo.co,15,2,0.866667,0.62118,0.962639
gemma2-9b__reasoning_first/test__norag,host,health.kompas.com,21,0,1.0,0.845361,1.0
gemma2-9b__reasoning_first/test__norag,host,megapolitan.kompas.com,12,0,1.0,0.757506,1.0
gemma2-9b__reasoning_first/test__norag,host,nasional.sindonews.com,38,30,0.789474,0.636542,0.889252
gemma2-9b__reasoning_first/test__norag,host,lifestyle.kompas.com,18,1,0.944444,0.742427,0.990125
gemma2-9b__reasoning_first/test__norag,host,inet.detik.com,26,6,0.846154,0.664688,0.9385
gemma2-9b__reasoning_first/test__norag,host,news.detik.com,29,6,0.896552,0.736149,0.964185
gemma2-9b__reasoning_first/test__norag,host,otomotif.kompas.com,21,5,0.666667,0.453735,0.828052
gemma2-9b__reasoning_first/test__norag,host,otomotif.sindonews.com,18,6,0.944444,0.742427,0.990125
gemma2-9b__reasoning_first/test__norag,host,money.kompas.com,8,0,0.875,0.529112,0.977583
gemma2-9b__reasoning_first/test__norag,host,edukasi.sindonews.com,23,8,0.869565,0.678725,0.954623
gemma2-9b__reasoning_first/test__norag,host,surabaya.kompas.com,1,0,1.0,0.206549,1.0
gemma2-9b__reasoning_first/test__norag,host,travel.tempo.co,21,1,0.952381,0.773306,0.991544
gemma2-9b__reasoning_first/test__norag,host,food.detik.com,31,2,0.967742,0.838059,0.994283
gemma2-9b__reasoning_first/test__norag,host,daerah.sindonews.com,12,0,0.833333,0.551969,0.953035
gemma2-9b__reasoning_first/test__norag,host,gaya.tempo.co,23,0,1.0,0.856883,1.0
gemma2-9b__reasoning_first/test__norag,host,finance.detik.com,35,8,0.771429,0.609827,0.879341
gemma2-9b__reasoning_first/test__norag,host,dunia.tempo.co,7,0,1.0,0.64567,1.0
gemma2-9b__reasoning_first/test__norag,host,seleb.tempo.co,11,0,1.0,0.741167,1.0
gemma2-9b__reasoning_first/test__norag,host,sport.detik.com,20,0,1.0,0.838875,1.0
gemma2-9b__reasoning_first/test__norag,host,wolipop.detik.com,10,0,1.0,0.722467,1.0
gemma2-9b__reasoning_first/test__norag,host,ekbis.sindonews.com,13,2,0.769231,0.497436,0.918205
gemma2-9b__reasoning_first/test__norag,host,tekno.kompas.com,6,1,1.0,0.609666,1.0
gemma2-9b__reasoning_first/test__norag,host,nasional.kompas.com,7,0,1.0,0.64567,1.0
gemma2-9b__reasoning_first/test__norag,host,regional.kompas.com,6,0,1.0,0.609666,1.0
gemma2-9b__reasoning_first/test__norag,host,international.sindonews.com,11,0,1.0,0.741167,1.0
gemma2-9b__reasoning_first/test__norag,host,hot.detik.com,17,1,0.882353,0.656636,0.96712
gemma2-9b__reasoning_first/test__norag,host,makassar.kompas.com,1,0,1.0,0.206549,1.0
gemma2-9b__reasoning_first/test__norag,host,sains.sindonews.com,13,0,0.923077,0.66686,0.98629
gemma2-9b__reasoning_first/test__norag,host,go.kompas.com,1,1,1.0,0.206549,1.0
gemma2-9b__reasoning_first/test__norag,host,bola.kompas.com,3,0,1.0,0.438503,1.0
gemma2-9b__reasoning_first/test__norag,host,nasional.tempo.co,1,0,1.0,0.206549,1.0
gemma2-9b__reasoning_first/test__norag,host,bandung.kompas.com,1,0,1.0,0.206549,1.0
gemma2-9b__reasoning_first/test__norag,section,global,13,0,1.0,0.771905,1.0
gemma2-9b__reasoning_first/test__norag,section,skola,9,0,1.0,0.700855,1.0
gemma2-9b__reasoning_first/test__norag,section,sports,179,9,0.98324,0.951891,0.994284
gemma2-9b__reasoning_first/test__norag,section,biz,420,420,1.0,0.990937,1.0
gemma2-9b__reasoning_first/test__norag,section,sport,40,0,1.0,0.912378,1.0
gemma2-9b__reasoning_first/test__norag,section,tekno,67,22,0.880597,0.78168,0.938238
gemma2-9b__reasoning_first/test__norag,section,homey,10,1,0.9,0.59585,0.982124
gemma2-9b__reasoning_first/test__norag,section,tren,9,0,1.0,0.700855,1.0
gemma2-9b__reasoning_first/test__norag,section,siaran-pers,170,170,0.994118,0.967437,0.998961
gemma2-9b__reasoning_first/test__norag,section,lifestyle,59,5,0.932203,0.838245,0.973321
gemma2-9b__reasoning_first/test__norag,section,news,158,6,0.981013,0.945669,0.993522
gemma2-9b__reasoning_first/test__norag,section,globenewswire,364,364,1.0,0.989557,1.0
gemma2-9b__reasoning_first/test__norag,section,oto,11,4,0.909091,0.622642,0.983768
gemma2-9b__reasoning_first/test__norag,section,otomotif,55,12,0.836364,0.717363,0.911446
gemma2-9b__reasoning_first/test__norag,section,entertainment,9,0,1.0,0.700855,1.0
gemma2-9b__reasoning_first/test__norag,section,metro,7,0,1.0,0.64567,1.0
gemma2-9b__reasoning_first/test__norag,section,bola,29,0,1.0,0.88303,1.0
gemma2-9b__reasoning_first/test__norag,section,health,32,1,0.96875,0.842557,0.994462
gemma2-9b__reasoning_first/test__norag,section,bisnis,15,2,0.866667,0.62118,0.962639
gemma2-9b__reasoning_first/test__norag,section,business,16,0,0.875,0.639772,0.965023
gemma2-9b__reasoning_first/test__norag,section,digital,17,4,0.705882,0.468669,0.8672
gemma2-9b__reasoning_first/test__norag,section,megapolitan,12,0,1.0,0.757506,1.0
gemma2-9b__reasoning_first/test__norag,section,edukasi,33,8,0.909091,0.764274,0.968596
gemma2-9b__reasoning_first/test__norag,section,nasional,46,30,0.826087,0.692766,0.909142
gemma2-9b__reasoning_first/test__norag,section,inet,26,6,0.846154,0.664688,0.9385
gemma2-9b__reasoning_first/test__norag,section,money,8,0,0.875,0.529112,0.977583
gemma2-9b__reasoning_first/test__norag,section,surabaya,1,0,1.0,0.206549,1.0
gemma2-9b__reasoning_first/test__norag,section,travel,21,1,0.952381,0.773306,0.991544
gemma2-9b__reasoning_first/test__norag,section,food,52,2,0.980769,0.898795,0.996597
gemma2-9b__reasoning_first/test__norag,section,daerah,12,0,0.833333,0.551969,0.953035
gemma2-9b__reasoning_first/test__norag,section,gaya,23,0,1.0,0.856883,1.0
gemma2-9b__reasoning_first/test__norag,section,showbiz,24,1,0.958333,0.797582,0.992607
gemma2-9b__reasoning_first/test__norag,section,berita,13,0,0.846154,0.577654,0.956742
gemma2-9b__reasoning_first/test__norag,section,properti,10,0,0.9,0.59585,0.982124
gemma2-9b__reasoning_first/test__norag,section,finance,35,8,0.771429,0.609827,0.879341
gemma2-9b__reasoning_first/test__norag,section,trending,4,0,1.0,0.510109,1.0
gemma2-9b__reasoning_first/test__norag,section,dunia,7,0,1.0,0.64567,1.0
gemma2-9b__reasoning_first/test__norag,section,seleb,11,0,1.0,0.741167,1.0
gemma2-9b__reasoning_first/test__norag,section,wolipop,10,0,1.0,0.722467,1.0
gemma2-9b__reasoning_first/test__norag,section,ekbis,13,2,0.769231,0.497436,0.918205
gemma2-9b__reasoning_first/test__norag,section,politics,16,0,1.0,0.806392,1.0
gemma2-9b__reasoning_first/test__norag,section,opinion,9,0,1.0,0.700855,1.0
gemma2-9b__reasoning_first/test__norag,section,gaya-hidup,16,1,0.75,0.505017,0.898179
gemma2-9b__reasoning_first/test__norag,section,regional,6,0,1.0,0.609666,1.0
gemma2-9b__reasoning_first/test__norag,section,ragam,11,0,1.0,0.741167,1.0
gemma2-9b__reasoning_first/test__norag,section,international,11,0,1.0,0.741167,1.0
gemma2-9b__reasoning_first/test__norag,section,hot,17,1,0.882353,0.656636,0.96712
gemma2-9b__reasoning_first/test__norag,section,makassar,1,0,1.0,0.206549,1.0
gemma2-9b__reasoning_first/test__norag,section,sains,13,0,0.923077,0.66686,0.98629
gemma2-9b__reasoning_first/test__norag,section,go,1,1,1.0,0.206549,1.0
gemma2-9b__reasoning_first/test__norag,section,militer,2,0,1.0,0.34238,1.0
gemma2-9b__reasoning_first/test__norag,section,life,7,0,1.0,0.64567,1.0
gemma2-9b__reasoning_first/test__norag,section,sponsored-sections,1,0,0.0,0.0,0.793451
gemma2-9b__reasoning_first/test__norag,section,badminton,1,0,1.0,0.206549,1.0
gemma2-9b__reasoning_first/test__norag,section,edu,2,0,1.0,0.34238,1.0
gemma2-9b__reasoning_first/test__norag,section,bandung,1,0,1.0,0.206549,1.0
gemma2-9b__reasoning_first/test__rag_k5,host,kompas.com,79,1,0.974684,0.912314,0.99303
gemma2-9b__reasoning_first/test__rag_k5,host,thestar.com,717,364,0.997211,0.989887,0.999235
gemma2-9b__reasoning_first/test__rag_k5,host,biz.kompas.com,420,420,0.997619,0.986638,0.99958
gemma2-9b__reasoning_first/test__rag_k5,host,sport.tempo.co,14,0,1.0,0.784689,1.0
gemma2-9b__reasoning_first/test__rag_k5,host,tekno.tempo.co,19,2,0.947368,0.753613,0.990648
gemma2-9b__reasoning_first/test__rag_k5,host,viva.co.id,292,177,0.958904,0.929553,0.976338
gemma2-9b__reasoning_first/test__rag_k5,host,lifestyle.sindonews.com,41,4,0.878049,0.744558,0.946767
gemma2-9b__reasoning_first/test__rag_k5,host,oto.detik.com,11,4,0.909091,0.622642,0.983768
gemma2-9b__reasoning_first/test__rag_k5,host,otomotif.tempo.co,13,0,0.923077,0.66686,0.98629
gemma2-9b__reasoning_first/test__rag_k5,host,tekno.sindonews.com,42,19,0.857143,0.721589,0.93284
gemma2-9b__reasoning_first/test__rag_k5,host,metro.tempo.co,7,0,1.0,0.64567,1.0
gemma2-9b__reasoning_first/test__rag_k5,host,bola.tempo.co,10,0,1.0,0.722467,1.0
gemma2-9b__reasoning_first/test__rag_k5,host,sports.sindonews.com,9,9,0.777778,0.452589,0.936775
gemma2-9b__reasoning_first/test__rag_k5,host,health.detik.com,11,1,0.909091,0.622642,0.983768
gemma2-9b__reasoning_first/test__rag_k5,host,bisnis.tempo.co,15,2,0.8,0.548146,0.929525
gemma2-9b__reasoning_first/test__rag_k5,host,health.kompas.com,21,0,1.0,0.845361,1.0
gemma2-9b__reasoning_first/test__rag_k5,host,megapolitan.kompas.com,12,0,1.0,0.757506,1.0
gemma2-9b__reasoning_first/test__rag_k5,host,nasional.sindonews.com,38,30,0.842105,0.695832,0.925561
gemma2-9b__reasoning_first/test__rag_k5,host,lifestyle.kompas.com,18,1,0.944444,0.742427,0.990125
gemma2-9b__reasoning_first/test__rag_k5,host,inet.detik.com,26,6,0.923077,0.758584,0.978645
gemma2-9b__reasoning_first/test__rag_k5,host,news.detik.com,29,6,0.896552,0.736149,0.964185
gemma2-9b__reasoning_first/test__rag_k5,host,otomotif.kompas.com,21,5,0.666667,0.453735,0.828052
gemma2-9b__reasoning_first/test__rag_k5,host,otomotif.sindonews.com,18,6,0.944444,0.742427,0.990125
gemma2-9b__reasoning_first/test__rag_k5,host,money.kompas.com,8,0,1.0,0.675592,1.0
gemma2-9b__reasoning_first/test__rag_k5,host,edukasi.sindonews.com,23,8,0.913043,0.73204,0.97582
gemma2-9b__reasoning_first/test__rag_k5,host,surabaya.kompas.com,1,0,1.0,0.206549,1.0
gemma2-9b__reasoning_first/test__rag_k5,host,travel.tempo.co,21,1,0.952381,0.773306,0.991544
gemma2-9b__reasoning_first/test__rag_k5,host,food.detik.com,31,2,0.967742,0.838059,0.994283
gemma2-9b__reasoning_first/test__rag_k5,host,daerah.sindonews.com,12,0,0.916667,0.64612,0.985135
gemma2-9b__reasoning_first/test__rag_k5,host,gaya.tempo.co,23,0,1.0,0.856883,1.0
gemma2-9b__reasoning_first/test__rag_k5,host,finance.detik.com,35,8,0.771429,0.609827,0.879341
gemma2-9b__reasoning_first/test__rag_k5,host,dunia.tempo.co,7,0,1.0,0.64567,1.0
gemma2-9b__reasoning_first/test__rag_k5,host,seleb.tempo.co,11,0,1.0,0.741167,1.0
gemma2-9b__reasoning_first/test__rag_k5,host,sport.detik.com,20,0,1.0,0.838875,1.0
gemma2-9b__reasoning_first/test__rag_k5,host,wolipop.detik.com,10,0,1.0,0.722467,1.0
gemma2-9b__reasoning_first/test__rag_k5,host,ekbis.sindonews.com,13,2,0.923077,0.66686,0.98629
gemma2-9b__reasoning_first/test__rag_k5,host,tekno.kompas.com,6,1,1.0,0.609666,1.0
gemma2-9b__reasoning_first/test__rag_k5,host,nasional.kompas.com,7,0,1.0,0.64567,1.0
gemma2-9b__reasoning_first/test__rag_k5,host,regional.kompas.com,6,0,1.0,0.609666,1.0
gemma2-9b__reasoning_first/test__rag_k5,host,international.sindonews.com,11,0,1.0,0.741167,1.0
gemma2-9b__reasoning_first/test__rag_k5,host,hot.detik.com,17,1,0.882353,0.656636,0.96712
gemma2-9b__reasoning_first/test__rag_k5,host,makassar.kompas.com,1,0,1.0,0.206549,1.0
gemma2-9b__reasoning_first/test__rag_k5,host,sains.sindonews.com,13,0,1.0,0.771905,1.0
gemma2-9b__reasoning_first/test__rag_k5,host,go.kompas.com,1,1,1.0,0.206549,1.0
gemma2-9b__reasoning_first/test__rag_k5,host,bola.kompas.com,3,0,1.0,0.438503,1.0
gemma2-9b__reasoning_first/test__rag_k5,host,nasional.tempo.co,1,0,1.0,0.206549,1.0
gemma2-9b__reasoning_first/test__rag_k5,host,bandung.kompas.com,1,0,1.0,0.206549,1.0
gemma2-9b__reasoning_first/test__rag_k5,section,global,13,0,1.0,0.771905,1.0
gemma2-9b__reasoning_first/test__rag_k5,section,skola,9,0,1.0,0.700855,1.0
gemma2-9b__reasoning_first/test__rag_k5,section,sports,179,9,0.988827,0.960183,0.996931
gemma2-9b__reasoning_first/test__rag_k5,section,biz,420,420,0.997619,0.986638,0.99958
gemma2-9b__reasoning_first/test__rag_k5,section,sport,40,0,1.0,0.912378,1.0
gemma2-9b__reasoning_first/test__rag_k5,section,tekno,67,22,0.895522,0.799687,0.948462
gemma2-9b__reasoning_first/test__rag_k5,section,homey,10,1,0.9,0.59585,0.982124
gemma2-9b__reasoning_first/test__rag_k5,section,tren,9,0,1.0,0.700855,1.0
gemma2-9b__reasoning_first/test__rag_k5,section,siaran-pers,170,170,1.0,0.977903,1.0
gemma2-9b__reasoning_first/test__rag_k5,section,lifestyle,59,5,0.898305,0.795362,0.952552
gemma2-9b__reasoning_first/test__rag_k5,section,news,158,6,0.981013,0.945669,0.993522
gemma2-9b__reasoning_first/test__rag_k5,section,globenewswire,364,364,1.0,0.989557,1.0
gemma2-9b__reasoning_first/test__rag_k5,section,oto,11,4,0.909091,0.622642,0.983768
gemma2-9b__reasoning_first/test__rag_k5,section,otomotif,55,12,0.818182,0.696695,0.898123
gemma2-9b__reasoning_first/test__rag_k5,section,entertainment,9,0,1.0,0.700855,1.0
gemma2-9b__reasoning_first/test__rag_k5,section,metro,7,0,1.0,0.64567,1.0
gemma2-9b__reasoning_first/test__rag_k5,section,bola,29,0,1.0,0.88303,1.0
gemma2-9b__reasoning_first/test__rag_k5,section,health,32,1,0.96875,0.842557,0.994462
gemma2-9b__reasoning_first/test__rag_k5,section,bisnis,15,2,0.8,0.548146,0.929525
gemma2-9b__reasoning_first/test__rag_k5,section,business,16,0,0.9375,0.716713,0.988881
gemma2-9b__reasoning_first/test__rag_k5,section,digital,17,4,0.647059,0.413004,0.826903
gemma2-9b__reasoning_first/test__rag_k5,section,megapolitan,12,0,1.0,0.757506,1.0
gemma2-9b__reasoning_first/test__rag_k5,section,edukasi,33,8,0.939394,0.803938,0.983219
gemma2-9b__reasoning_first/test__rag_k5,section,nasional,46,30,0.869565,0.743341,0.938822
gemma2-9b__reasoning_first/test__rag_k5,section,inet,26,6,0.923077,0.758584,0.978645
gemma2-9b__reasoning_first/test__rag_k5,section,money,8,0,1.0,0.675592,1.0
gemma2-9b__reasoning_first/test__rag_k5,section,surabaya,1,0,1.0,0.206549,1.0
gemma2-9b__reasoning_first/test__rag_k5,section,travel,21,1,0.952381,0.773306,0.991544
gemma2-9b__reasoning_first/test__rag_k5,section,food,52,2,0.980769,0.898795,0.996597
gemma2-9b__reasoning_first/test__rag_k5,section,daerah,12,0,0.916667,0.64612,0.985135
gemma2-9b__reasoning_first/test__rag_k5,section,gaya,23,0,1.0,0.856883,1.0
gemma2-9b__reasoning_first/test__rag_k5,section,showbiz,24,1,0.958333,0.797582,0.992607
gemma2-9b__reasoning_first/test__rag_k5,section,berita,13,0,1.0,0.771905,1.0
gemma2-9b__reasoning_first/test__rag_k5,section,properti,10,0,0.9,0.59585,0.982124
gemma2-9b__reasoning_first/test__rag_k5,section,finance,35,8,0.771429,0.609827,0.879341
gemma2-9b__reasoning_first/test__rag_k5,section,trending,4,0,1.0,0.510109,1.0
gemma2-9b__reasoning_first/test__rag_k5,section,dunia,7,0,1.0,0.64567,1.0
gemma2-9b__reasoning_first/test__rag_k5,section,seleb,11,0,1.0,0.741167,1.0
gemma2-9b__reasoning_first/test__rag_k5,section,wolipop,10,0,1.0,0.722467,1.0
gemma2-9b__reasoning_first/test__rag_k5,section,ekbis,13,2,0.923077,0.66686,0.98629
gemma2-9b__reasoning_first/test__rag_k5,section,politics,16,0,1.0,0.806392,1.0
gemma2-9b__reasoning_first/test__rag_k5,section,opinion,9,0,1.0,0.700855,1.0
gemma2-9b__reasoning_first/test__rag_k5,section,gaya-hidup,16,1,0.75,0.505017,0.898179
gemma2-9b__reasoning_first/test__rag_k5,section,regional,6,0,1.0,0.609666,1.0
gemma2-9b__reasoning_first/test__rag_k5,section,ragam,11,0,1.0,0.741167,1.0
gemma2-9b__reasoning_first/test__rag_k5,section,international,11,0,1.0,0.741167,1.0
gemma2-9b__reasoning_first/test__rag_k5,section,hot,17,1,0.882353,0.656636,0.96712
gemma2-9b__reasoning_first/test__rag_k5,section,makassar,1,0,1.0,0.206549,1.0
gemma2-9b__reasoning_first/test__rag_k5,section,sains,13,0,1.0,0.771905,1.0
gemma2-9b__reasoning_first/test__rag_k5,section,go,1,1,1.0,0.206549,1.0
gemma2-9b__reasoning_first/test__rag_k5,section,militer,2,0,1.0,0.34238,1.0
gemma2-9b__reasoning_first/test__rag_k5,section,life,7,0,1.0,0.64567,1.0
gemma2-9b__reasoning_first/test__rag_k5,section,sponsored-sections,1,0,0.0,0.0,0.793451
gemma2-9b__reasoning_first/test__rag_k5,section,badminton,1,0,1.0,0.206549,1.0
gemma2-9b__reasoning_first/test__rag_k5,section,edu,2,0,1.0,0.34238,1.0
gemma2-9b__reasoning_first/test__rag_k5,section,bandung,1,0,1.0,0.206549,1.0
gemma2-9b__reasoning_first/test_xsource__norag,host,cnnindonesia.com,2367,1205,0.826362,0.810577,0.841091
gemma2-9b__reasoning_first/test_xsource__norag,section,teknologi,193,111,0.84456,0.786775,0.888896
gemma2-9b__reasoning_first/test_xsource__norag,section,olahraga,291,17,0.969072,0.942276,0.983645
gemma2-9b__reasoning_first/test_xsource__norag,section,internasional,216,90,0.875,0.824242,0.912653
gemma2-9b__reasoning_first/test_xsource__norag,section,nasional,749,383,0.810414,0.780786,0.836874
gemma2-9b__reasoning_first/test_xsource__norag,section,ekonomi,299,168,0.789298,0.739552,0.831704
gemma2-9b__reasoning_first/test_xsource__norag,section,otomotif,16,1,0.75,0.505017,0.898179
gemma2-9b__reasoning_first/test_xsource__norag,section,hiburan,182,103,0.769231,0.702835,0.824496
gemma2-9b__reasoning_first/test_xsource__norag,section,gaya-hidup,416,332,0.774038,0.731449,0.811614
gemma2-9b__reasoning_first/test_xsource__norag,section,edukasi,5,0,1.0,0.565518,1.0
gemma2-9b__reasoning_first/test_xsource__rag_k5,host,cnnindonesia.com,2367,1205,0.799747,0.783145,0.815377
gemma2-9b__reasoning_first/test_xsource__rag_k5,section,teknologi,193,111,0.870466,0.815774,0.910699
gemma2-9b__reasoning_first/test_xsource__rag_k5,section,olahraga,291,17,0.972509,0.946699,0.986005
gemma2-9b__reasoning_first/test_xsource__rag_k5,section,internasional,216,90,0.819444,0.762711,0.865014
gemma2-9b__reasoning_first/test_xsource__rag_k5,section,nasional,749,383,0.791722,0.761188,0.819279
gemma2-9b__reasoning_first/test_xsource__rag_k5,section,ekonomi,299,168,0.735786,0.683047,0.782544
gemma2-9b__reasoning_first/test_xsource__rag_k5,section,otomotif,16,1,0.6875,0.444044,0.858354
gemma2-9b__reasoning_first/test_xsource__rag_k5,section,hiburan,182,103,0.741758,0.673638,0.799884
gemma2-9b__reasoning_first/test_xsource__rag_k5,section,gaya-hidup,416,332,0.723558,0.678683,0.764341
gemma2-9b__reasoning_first/test_xsource__rag_k5,section,edukasi,5,0,1.0,0.565518,1.0
gemma3-12b__reasoning_first/test__norag,host,kompas.com,79,1,0.974684,0.912314,0.99303
gemma3-12b__reasoning_first/test__norag,host,thestar.com,717,364,0.997211,0.989887,0.999235
gemma3-12b__reasoning_first/test__norag,host,biz.kompas.com,420,420,0.997619,0.986638,0.99958
gemma3-12b__reasoning_first/test__norag,host,sport.tempo.co,14,0,1.0,0.784689,1.0
gemma3-12b__reasoning_first/test__norag,host,tekno.tempo.co,19,2,0.894737,0.686059,0.970641
gemma3-12b__reasoning_first/test__norag,host,viva.co.id,292,177,0.958904,0.929553,0.976338
gemma3-12b__reasoning_first/test__norag,host,lifestyle.sindonews.com,41,4,0.97561,0.874049,0.995681
gemma3-12b__reasoning_first/test__norag,host,oto.detik.com,11,4,0.909091,0.622642,0.983768
gemma3-12b__reasoning_first/test__norag,host,otomotif.tempo.co,13,0,0.923077,0.66686,0.98629
gemma3-12b__reasoning_first/test__norag,host,tekno.sindonews.com,42,19,0.833333,0.69396,0.916841
gemma3-12b__reasoning_first/test__norag,host,metro.tempo.co,7,0,1.0,0.64567,1.0
gemma3-12b__reasoning_first/test__norag,host,bola.tempo.co,10,0,1.0,0.722467,1.0
gemma3-12b__reasoning_first/test__norag,host,sports.sindonews.com,9,9,0.777778,0.452589,0.936775
gemma3-12b__reasoning_first/test__norag,host,health.detik.com,11,1,0.909091,0.622642,0.983768
gemma3-12b__reasoning_first/test__norag,host,bisnis.tempo.co,15,2,0.866667,0.62118,0.962639
gemma3-12b__reasoning_first/test__norag,host,health.kompas.com,21,0,1.0,0.845361,1.0
gemma3-12b__reasoning_first/test__norag,host,megapolitan.kompas.com,12,0,1.0,0.757506,1.0
gemma3-12b__reasoning_first/test__norag,host,nasional.sindonews.com,38,30,0.894737,0.758695,0.958297
gemma3-12b__reasoning_first/test__norag,host,lifestyle.kompas.com,18,1,1.0,0.824121,1.0
gemma3-12b__reasoning_first/test__norag,host,inet.detik.com,26,6,0.923077,0.758584,0.978645
gemma3-12b__reasoning_first/test__norag,host,news.detik.com,29,6,0.931034,0.780354,0.980879
gemma3-12b__reasoning_first/test__norag,host,otomotif.kompas.com,21,5,0.666667,0.453735,0.828052
gemma3-12b__reasoning_first/test__norag,host,otomotif.sindonews.com,18,6,1.0,0.824121,1.0
gemma3-12b__reasoning_first/test__norag,host,money.kompas.com,8,0,1.0,0.675592,1.0
gemma3-12b__reasoning_first/test__norag,host,edukasi.sindonews.com,23,8,0.913043,0.73204,0.97582
gemma3-12b__reasoning_first/test__norag,host,surabaya.kompas.com,1,0,1.0,0.206549,1.0
gemma3-12b__reasoning_first/test__norag,host,travel.tempo.co,21,1,0.952381,0.773306,0.991544
gemma3-12b__reasoning_first/test__norag,host,food.detik.com,31,2,0.967742,0.838059,0.994283
gemma3-12b__reasoning_first/test__norag,host,daerah.sindonews.com,12,0,0.916667,0.64612,0.985135
gemma3-12b__reasoning_first/test__norag,host,gaya.tempo.co,23,0,1.0,0.856883,1.0
gemma3-12b__reasoning_first/test__norag,host,finance.detik.com,35,8,0.742857,0.579307,0.85837
gemma3-12b__reasoning_first/test__norag,host,dunia.tempo.co,7,0,1.0,0.64567,1.0
gemma3-12b__reasoning_first/test__norag,host,seleb.tempo.co,11,0,1.0,0.741167,1.0
gemma3-12b__reasoning_first/test__norag,host,sport.detik.com,20,0,1.0,0.838875,1.0
gemma3-12b__reasoning_first/test__norag,host,wolipop.detik.com,10,0,1.0,0.722467,1.0
gemma3-12b__reasoning_first/test__norag,host,ekbis.sindonews.com,13,2,0.846154,0.577654,0.956742
gemma3-12b__reasoning_first/test__norag,host,tekno.kompas.com,6,1,1.0,0.609666,1.0
gemma3-12b__reasoning_first/test__norag,host,nasional.kompas.com,7,0,0.857143,0.486872,0.97432
gemma3-12b__reasoning_first/test__norag,host,regional.kompas.com,6,0,1.0,0.609666,1.0
gemma3-12b__reasoning_first/test__norag,host,international.sindonews.com,11,0,1.0,0.741167,1.0
gemma3-12b__reasoning_first/test__norag,host,hot.detik.com,17,1,0.941176,0.73018,0.98954
gemma3-12b__reasoning_first/test__norag,host,makassar.kompas.com,1,0,1.0,0.206549,1.0
gemma3-12b__reasoning_first/test__norag,host,sains.sindonews.com,13,0,0.923077,0.66686,0.98629
gemma3-12b__reasoning_first/test__norag,host,go.kompas.com,1,1,1.0,0.206549,1.0
gemma3-12b__reasoning_first/test__norag,host,bola.kompas.com,3,0,1.0,0.438503,1.0
gemma3-12b__reasoning_first/test__norag,host,nasional.tempo.co,1,0,1.0,0.206549,1.0
gemma3-12b__reasoning_first/test__norag,host,bandung.kompas.com,1,0,1.0,0.206549,1.0
gemma3-12b__reasoning_first/test__norag,section,global,13,0,1.0,0.771905,1.0
gemma3-12b__reasoning_first/test__norag,section,skola,9,0,1.0,0.700855,1.0
gemma3-12b__reasoning_first/test__norag,section,sports,179,9,0.988827,0.960183,0.996931
gemma3-12b__reasoning_first/test__norag,section,biz,420,420,0.997619,0.986638,0.99958
gemma3-12b__reasoning_first/test__norag,section,sport,40,0,1.0,0.912378,1.0
gemma3-12b__reasoning_first/test__norag,section,tekno,67,22,0.865672,0.763996,0.927689
gemma3-12b__reasoning_first/test__norag,section,homey,10,1,0.9,0.59585,0.982124
gemma3-12b__reasoning_first/test__norag,section,tren,9,0,1.0,0.700855,1.0
gemma3-12b__reasoning_first/test__norag,section,siaran-pers,170,170,0.976471,0.941071,0.990813
gemma3-12b__reasoning_first/test__norag,section,lifestyle,59,5,0.983051,0.910043,0.997002
gemma3-12b__reasoning_first/test__norag,section,news,158,6,0.987342,0.955027,0.996522
gemma3-12b__reasoning_first/test__norag,section,globenewswire,364,364,1.0,0.989557,1.0
gemma3-12b__reasoning_first/test__norag,section,oto,11,4,0.909091,0.622642,0.983768
gemma3-12b__reasoning_first/test__norag,section,otomotif,55,12,0.836364,0.717363,0.911446
gemma3-12b__reasoning_first/test__norag,section,entertainment,9,0,1.0,0.700855,1.0
gemma3-12b__reasoning_first/test__norag,section,metro,7,0,1.0,0.64567,1.0
gemma3-12b__reasoning_first/test__norag,section,bola,29,0,1.0,0.88303,1.0
gemma3-12b__reasoning_first/test__norag,section,health,32,1,0.96875,0.842557,0.994462
gemma3-12b__reasoning_first/test__norag,section,bisnis,15,2,0.866667,0.62118,0.962639
gemma3-12b__reasoning_first/test__norag,section,business,16,0,0.9375,0.716713,0.988881
gemma3-12b__reasoning_first/test__norag,section,digital,17,4,0.882353,0.656636,0.96712
gemma3-12b__reasoning_first/test__norag,section,megapolitan,12,0,1.0,0.757506,1.0
gemma3-12b__reasoning_first/test__norag,section,edukasi,33,8,0.939394,0.803938,0.983219
gemma3-12b__reasoning_first/test__norag,section,nasional,46,30,0.891304,0.769622,0.952669
gemma3-12b__reasoning_first/test__norag,section,inet,26,6,0.923077,0.758584,0.978645
gemma3-12b__reasoning_first/test__norag,section,money,8,0,1.0,0.675592,1.0
gemma3-12b__reasoning_first/test__norag,section,surabaya,1,0,1.0,0.206549,1.0
gemma3-12b__reasoning_first/test__norag,section,travel,21,1,0.952381,0.773306,0.991544
gemma3-12b__reasoning_first/test__norag,section,food,52,2,0.980769,0.898795,0.996597
gemma3-12b__reasoning_first/test__norag,section,daerah,12,0,0.916667,0.64612,0.985135
gemma3-12b__reasoning_first/test__norag,section,gaya,23,0,1.0,0.856883,1.0
gemma3-12b__reasoning_first/test__norag,section,showbiz,24,1,0.958333,0.797582,0.992607
gemma3-12b__reasoning_first/test__norag,section,berita,13,0,0.846154,0.577654,0.956742
gemma3-12b__reasoning_first/test__norag,section,properti,10,0,0.9,0.59585,0.982124
gemma3-12b__reasoning_first/test__norag,section,finance,35,8,0.742857,0.579307,0.85837
gemma3-12b__reasoning_first/test__norag,section,trending,4,0,1.0,0.510109,1.0
gemma3-12b__reasoning_first/test__norag,section,dunia,7,0,1.0,0.64567,1.0
gemma3-12b__reasoning_first/test__norag,section,seleb,11,0,1.0,0.741167,1.0
gemma3-12b__reasoning_first/test__norag,section,wolipop,10,0,1.0,0.722467,1.0
gemma3-12b__reasoning_first/test__norag,section,ekbis,13,2,0.846154,0.577654,0.956742
gemma3-12b__reasoning_first/test__norag,section,politics,16,0,1.0,0.806392,1.0
gemma3-12b__reasoning_first/test__norag,section,opinion,9,0,1.0,0.700855,1.0
gemma3-12b__reasoning_first/test__norag,section,gaya-hidup,16,1,0.875,0.639772,0.965023
gemma3-12b__reasoning_first/test__norag,section,regional,6,0,1.0,0.609666,1.0
gemma3-12b__reasoning_first/test__norag,section,ragam,11,0,1.0,0.741167,1.0
gemma3-12b__reasoning_first/test__norag,section,international,11,0,1.0,0.741167,1.0
gemma3-12b__reasoning_first/test__norag,section,hot,17,1,0.941176,0.73018,0.98954
gemma3-12b__reasoning_first/test__norag,section,makassar,1,0,1.0,0.206549,1.0
gemma3-12b__reasoning_first/test__norag,section,sains,13,0,0.923077,0.66686,0.98629
gemma3-12b__reasoning_first/test__norag,section,go,1,1,1.0,0.206549,1.0
gemma3-12b__reasoning_first/test__norag,section,militer,2,0,1.0,0.34238,1.0
gemma3-12b__reasoning_first/test__norag,section,life,7,0,1.0,0.64567,1.0
gemma3-12b__reasoning_first/test__norag,section,sponsored-sections,1,0,0.0,0.0,0.793451
gemma3-12b__reasoning_first/test__norag,section,badminton,1,0,1.0,0.206549,1.0
gemma3-12b__reasoning_first/test__norag,section,edu,2,0,1.0,0.34238,1.0
gemma3-12b__reasoning_first/test__norag,section,bandung,1,0,1.0,0.206549,1.0
gemma3-12b__reasoning_first/test__rag_k5,host,kompas.com,79,1,0.974684,0.912314,0.99303
gemma3-12b__reasoning_first/test__rag_k5,host,thestar.com,717,364,0.997211,0.989887,0.999235
gemma3-12b__reasoning_first/test__rag_k5,host,biz.kompas.com,420,420,1.0,0.990937,1.0
gemma3-12b__reasoning_first/test__rag_k5,host,sport.tempo.co,14,0,1.0,0.784689,1.0
gemma3-12b__reasoning_first/test__rag_k5,host,tekno.tempo.co,19,2,0.894737,0.686059,0.970641
gemma3-12b__reasoning_first/test__rag_k5,host,viva.co.id,292,177,0.969178,0.94247,0.983701
gemma3-12b__reasoning_first/test__rag_k5,host,lifestyle.sindonews.com,41,4,0.926829,0.805726,0.974802
gemma3-12b__reasoning_first/test__rag_k5,host,oto.detik.com,11,4,0.909091,0.622642,0.983768
gemma3-12b__reasoning_first/test__rag_k5,host,otomotif.tempo.co,13,0,0.923077,0.66686,0.98629
gemma3-12b__reasoning_first/test__rag_k5,host,tekno.sindonews.com,42,19,0.833333,0.69396,0.916841
gemma3-12b__reasoning_first/test__rag_k5,host,metro.tempo.co,7,0,1.0,0.64567,1.0
gemma3-12b__reasoning_first/test__rag_k5,host,bola.tempo.co,10,0,1.0,0.722467,1.0
gemma3-12b__reasoning_first/test__rag_k5,host,sports.sindonews.com,9,9,0.777778,0.452589,0.936775
gemma3-12b__reasoning_first/test__rag_k5,host,health.detik.com,11,1,0.909091,0.622642,0.983768
gemma3-12b__reasoning_first/test__rag_k5,host,bisnis.tempo.co,15,2,0.866667,0.62118,0.962639
gemma3-12b__reasoning_first/test__rag_k5,host,health.kompas.com,21,0,1.0,0.845361,1.0
gemma3-12b__reasoning_first/test__rag_k5,host,megapolitan.kompas.com,12,0,1.0,0.757506,1.0
gemma3-12b__reasoning_first/test__rag_k5,host,nasional.sindonews.com,38,30,0.894737,0.758695,0.958297
gemma3-12b__reasoning_first/test__rag_k5,host,lifestyle.kompas.com,18,1,1.0,0.824121,1.0
gemma3-12b__reasoning_first/test__rag_k5,host,inet.detik.com,26,6,0.923077,0.758584,0.978645
gemma3-12b__reasoning_first/test__rag_k5,host,news.detik.com,29,6,0.931034,0.780354,0.980879
gemma3-12b__reasoning_first/test__rag_k5,host,otomotif.kompas.com,21,5,0.666667,0.453735,0.828052
gemma3-12b__reasoning_first/test__rag_k5,host,otomotif.sindonews.com,18,6,1.0,0.824121,1.0
gemma3-12b__reasoning_first/test__rag_k5,host,money.kompas.com,8,0,1.0,0.675592,1.0
gemma3-12b__reasoning_first/test__rag_k5,host,edukasi.sindonews.com,23,8,0.869565,0.678725,0.954623
gemma3-12b__reasoning_first/test__rag_k5,host,surabaya.kompas.com,1,0,1.0,0.206549,1.0
gemma3-12b__reasoning_first/test__rag_k5,host,travel.tempo.co,21,1,0.952381,0.773306,0.991544
gemma3-12b__reasoning_first/test__rag_k5,host,food.detik.com,31,2,0.967742,0.838059,0.994283
gemma3-12b__reasoning_first/test__rag_k5,host,daerah.sindonews.com,12,0,0.916667,0.64612,0.985135
gemma3-12b__reasoning_first/test__rag_k5,host,gaya.tempo.co,23,0,1.0,0.856883,1.0
gemma3-12b__reasoning_first/test__rag_k5,host,finance.detik.com,35,8,0.771429,0.609827,0.879341
gemma3-12b__reasoning_first/test__rag_k5,host,dunia.tempo.co,7,0,1.0,0.64567,1.0
gemma3-12b__reasoning_first/test__rag_k5,host,seleb.tempo.co,11,0,1.0,0.741167,1.0
gemma3-12b__reasoning_first/test__rag_k5,host,sport.detik.com,20,0,1.0,0.838875,1.0
gemma3-12b__reasoning_first/test__rag_k5,host,wolipop.detik.com,10,0,1.0,0.722467,1.0
gemma3-12b__reasoning_first/test__rag_k5,host,ekbis.sindonews.com,13,2,0.923077,0.66686,0.98629
gemma3-12b__reasoning_first/test__rag_k5,host,tekno.kompas.com,6,1,1.0,0.609666,1.0
gemma3-12b__reasoning_first/test__rag_k5,host,nasional.kompas.com,7,0,1.0,0.64567,1.0
gemma3-12b__reasoning_first/test__rag_k5,host,regional.kompas.com,6,0,1.0,0.609666,1.0
gemma3-12b__reasoning_first/test__rag_k5,host,international.sindonews.com,11,0,1.0,0.741167,1.0
gemma3-12b__reasoning_first/test__rag_k5,host,hot.detik.com,17,1,0.941176,0.73018,0.98954
gemma3-12b__reasoning_first/test__rag_k5,host,makassar.kompas.com,1,0,1.0,0.206549,1.0
gemma3-12b__reasoning_first/test__rag_k5,host,sains.sindonews.com,13,0,1.0,0.771905,1.0
gemma3-12b__reasoning_first/test__rag_k5,host,go.kompas.com,1,1,1.0,0.206549,1.0
gemma3-12b__reasoning_first/test__rag_k5,host,bola.kompas.com,3,0,1.0,0.438503,1.0
gemma3-12b__reasoning_first/test__rag_k5,host,nasional.tempo.co,1,0,1.0,0.206549,1.0
gemma3-12b__reasoning_first/test__rag_k5,host,bandung.kompas.com,1,0,1.0,0.206549,1.0
gemma3-12b__reasoning_first/test__rag_k5,section,global,13,0,1.0,0.771905,1.0
gemma3-12b__reasoning_first/test__rag_k5,section,skola,9,0,1.0,0.700855,1.0
gemma3-12b__reasoning_first/test__rag_k5,section,sports,179,9,0.988827,0.960183,0.996931
gemma3-12b__reasoning_first/test__rag_k5,section,biz,420,420,1.0,0.990937,1.0
gemma3-12b__reasoning_first/test__rag_k5,section,sport,40,0,1.0,0.912378,1.0
gemma3-12b__reasoning_first/test__rag_k5,section,tekno,67,22,0.865672,0.763996,0.927689
gemma3-12b__reasoning_first/test__rag_k5,section,homey,10,1,0.9,0.59585,0.982124
gemma3-12b__reasoning_first/test__rag_k5,section,tren,9,0,1.0,0.700855,1.0
gemma3-12b__reasoning_first/test__rag_k5,section,siaran-pers,170,170,0.994118,0.967437,0.998961
gemma3-12b__reasoning_first/test__rag_k5,section,lifestyle,59,5,0.949153,0.860835,0.982557
gemma3-12b__reasoning_first/test__rag_k5,section,news,158,6,0.987342,0.955027,0.996522
gemma3-12b__reasoning_first/test__rag_k5,section,globenewswire,364,364,1.0,0.989557,1.0
gemma3-12b__reasoning_first/test__rag_k5,section,oto,11,4,0.909091,0.622642,0.983768
gemma3-12b__reasoning_first/test__rag_k5,section,otomotif,55,12,0.836364,0.717363,0.911446
gemma3-12b__reasoning_first/test__rag_k5,section,entertainment,9,0,1.0,0.700855,1.0
gemma3-12b__reasoning_first/test__rag_k5,section,metro,7,0,1.0,0.64567,1.0
gemma3-12b__reasoning_first/test__rag_k5,section,bola,29,0,1.0,0.88303,1.0
gemma3-12b__reasoning_first/test__rag_k5,section,health,32,1,0.96875,0.842557,0.994462
gemma3-12b__reasoning_first/test__rag_k5,section,bisnis,15,2,0.866667,0.62118,0.962639
gemma3-12b__reasoning_first/test__rag_k5,section,business,16,0,0.9375,0.716713,0.988881
gemma3-12b__reasoning_first/test__rag_k5,section,digital,17,4,0.882353,0.656636,0.96712
gemma3-12b__reasoning_first/test__rag_k5,section,megapolitan,12,0,1.0,0.757506,1.0
gemma3-12b__reasoning_first/test__rag_k5,section,edukasi,33,8,0.909091,0.764274,0.968596
gemma3-12b__reasoning_first/test__rag_k5,section,nasional,46,30,0.913043,0.796753,0.965664
gemma3-12b__reasoning_first/test__rag_k5,section,inet,26,6,0.923077,0.758584,0.978645
gemma3-12b__reasoning_first/test__rag_k5,section,money,8,0,1.0,0.675592,1.0
gemma3-12b__reasoning_first/test__rag_k5,section,surabaya,1,0,1.0,0.206549,1.0
gemma3-12b__reasoning_first/test__rag_k5,section,travel,21,1,0.952381,0.773306,0.991544
gemma3-12b__reasoning_first/test__rag_k5,section,food,52,2,0.980769,0.898795,0.996597
gemma3-12b__reasoning_first/test__rag_k5,section,daerah,12,0,0.916667,0.64612,0.985135
gemma3-12b__reasoning_first/test__rag_k5,section,gaya,23,0,1.0,0.856883,1.0
gemma3-12b__reasoning_first/test__rag_k5,section,showbiz,24,1,0.916667,0.741512,0.976841
gemma3-12b__reasoning_first/test__rag_k5,section,berita,13,0,0.923077,0.66686,0.98629
gemma3-12b__reasoning_first/test__rag_k5,section,properti,10,0,0.9,0.59585,0.982124
gemma3-12b__reasoning_first/test__rag_k5,section,finance,35,8,0.771429,0.609827,0.879341
gemma3-12b__reasoning_first/test__rag_k5,section,trending,4,0,1.0,0.510109,1.0
gemma3-12b__reasoning_first/test__rag_k5,section,dunia,7,0,1.0,0.64567,1.0
gemma3-12b__reasoning_first/test__rag_k5,section,seleb,11,0,1.0,0.741167,1.0
gemma3-12b__reasoning_first/test__rag_k5,section,wolipop,10,0,1.0,0.722467,1.0
gemma3-12b__reasoning_first/test__rag_k5,section,ekbis,13,2,0.923077,0.66686,0.98629
gemma3-12b__reasoning_first/test__rag_k5,section,politics,16,0,1.0,0.806392,1.0
gemma3-12b__reasoning_first/test__rag_k5,section,opinion,9,0,1.0,0.700855,1.0
gemma3-12b__reasoning_first/test__rag_k5,section,gaya-hidup,16,1,0.875,0.639772,0.965023
gemma3-12b__reasoning_first/test__rag_k5,section,regional,6,0,1.0,0.609666,1.0
gemma3-12b__reasoning_first/test__rag_k5,section,ragam,11,0,1.0,0.741167,1.0
gemma3-12b__reasoning_first/test__rag_k5,section,international,11,0,1.0,0.741167,1.0
gemma3-12b__reasoning_first/test__rag_k5,section,hot,17,1,0.941176,0.73018,0.98954
gemma3-12b__reasoning_first/test__rag_k5,section,makassar,1,0,1.0,0.206549,1.0
gemma3-12b__reasoning_first/test__rag_k5,section,sains,13,0,1.0,0.771905,1.0
gemma3-12b__reasoning_first/test__rag_k5,section,go,1,1,1.0,0.206549,1.0
gemma3-12b__reasoning_first/test__rag_k5,section,militer,2,0,1.0,0.34238,1.0
gemma3-12b__reasoning_first/test__rag_k5,section,life,7,0,1.0,0.64567,1.0
gemma3-12b__reasoning_first/test__rag_k5,section,sponsored-sections,1,0,0.0,0.0,0.793451
gemma3-12b__reasoning_first/test__rag_k5,section,badminton,1,0,1.0,0.206549,1.0
gemma3-12b__reasoning_first/test__rag_k5,section,edu,2,0,1.0,0.34238,1.0
gemma3-12b__reasoning_first/test__rag_k5,section,bandung,1,0,1.0,0.206549,1.0
gemma3-12b__reasoning_first/test_xsource__norag,host,cnnindonesia.com,2367,1205,0.785805,0.768821,0.801862
gemma3-12b__reasoning_first/test_xsource__norag,section,teknologi,193,111,0.870466,0.815774,0.910699
gemma3-12b__reasoning_first/test_xsource__norag,section,olahraga,291,17,0.958763,0.929316,0.976256
gemma3-12b__reasoning_first/test_xsource__norag,section,internasional,216,90,0.856481,0.80349,0.897015
gemma3-12b__reasoning_first/test_xsource__norag,section,nasional,749,383,0.70227,0.668558,0.733917
gemma3-12b__reasoning_first/test_xsource__norag,section,ekonomi,299,168,0.719064,0.665588,0.766982
gemma3-12b__reasoning_first/test_xsource__norag,section,otomotif,16,1,0.8125,0.569911,0.934084
gemma3-12b__reasoning_first/test_xsource__norag,section,hiburan,182,103,0.769231,0.702835,0.824496
gemma3-12b__reasoning_first/test_xsource__norag,section,gaya-hidup,416,332,0.790865,0.749211,0.827197
gemma3-12b__reasoning_first/test_xsource__norag,section,edukasi,5,0,1.0,0.565518,1.0
gemma3-12b__reasoning_first/test_xsource__rag_k5,host,cnnindonesia.com,2367,1205,0.792142,0.775328,0.808009
gemma3-12b__reasoning_first/test_xsource__rag_k5,section,teknologi,193,111,0.875648,0.82164,0.914994
gemma3-12b__reasoning_first/test_xsource__rag_k5,section,olahraga,291,17,0.955326,0.925079,0.973709
gemma3-12b__reasoning_first/test_xsource__rag_k5,section,internasional,216,90,0.847222,0.793212,0.889098
gemma3-12b__reasoning_first/test_xsource__rag_k5,section,nasional,749,383,0.726302,0.693277,0.757017
gemma3-12b__reasoning_first/test_xsource__rag_k5,section,ekonomi,299,168,0.765886,0.714704,0.810324
gemma3-12b__reasoning_first/test_xsource__rag_k5,section,otomotif,16,1,0.8125,0.569911,0.934084
gemma3-12b__reasoning_first/test_xsource__rag_k5,section,hiburan,182,103,0.774725,0.708716,0.829377
gemma3-12b__reasoning_first/test_xsource__rag_k5,section,gaya-hidup,416,332,0.752404,0.708744,0.791445
gemma3-12b__reasoning_first/test_xsource__rag_k5,section,edukasi,5,0,1.0,0.565518,1.0
gemma3-1b__reasoning_first/test__norag,host,kompas.com,79,1,0.936709,0.860251,0.972665
gemma3-1b__reasoning_first/test__norag,host,thestar.com,717,364,0.986053,0.974519,0.992407
gemma3-1b__reasoning_first/test__norag,host,biz.kompas.com,420,420,0.997619,0.986638,0.99958
gemma3-1b__reasoning_first/test__norag,host,sport.tempo.co,14,0,1.0,0.784689,1.0
gemma3-1b__reasoning_first/test__norag,host,tekno.tempo.co,19,2,0.894737,0.686059,0.970641
gemma3-1b__reasoning_first/test__norag,host,viva.co.id,292,177,0.880137,0.837862,0.91254
gemma3-1b__reasoning_first/test__norag,host,lifestyle.sindonews.com,41,4,0.829268,0.687374,0.914747
gemma3-1b__reasoning_first/test__norag,host,oto.detik.com,11,4,0.818182,0.523019,0.948632
gemma3-1b__reasoning_first/test__norag,host,otomotif.tempo.co,13,0,0.923077,0.66686,0.98629
gemma3-1b__reasoning_first/test__norag,host,tekno.sindonews.com,42,19,0.809524,0.666992,0.90018
gemma3-1b__reasoning_first/test__norag,host,metro.tempo.co,7,0,1.0,0.64567,1.0
gemma3-1b__reasoning_first/test__norag,host,bola.tempo.co,10,0,1.0,0.722467,1.0
gemma3-1b__reasoning_first/test__norag,host,sports.sindonews.com,9,9,0.777778,0.452589,0.936775
gemma3-1b__reasoning_first/test__norag,host,health.detik.com,11,1,0.818182,0.523019,0.948632
gemma3-1b__reasoning_first/test__norag,host,bisnis.tempo.co,15,2,0.733333,0.480496,0.891025
gemma3-1b__reasoning_first/test__norag,host,health.kompas.com,21,0,0.904762,0.710859,0.973481
gemma3-1b__reasoning_first/test__norag,host,megapolitan.kompas.com,12,0,0.916667,0.64612,0.985135
gemma3-1b__reasoning_first/test__norag,host,nasional.sindonews.com,38,30,0.815789,0.665811,0.907782
gemma3-1b__reasoning_first/test__norag,host,lifestyle.kompas.com,18,1,0.944444,0.742427,0.990125
gemma3-1b__reasoning_first/test__norag,host,inet.detik.com,26,6,0.923077,0.758584,0.978645
gemma3-1b__reasoning_first/test__norag,host,news.detik.com,29,6,0.896552,0.736149,0.964185
gemma3-1b__reasoning_first/test__norag,host,otomotif.kompas.com,21,5,0.714286,0.500436,0.861861
gemma3-1b__reasoning_first/test__norag,host,otomotif.sindonews.com,18,6,1.0,0.824121,1.0
gemma3-1b__reasoning_first/test__norag,host,money.kompas.com,8,0,0.375,0.136844,0.694258
gemma3-1b__reasoning_first/test__norag,host,edukasi.sindonews.com,23,8,0.826087,0.628624,0.930213
gemma3-1b__reasoning_first/test__norag,host,surabaya.kompas.com,1,0,1.0,0.206549,1.0
gemma3-1b__reasoning_first/test__norag,host,travel.tempo.co,21,1,0.857143,0.653639,0.95019
gemma3-1b__reasoning_first/test__norag,host,food.detik.com,31,2,0.935484,0.792814,0.982125
gemma3-1b__reasoning_first/test__norag,host,daerah.sindonews.com,12,0,0.5,0.253782,0.746218
gemma3-1b__reasoning_first/test__norag,host,gaya.tempo.co,23,0,0.869565,0.678725,0.954623
gemma3-1b__reasoning_first/test__norag,host,finance.detik.com,35,8,0.657143,0.491519,0.791683
gemma3-1b__reasoning_first/test__norag,host,dunia.tempo.co,7,0,1.0,0.64567,1.0
gemma3-1b__reasoning_first/test__norag,host,seleb.tempo.co,11,0,1.0,0.741167,1.0
gemma3-1b__reasoning_first/test__norag,host,sport.detik.com,20,0,0.95,0.763869,0.991119
gemma3-1b__reasoning_first/test__norag,host,wolipop.detik.com,10,0,0.9,0.59585,0.982124
gemma3-1b__reasoning_first/test__norag,host,ekbis.sindonews.com,13,2,0.769231,0.497436,0.918205
gemma3-1b__reasoning_first/test__norag,host,tekno.kompas.com,6,1,1.0,0.609666,1.0
gemma3-1b__reasoning_first/test__norag,host,nasional.kompas.com,7,0,0.714286,0.358934,0.917781
gemma3-1b__reasoning_first/test__norag,host,regional.kompas.com,6,0,1.0,0.609666,1.0
gemma3-1b__reasoning_first/test__norag,host,international.sindonews.com,11,0,0.909091,0.622642,0.983768
gemma3-1b__reasoning_first/test__norag,host,hot.detik.com,17,1,0.941176,0.73018,0.98954
gemma3-1b__reasoning_first/test__norag,host,makassar.kompas.com,1,0,0.0,0.0,0.793451
gemma3-1b__reasoning_first/test__norag,host,sains.sindonews.com,13,0,0.923077,0.66686,0.98629
gemma3-1b__reasoning_first/test__norag,host,go.kompas.com,1,1,1.0,0.206549,1.0
gemma3-1b__reasoning_first/test__norag,host,bola.kompas.com,3,0,1.0,0.438503,1.0
gemma3-1b__reasoning_first/test__norag,host,nasional.tempo.co,1,0,1.0,0.206549,1.0
gemma3-1b__reasoning_first/test__norag,host,bandung.kompas.com,1,0,1.0,0.206549,1.0
gemma3-1b__reasoning_first/test__norag,section,global,13,0,0.923077,0.66686,0.98629
gemma3-1b__reasoning_first/test__norag,section,skola,9,0,1.0,0.700855,1.0
gemma3-1b__reasoning_first/test__norag,section,sports,179,9,0.988827,0.960183,0.996931
gemma3-1b__reasoning_first/test__norag,section,biz,420,420,0.997619,0.986638,0.99958
gemma3-1b__reasoning_first/test__norag,section,sport,40,0,0.975,0.871186,0.995573
gemma3-1b__reasoning_first/test__norag,section,tekno,67,22,0.850746,0.746596,0.916857
gemma3-1b__reasoning_first/test__norag,section,homey,10,1,1.0,0.722467,1.0
gemma3-1b__reasoning_first/test__norag,section,tren,9,0,0.888889,0.565,0.980109
gemma3-1b__reasoning_first/test__norag,section,siaran-pers,170,170,0.970588,0.933006,0.987373
gemma3-1b__reasoning_first/test__norag,section,lifestyle,59,5,0.864407,0.754603,0.929658
gemma3-1b__reasoning_first/test__norag,section,news,158,6,0.981013,0.945669,0.993522
gemma3-1b__reasoning_first/test__norag,section,globenewswire,364,364,1.0,0.989557,1.0
gemma3-1b__reasoning_first/test__norag,section,oto,11,4,0.818182,0.523019,0.948632
gemma3-1b__reasoning_first/test__norag,section,otomotif,55,12,0.872727,0.75983,0.936958
gemma3-1b__reasoning_first/test__norag,section,entertainment,9,0,1.0,0.700855,1.0
gemma3-1b__reasoning_first/test__norag,section,metro,7,0,1.0,0.64567,1.0
gemma3-1b__reasoning_first/test__norag,section,bola,29,0,1.0,0.88303,1.0
gemma3-1b__reasoning_first/test__norag,section,health,32,1,0.875,0.719317,0.950299
gemma3-1b__reasoning_first/test__norag,section,bisnis,15,2,0.733333,0.480496,0.891025
gemma3-1b__reasoning_first/test__norag,section,business,16,0,0.6875,0.444044,0.858354
gemma3-1b__reasoning_first/test__norag,section,digital,17,4,0.411765,0.216111,0.639946
gemma3-1b__reasoning_first/test__norag,section,megapolitan,12,0,0.916667,0.64612,0.985135
gemma3-1b__reasoning_first/test__norag,section,edukasi,33,8,0.727273,0.557824,0.849326
gemma3-1b__reasoning_first/test__norag,section,nasional,46,30,0.804348,0.668287,0.893494
gemma3-1b__reasoning_first/test__norag,section,inet,26,6,0.923077,0.758584,0.978645
gemma3-1b__reasoning_first/test__norag,section,money,8,0,0.375,0.136844,0.694258
gemma3-1b__reasoning_first/test__norag,section,surabaya,1,0,1.0,0.206549,1.0
gemma3-1b__reasoning_first/test__norag,section,travel,21,1,0.857143,0.653639,0.95019
gemma3-1b__reasoning_first/test__norag,section,food,52,2,0.961538,0.870188,0.989388
gemma3-1b__reasoning_first/test__norag,section,daerah,12,0,0.5,0.253782,0.746218
gemma3-1b__reasoning_first/test__norag,section,gaya,23,0,0.869565,0.678725,0.954623
gemma3-1b__reasoning_first/test__norag,section,showbiz,24,1,0.916667,0.741512,0.976841
gemma3-1b__reasoning_first/test__norag,section,berita,13,0,0.538462,0.291438,0.767939
gemma3-1b__reasoning_first/test__norag,section,properti,10,0,0.7,0.396778,0.892209
gemma3-1b__reasoning_first/test__norag,section,finance,35,8,0.657143,0.491519,0.791683
gemma3-1b__reasoning_first/test__norag,section,trending,4,0,1.0,0.510109,1.0
gemma3-1b__reasoning_first/test__norag,section,dunia,7,0,1.0,0.64567,1.0
gemma3-1b__reasoning_first/test__norag,section,seleb,11,0,1.0,0.741167,1.0
gemma3-1b__reasoning_first/test__norag,section,wolipop,10,0,0.9,0.59585,0.982124
gemma3-1b__reasoning_first/test__norag,section,ekbis,13,2,0.769231,0.497436,0.918205
gemma3-1b__reasoning_first/test__norag,section,politics,16,0,1.0,0.806392,1.0
gemma3-1b__reasoning_first/test__norag,section,opinion,9,0,0.777778,0.452589,0.936775
gemma3-1b__reasoning_first/test__norag,section,gaya-hidup,16,1,0.5625,0.331786,0.769013
gemma3-1b__reasoning_first/test__norag,section,regional,6,0,1.0,0.609666,1.0
gemma3-1b__reasoning_first/test__norag,section,ragam,11,0,1.0,0.741167,1.0
gemma3-1b__reasoning_first/test__norag,section,international,11,0,0.909091,0.622642,0.983768
gemma3-1b__reasoning_first/test__norag,section,hot,17,1,0.941176,0.73018,0.98954
gemma3-1b__reasoning_first/test__norag,section,makassar,1,0,0.0,0.0,0.793451
gemma3-1b__reasoning_first/test__norag,section,sains,13,0,0.923077,0.66686,0.98629
gemma3-1b__reasoning_first/test__norag,section,go,1,1,1.0,0.206549,1.0
gemma3-1b__reasoning_first/test__norag,section,militer,2,0,1.0,0.34238,1.0
gemma3-1b__reasoning_first/test__norag,section,life,7,0,0.714286,0.358934,0.917781
gemma3-1b__reasoning_first/test__norag,section,sponsored-sections,1,0,0.0,0.0,0.793451
gemma3-1b__reasoning_first/test__norag,section,badminton,1,0,1.0,0.206549,1.0
gemma3-1b__reasoning_first/test__norag,section,edu,2,0,1.0,0.34238,1.0
gemma3-1b__reasoning_first/test__norag,section,bandung,1,0,1.0,0.206549,1.0
gemma3-1b__reasoning_first/test__rag_k5,host,kompas.com,79,1,0.949367,0.876923,0.980136
gemma3-1b__reasoning_first/test__rag_k5,host,thestar.com,717,364,0.987448,0.976318,0.993382
gemma3-1b__reasoning_first/test__rag_k5,host,biz.kompas.com,420,420,0.995238,0.982806,0.998693
gemma3-1b__reasoning_first/test__rag_k5,host,sport.tempo.co,14,0,1.0,0.784689,1.0
gemma3-1b__reasoning_first/test__rag_k5,host,tekno.tempo.co,19,2,0.894737,0.686059,0.970641
gemma3-1b__reasoning_first/test__rag_k5,host,viva.co.id,292,177,0.890411,0.849387,0.921296
gemma3-1b__reasoning_first/test__rag_k5,host,lifestyle.sindonews.com,41,4,0.902439,0.774523,0.961403
gemma3-1b__reasoning_first/test__rag_k5,host,oto.detik.com,11,4,0.818182,0.523019,0.948632
gemma3-1b__reasoning_first/test__rag_k5,host,otomotif.tempo.co,13,0,0.923077,0.66686,0.98629
gemma3-1b__reasoning_first/test__rag_k5,host,tekno.sindonews.com,42,19,0.809524,0.666992,0.90018
gemma3-1b__reasoning_first/test__rag_k5,host,metro.tempo.co,7,0,1.0,0.64567,1.0
gemma3-1b__reasoning_first/test__rag_k5,host,bola.tempo.co,10,0,1.0,0.722467,1.0
gemma3-1b__reasoning_first/test__rag_k5,host,sports.sindonews.com,9,9,0.777778,0.452589,0.936775
gemma3-1b__reasoning_first/test__rag_k5,host,health.detik.com,11,1,1.0,0.741167,1.0
gemma3-1b__reasoning_first/test__rag_k5,host,bisnis.tempo.co,15,2,0.733333,0.480496,0.891025
gemma3-1b__reasoning_first/test__rag_k5,host,health.kompas.com,21,0,1.0,0.845361,1.0
gemma3-1b__reasoning_first/test__rag_k5,host,megapolitan.kompas.com,12,0,0.916667,0.64612,0.985135
gemma3-1b__reasoning_first/test__rag_k5,host,nasional.sindonews.com,38,30,0.789474,0.636542,0.889252
gemma3-1b__reasoning_first/test__rag_k5,host,lifestyle.kompas.com,18,1,0.944444,0.742427,0.990125
gemma3-1b__reasoning_first/test__rag_k5,host,inet.detik.com,26,6,0.923077,0.758584,0.978645
gemma3-1b__reasoning_first/test__rag_k5,host,news.detik.com,29,6,0.862069,0.69441,0.945026
gemma3-1b__reasoning_first/test__rag_k5,host,otomotif.kompas.com,21,5,0.761905,0.549088,0.89372
gemma3-1b__reasoning_first/test__rag_k5,host,otomotif.sindonews.com,18,6,0.944444,0.742427,0.990125
gemma3-1b__reasoning_first/test__rag_k5,host,money.kompas.com,8,0,0.625,0.305742,0.863156
gemma3-1b__reasoning_first/test__rag_k5,host,edukasi.sindonews.com,23,8,0.869565,0.678725,0.954623
gemma3-1b__reasoning_first/test__rag_k5,host,surabaya.kompas.com,1,0,1.0,0.206549,1.0
gemma3-1b__reasoning_first/test__rag_k5,host,travel.tempo.co,21,1,0.952381,0.773306,0.991544
gemma3-1b__reasoning_first/test__rag_k5,host,food.detik.com,31,2,0.967742,0.838059,0.994283
gemma3-1b__reasoning_first/test__rag_k5,host,daerah.sindonews.com,12,0,0.75,0.467695,0.911058
gemma3-1b__reasoning_first/test__rag_k5,host,gaya.tempo.co,23,0,1.0,0.856883,1.0
gemma3-1b__reasoning_first/test__rag_k5,host,finance.detik.com,35,8,0.657143,0.491519,0.791683
gemma3-1b__reasoning_first/test__rag_k5,host,dunia.tempo.co,7,0,1.0,0.64567,1.0
gemma3-1b__reasoning_first/test__rag_k5,host,seleb.tempo.co,11,0,1.0,0.741167,1.0
gemma3-1b__reasoning_first/test__rag_k5,host,sport.detik.com,20,0,1.0,0.838875,1.0
gemma3-1b__reasoning_first/test__rag_k5,host,wolipop.detik.com,10,0,1.0,0.722467,1.0
gemma3-1b__reasoning_first/test__rag_k5,host,ekbis.sindonews.com,13,2,0.846154,0.577654,0.956742
gemma3-1b__reasoning_first/test__rag_k5,host,tekno.kompas.com,6,1,1.0,0.609666,1.0
gemma3-1b__reasoning_first/test__rag_k5,host,nasional.kompas.com,7,0,0.714286,0.358934,0.917781
gemma3-1b__reasoning_first/test__rag_k5,host,regional.kompas.com,6,0,1.0,0.609666,1.0
gemma3-1b__reasoning_first/test__rag_k5,host,international.sindonews.com,11,0,1.0,0.741167,1.0
gemma3-1b__reasoning_first/test__rag_k5,host,hot.detik.com,17,1,0.941176,0.73018,0.98954
gemma3-1b__reasoning_first/test__rag_k5,host,makassar.kompas.com,1,0,1.0,0.206549,1.0
gemma3-1b__reasoning_first/test__rag_k5,host,sains.sindonews.com,13,0,0.923077,0.66686,0.98629
gemma3-1b__reasoning_first/test__rag_k5,host,go.kompas.com,1,1,1.0,0.206549,1.0
gemma3-1b__reasoning_first/test__rag_k5,host,bola.kompas.com,3,0,1.0,0.438503,1.0
gemma3-1b__reasoning_first/test__rag_k5,host,nasional.tempo.co,1,0,0.0,0.0,0.793451
gemma3-1b__reasoning_first/test__rag_k5,host,bandung.kompas.com,1,0,1.0,0.206549,1.0
gemma3-1b__reasoning_first/test__rag_k5,section,global,13,0,1.0,0.771905,1.0
gemma3-1b__reasoning_first/test__rag_k5,section,skola,9,0,1.0,0.700855,1.0
gemma3-1b__reasoning_first/test__rag_k5,section,sports,179,9,0.988827,0.960183,0.996931
gemma3-1b__reasoning_first/test__rag_k5,section,biz,420,420,0.995238,0.982806,0.998693
gemma3-1b__reasoning_first/test__rag_k5,section,sport,40,0,1.0,0.912378,1.0
gemma3-1b__reasoning_first/test__rag_k5,section,tekno,67,22,0.850746,0.746596,0.916857
gemma3-1b__reasoning_first/test__rag_k5,section,homey,10,1,1.0,0.722467,1.0
gemma3-1b__reasoning_first/test__rag_k5,section,tren,9,0,1.0,0.700855,1.0
gemma3-1b__reasoning_first/test__rag_k5,section,siaran-pers,170,170,0.970588,0.933006,0.987373
gemma3-1b__reasoning_first/test__rag_k5,section,lifestyle,59,5,0.915254,0.816482,0.963258
gemma3-1b__reasoning_first/test__rag_k5,section,news,158,6,0.974684,0.936721,0.990112
gemma3-1b__reasoning_first/test__rag_k5,section,globenewswire,364,364,1.0,0.989557,1.0
gemma3-1b__reasoning_first/test__rag_k5,section,oto,11,4,0.818182,0.523019,0.948632
gemma3-1b__reasoning_first/test__rag_k5,section,otomotif,55,12,0.854545,0.738391,0.924407
gemma3-1b__reasoning_first/test__rag_k5,section,entertainment,9,0,1.0,0.700855,1.0
gemma3-1b__reasoning_first/test__rag_k5,section,metro,7,0,1.0,0.64567,1.0
gemma3-1b__reasoning_first/test__rag_k5,section,bola,29,0,0.965517,0.828245,0.993887
gemma3-1b__reasoning_first/test__rag_k5,section,health,32,1,1.0,0.892821,1.0
gemma3-1b__reasoning_first/test__rag_k5,section,bisnis,15,2,0.733333,0.480496,0.891025
gemma3-1b__reasoning_first/test__rag_k5,section,business,16,0,0.6875,0.444044,0.858354
gemma3-1b__reasoning_first/test__rag_k5,section,digital,17,4,0.470588,0.261651,0.690368
gemma3-1b__reasoning_first/test__rag_k5,section,megapolitan,12,0,0.916667,0.64612,0.985135
gemma3-1b__reasoning_first/test__rag_k5,section,edukasi,33,8,0.787879,0.622484,0.89324
gemma3-1b__reasoning_first/test__rag_k5,section,nasional,46,30,0.76087,0.620649,0.860878
gemma3-1b__reasoning_first/test__rag_k5,section,inet,26,6,0.923077,0.758584,0.978645
gemma3-1b__reasoning_first/test__rag_k5,section,money,8,0,0.625,0.305742,0.863156
gemma3-1b__reasoning_first/test__rag_k5,section,surabaya,1,0,1.0,0.206549,1.0
gemma3-1b__reasoning_first/test__rag_k5,section,travel,21,1,0.952381,0.773306,0.991544
gemma3-1b__reasoning_first/test__rag_k5,section,food,52,2,0.980769,0.898795,0.996597
gemma3-1b__reasoning_first/test__rag_k5,section,daerah,12,0,0.75,0.467695,0.911058
gemma3-1b__reasoning_first/test__rag_k5,section,gaya,23,0,1.0,0.856883,1.0
gemma3-1b__reasoning_first/test__rag_k5,section,showbiz,24,1,0.916667,0.741512,0.976841
gemma3-1b__reasoning_first/test__rag_k5,section,berita,13,0,0.692308,0.423693,0.873193
gemma3-1b__reasoning_first/test__rag_k5,section,properti,10,0,0.7,0.396778,0.892209
gemma3-1b__reasoning_first/test__rag_k5,section,finance,35,8,0.657143,0.491519,0.791683
gemma3-1b__reasoning_first/test__rag_k5,section,trending,4,0,1.0,0.510109,1.0
gemma3-1b__reasoning_first/test__rag_k5,section,dunia,7,0,1.0,0.64567,1.0
gemma3-1b__reasoning_first/test__rag_k5,section,seleb,11,0,1.0,0.741167,1.0
gemma3-1b__reasoning_first/test__rag_k5,section,wolipop,10,0,1.0,0.722467,1.0
gemma3-1b__reasoning_first/test__rag_k5,section,ekbis,13,2,0.846154,0.577654,0.956742
gemma3-1b__reasoning_first/test__rag_k5,section,politics,16,0,1.0,0.806392,1.0
gemma3-1b__reasoning_first/test__rag_k5,section,opinion,9,0,0.777778,0.452589,0.936775
gemma3-1b__reasoning_first/test__rag_k5,section,gaya-hidup,16,1,0.625,0.38641,0.815188
gemma3-1b__reasoning_first/test__rag_k5,section,regional,6,0,1.0,0.609666,1.0
gemma3-1b__reasoning_first/test__rag_k5,section,ragam,11,0,1.0,0.741167,1.0
gemma3-1b__reasoning_first/test__rag_k5,section,international,11,0,1.0,0.741167,1.0
gemma3-1b__reasoning_first/test__rag_k5,section,hot,17,1,0.941176,0.73018,0.98954
gemma3-1b__reasoning_first/test__rag_k5,section,makassar,1,0,1.0,0.206549,1.0
gemma3-1b__reasoning_first/test__rag_k5,section,sains,13,0,0.923077,0.66686,0.98629
gemma3-1b__reasoning_first/test__rag_k5,section,go,1,1,1.0,0.206549,1.0
gemma3-1b__reasoning_first/test__rag_k5,section,militer,2,0,1.0,0.34238,1.0
gemma3-1b__reasoning_first/test__rag_k5,section,life,7,0,0.857143,0.486872,0.97432
gemma3-1b__reasoning_first/test__rag_k5,section,sponsored-sections,1,0,0.0,0.0,0.793451
gemma3-1b__reasoning_first/test__rag_k5,section,badminton,1,0,1.0,0.206549,1.0
gemma3-1b__reasoning_first/test__rag_k5,section,edu,2,0,0.5,0.094531,0.905469
gemma3-1b__reasoning_first/test__rag_k5,section,bandung,1,0,1.0,0.206549,1.0
gemma3-1b__reasoning_first/test_xsource__norag,host,cnnindonesia.com,2367,1205,0.78496,0.767954,0.801042
gemma3-1b__reasoning_first/test_xsource__norag,section,teknologi,193,111,0.803109,0.741329,0.853058
gemma3-1b__reasoning_first/test_xsource__norag,section,olahraga,291,17,0.869416,0.825842,0.903363
gemma3-1b__reasoning_first/test_xsource__norag,section,internasional,216,90,0.916667,0.872133,0.946639
gemma3-1b__reasoning_first/test_xsource__norag,section,nasional,749,383,0.747664,0.715347,0.777453
gemma3-1b__reasoning_first/test_xsource__norag,section,ekonomi,299,168,0.70903,0.655154,0.757603
gemma3-1b__reasoning_first/test_xsource__norag,section,otomotif,16,1,0.75,0.505017,0.898179
gemma3-1b__reasoning_first/test_xsource__norag,section,hiburan,182,103,0.82967,0.768381,0.877331
gemma3-1b__reasoning_first/test_xsource__norag,section,gaya-hidup,416,332,0.754808,0.71126,0.793693
gemma3-1b__reasoning_first/test_xsource__norag,section,edukasi,5,0,0.6,0.230724,0.882379
gemma3-1b__reasoning_first/test_xsource__rag_k5,host,cnnindonesia.com,2367,1205,0.801859,0.785318,0.817422
gemma3-1b__reasoning_first/test_xsource__rag_k5,section,teknologi,193,111,0.797927,0.735718,0.848509
gemma3-1b__reasoning_first/test_xsource__rag_k5,section,olahraga,291,17,0.938144,0.904353,0.960519
gemma3-1b__reasoning_first/test_xsource__rag_k5,section,internasional,216,90,0.861111,0.808653,0.900949
gemma3-1b__reasoning_first/test_xsource__rag_k5,section,nasional,749,383,0.811749,0.782189,0.838127
gemma3-1b__reasoning_first/test_xsource__rag_k5,section,ekonomi,299,168,0.729097,0.676053,0.776329
gemma3-1b__reasoning_first/test_xsource__rag_k5,section,otomotif,16,1,0.6875,0.444044,0.858354
gemma3-1b__reasoning_first/test_xsource__rag_k5,section,hiburan,182,103,0.752747,0.685277,0.809768
gemma3-1b__reasoning_first/test_xsource__rag_k5,section,gaya-hidup,416,332,0.740385,0.69619,0.78018
gemma3-1b__reasoning_first/test_xsource__rag_k5,section,edukasi,5,0,0.6,0.230724,0.882379
gemma3-270m__reasoning_first/test__norag,host,kompas.com,79,1,0.936709,0.860251,0.972665
gemma3-270m__reasoning_first/test__norag,host,thestar.com,717,364,0.988842,0.978139,0.994336
gemma3-270m__reasoning_first/test__norag,host,biz.kompas.com,420,420,0.992857,0.979212,0.997568
gemma3-270m__reasoning_first/test__norag,host,sport.tempo.co,14,0,1.0,0.784689,1.0
gemma3-270m__reasoning_first/test__norag,host,tekno.tempo.co,19,2,0.894737,0.686059,0.970641
gemma3-270m__reasoning_first/test__norag,host,viva.co.id,292,177,0.90411,0.864903,0.932822
gemma3-270m__reasoning_first/test__norag,host,lifestyle.sindonews.com,41,4,0.878049,0.744558,0.946767
gemma3-270m__reasoning_first/test__norag,host,oto.detik.com,11,4,0.727273,0.434355,0.902539
gemma3-270m__reasoning_first/test__norag,host,otomotif.tempo.co,13,0,0.923077,0.66686,0.98629
gemma3-270m__reasoning_first/test__norag,host,tekno.sindonews.com,42,19,0.809524,0.666992,0.90018
gemma3-270m__reasoning_first/test__norag,host,metro.tempo.co,7,0,0.428571,0.15822,0.749542
gemma3-270m__reasoning_first/test__norag,host,bola.tempo.co,10,0,0.9,0.59585,0.982124
gemma3-270m__reasoning_first/test__norag,host,sports.sindonews.com,9,9,0.777778,0.452589,0.936775
gemma3-270m__reasoning_first/test__norag,host,health.detik.com,11,1,0.727273,0.434355,0.902539
gemma3-270m__reasoning_first/test__norag,host,bisnis.tempo.co,15,2,0.733333,0.480496,0.891025
gemma3-270m__reasoning_first/test__norag,host,health.kompas.com,21,0,0.857143,0.653639,0.95019
gemma3-270m__reasoning_first/test__norag,host,megapolitan.kompas.com,12,0,1.0,0.757506,1.0
gemma3-270m__reasoning_first/test__norag,host,nasional.sindonews.com,38,30,0.736842,0.579912,0.850284
gemma3-270m__reasoning_first/test__norag,host,lifestyle.kompas.com,18,1,1.0,0.824121,1.0
gemma3-270m__reasoning_first/test__norag,host,inet.detik.com,26,6,0.884615,0.710241,0.959968
gemma3-270m__reasoning_first/test__norag,host,news.detik.com,29,6,0.862069,0.69441,0.945026
gemma3-270m__reasoning_first/test__norag,host,otomotif.kompas.com,21,5,0.714286,0.500436,0.861861
gemma3-270m__reasoning_first/test__norag,host,otomotif.sindonews.com,18,6,0.944444,0.742427,0.990125
gemma3-270m__reasoning_first/test__norag,host,money.kompas.com,8,0,0.5,0.215216,0.784784
gemma3-270m__reasoning_first/test__norag,host,edukasi.sindonews.com,23,8,0.869565,0.678725,0.954623
gemma3-270m__reasoning_first/test__norag,host,surabaya.kompas.com,1,0,1.0,0.206549,1.0
gemma3-270m__reasoning_first/test__norag,host,travel.tempo.co,21,1,0.904762,0.710859,0.973481
gemma3-270m__reasoning_first/test__norag,host,food.detik.com,31,2,0.967742,0.838059,0.994283
gemma3-270m__reasoning_first/test__norag,host,daerah.sindonews.com,12,0,0.666667,0.390622,0.86188
gemma3-270m__reasoning_first/test__norag,host,gaya.tempo.co,23,0,0.869565,0.678725,0.954623
gemma3-270m__reasoning_first/test__norag,host,finance.detik.com,35,8,0.771429,0.609827,0.879341
gemma3-270m__reasoning_first/test__norag,host,dunia.tempo.co,7,0,1.0,0.64567,1.0
gemma3-270m__reasoning_first/test__norag,host,seleb.tempo.co,11,0,0.818182,0.523019,0.948632
gemma3-270m__reasoning_first/test__norag,host,sport.detik.com,20,0,1.0,0.838875,1.0
gemma3-270m__reasoning_first/test__norag,host,wolipop.detik.com,10,0,1.0,0.722467,1.0
gemma3-270m__reasoning_first/test__norag,host,ekbis.sindonews.com,13,2,0.769231,0.497436,0.918205
gemma3-270m__reasoning_first/test__norag,host,tekno.kompas.com,6,1,1.0,0.609666,1.0
gemma3-270m__reasoning_first/test__norag,host,nasional.kompas.com,7,0,0.714286,0.358934,0.917781
gemma3-270m__reasoning_first/test__norag,host,regional.kompas.com,6,0,1.0,0.609666,1.0
gemma3-270m__reasoning_first/test__norag,host,international.sindonews.com,11,0,0.909091,0.622642,0.983768
gemma3-270m__reasoning_first/test__norag,host,hot.detik.com,17,1,0.882353,0.656636,0.96712
gemma3-270m__reasoning_first/test__norag,host,makassar.kompas.com,1,0,1.0,0.206549,1.0
gemma3-270m__reasoning_first/test__norag,host,sains.sindonews.com,13,0,1.0,0.771905,1.0
gemma3-270m__reasoning_first/test__norag,host,go.kompas.com,1,1,1.0,0.206549,1.0
gemma3-270m__reasoning_first/test__norag,host,bola.kompas.com,3,0,0.666667,0.20766,0.938508
gemma3-270m__reasoning_first/test__norag,host,nasional.tempo.co,1,0,0.0,0.0,0.793451
gemma3-270m__reasoning_first/test__norag,host,bandung.kompas.com,1,0,1.0,0.206549,1.0
gemma3-270m__reasoning_first/test__norag,section,global,13,0,0.923077,0.66686,0.98629
gemma3-270m__reasoning_first/test__norag,section,skola,9,0,0.888889,0.565,0.980109
gemma3-270m__reasoning_first/test__norag,section,sports,179,9,0.988827,0.960183,0.996931
gemma3-270m__reasoning_first/test__norag,section,biz,420,420,0.992857,0.979212,0.997568
gemma3-270m__reasoning_first/test__norag,section,sport,40,0,0.95,0.834961,0.986179
gemma3-270m__reasoning_first/test__norag,section,tekno,67,22,0.850746,0.746596,0.916857
gemma3-270m__reasoning_first/test__norag,section,homey,10,1,1.0,0.722467,1.0
gemma3-270m__reasoning_first/test__norag,section,tren,9,0,0.888889,0.565,0.980109
gemma3-270m__reasoning_first/test__norag,section,siaran-pers,170,170,0.982353,0.949408,0.993981
gemma3-270m__reasoning_first/test__norag,section,lifestyle,59,5,0.915254,0.816482,0.963258
gemma3-270m__reasoning_first/test__norag,section,news,158,6,0.974684,0.936721,0.990112
gemma3-270m__reasoning_first/test__norag,section,globenewswire,364,364,1.0,0.989557,1.0
gemma3-270m__reasoning_first/test__norag,section,oto,11,4,0.727273,0.434355,0.902539
gemma3-270m__reasoning_first/test__norag,section,otomotif,55,12,0.836364,0.717363,0.911446
gemma3-270m__reasoning_first/test__norag,section,entertainment,9,0,1.0,0.700855,1.0
gemma3-270m__reasoning_first/test__norag,section,metro,7,0,0.428571,0.15822,0.749542
gemma3-270m__reasoning_first/test__norag,section,bola,29,0,0.896552,0.736149,0.964185
gemma3-270m__reasoning_first/test__norag,section,health,32,1,0.8125,0.646908,0.911105
gemma3-270m__reasoning_first/test__norag,section,bisnis,15,2,0.733333,0.480496,0.891025
gemma3-270m__reasoning_first/test__norag,section,business,16,0,0.75,0.505017,0.898179
gemma3-270m__reasoning_first/test__norag,section,digital,17,4,0.588235,0.360054,0.783889
gemma3-270m__reasoning_first/test__norag,section,megapolitan,12,0,1.0,0.757506,1.0
gemma3-270m__reasoning_first/test__norag,section,edukasi,33,8,0.818182,0.656118,0.913892
gemma3-270m__reasoning_first/test__norag,section,nasional,46,30,0.717391,0.574514,0.826758
gemma3-270m__reasoning_first/test__norag,section,inet,26,6,0.884615,0.710241,0.959968
gemma3-270m__reasoning_first/test__norag,section,money,8,0,0.5,0.215216,0.784784
gemma3-270m__reasoning_first/test__norag,section,surabaya,1,0,1.0,0.206549,1.0
gemma3-270m__reasoning_first/test__norag,section,travel,21,1,0.904762,0.710859,0.973481
gemma3-270m__reasoning_first/test__norag,section,food,52,2,0.980769,0.898795,0.996597
gemma3-270m__reasoning_first/test__norag,section,daerah,12,0,0.666667,0.390622,0.86188
gemma3-270m__reasoning_first/test__norag,section,gaya,23,0,0.869565,0.678725,0.954623
gemma3-270m__reasoning_first/test__norag,section,showbiz,24,1,0.875,0.689961,0.956557
gemma3-270m__reasoning_first/test__norag,section,berita,13,0,0.692308,0.423693,0.873193
gemma3-270m__reasoning_first/test__norag,section,properti,10,0,0.8,0.490162,0.943318
gemma3-270m__reasoning_first/test__norag,section,finance,35,8,0.771429,0.609827,0.879341
gemma3-270m__reasoning_first/test__norag,section,trending,4,0,1.0,0.510109,1.0
gemma3-270m__reasoning_first/test__norag,section,dunia,7,0,1.0,0.64567,1.0
gemma3-270m__reasoning_first/test__norag,section,seleb,11,0,0.818182,0.523019,0.948632
gemma3-270m__reasoning_first/test__norag,section,wolipop,10,0,1.0,0.722467,1.0
gemma3-270m__reasoning_first/test__norag,section,ekbis,13,2,0.769231,0.497436,0.918205
gemma3-270m__reasoning_first/test__norag,section,politics,16,0,1.0,0.806392,1.0
gemma3-270m__reasoning_first/test__norag,section,opinion,9,0,0.777778,0.452589,0.936775
gemma3-270m__reasoning_first/test__norag,section,gaya-hidup,16,1,0.8125,0.569911,0.934084
gemma3-270m__reasoning_first/test__norag,section,regional,6,0,1.0,0.609666,1.0
gemma3-270m__reasoning_first/test__norag,section,ragam,11,0,0.909091,0.622642,0.983768
gemma3-270m__reasoning_first/test__norag,section,international,11,0,0.909091,0.622642,0.983768
gemma3-270m__reasoning_first/test__norag,section,hot,17,1,0.882353,0.656636,0.96712
gemma3-270m__reasoning_first/test__norag,section,makassar,1,0,1.0,0.206549,1.0
gemma3-270m__reasoning_first/test__norag,section,sains,13,0,1.0,0.771905,1.0
gemma3-270m__reasoning_first/test__norag,section,go,1,1,1.0,0.206549,1.0
gemma3-270m__reasoning_first/test__norag,section,militer,2,0,1.0,0.34238,1.0
gemma3-270m__reasoning_first/test__norag,section,life,7,0,0.857143,0.486872,0.97432
gemma3-270m__reasoning_first/test__norag,section,sponsored-sections,1,0,0.0,0.0,0.793451
gemma3-270m__reasoning_first/test__norag,section,badminton,1,0,1.0,0.206549,1.0
gemma3-270m__reasoning_first/test__norag,section,edu,2,0,1.0,0.34238,1.0
gemma3-270m__reasoning_first/test__norag,section,bandung,1,0,1.0,0.206549,1.0
gemma3-270m__reasoning_first/test__rag_k5,host,kompas.com,79,1,0.936709,0.860251,0.972665
gemma3-270m__reasoning_first/test__rag_k5,host,thestar.com,717,364,0.977685,0.96406,0.986218
gemma3-270m__reasoning_first/test__rag_k5,host,biz.kompas.com,420,420,0.995238,0.982806,0.998693
gemma3-270m__reasoning_first/test__rag_k5,host,sport.tempo.co,14,0,1.0,0.784689,1.0
gemma3-270m__reasoning_first/test__rag_k5,host,tekno.tempo.co,19,2,0.894737,0.686059,0.970641
gemma3-270m__reasoning_first/test__rag_k5,host,viva.co.id,292,177,0.89726,0.857122,0.927082
gemma3-270m__reasoning_first/test__rag_k5,host,lifestyle.sindonews.com,41,4,0.878049,0.744558,0.946767
gemma3-270m__reasoning_first/test__rag_k5,host,oto.detik.com,11,4,0.818182,0.523019,0.948632
gemma3-270m__reasoning_first/test__rag_k5,host,otomotif.tempo.co,13,0,0.923077,0.66686,0.98629
gemma3-270m__reasoning_first/test__rag_k5,host,tekno.sindonews.com,42,19,0.785714,0.640602,0.882942
gemma3-270m__reasoning_first/test__rag_k5,host,metro.tempo.co,7,0,0.714286,0.358934,0.917781
gemma3-270m__reasoning_first/test__rag_k5,host,bola.tempo.co,10,0,1.0,0.722467,1.0
gemma3-270m__reasoning_first/test__rag_k5,host,sports.sindonews.com,9,9,0.777778,0.452589,0.936775
gemma3-270m__reasoning_first/test__rag_k5,host,health.detik.com,11,1,0.727273,0.434355,0.902539
gemma3-270m__reasoning_first/test__rag_k5,host,bisnis.tempo.co,15,2,0.8,0.548146,0.929525
gemma3-270m__reasoning_first/test__rag_k5,host,health.kompas.com,21,0,0.857143,0.653639,0.95019
gemma3-270m__reasoning_first/test__rag_k5,host,megapolitan.kompas.com,12,0,0.666667,0.390622,0.86188
gemma3-270m__reasoning_first/test__rag_k5,host,nasional.sindonews.com,38,30,0.789474,0.636542,0.889252
gemma3-270m__reasoning_first/test__rag_k5,host,lifestyle.kompas.com,18,1,0.833333,0.60778,0.941634
gemma3-270m__reasoning_first/test__rag_k5,host,inet.detik.com,26,6,0.961538,0.811072,0.993178
gemma3-270m__reasoning_first/test__rag_k5,host,news.detik.com,29,6,0.862069,0.69441,0.945026
gemma3-270m__reasoning_first/test__rag_k5,host,otomotif.kompas.com,21,5,0.761905,0.549088,0.89372
gemma3-270m__reasoning_first/test__rag_k5,host,otomotif.sindonews.com,18,6,0.888889,0.672002,0.96898
gemma3-270m__reasoning_first/test__rag_k5,host,money.kompas.com,8,0,0.625,0.305742,0.863156
gemma3-270m__reasoning_first/test__rag_k5,host,edukasi.sindonews.com,23,8,0.869565,0.678725,0.954623
gemma3-270m__reasoning_first/test__rag_k5,host,surabaya.kompas.com,1,0,1.0,0.206549,1.0
gemma3-270m__reasoning_first/test__rag_k5,host,travel.tempo.co,21,1,0.904762,0.710859,0.973481
gemma3-270m__reasoning_first/test__rag_k5,host,food.detik.com,31,2,0.903226,0.751001,0.966535
gemma3-270m__reasoning_first/test__rag_k5,host,daerah.sindonews.com,12,0,0.833333,0.551969,0.953035
gemma3-270m__reasoning_first/test__rag_k5,host,gaya.tempo.co,23,0,0.913043,0.73204,0.97582
gemma3-270m__reasoning_first/test__rag_k5,host,finance.detik.com,35,8,0.771429,0.609827,0.879341
gemma3-270m__reasoning_first/test__rag_k5,host,dunia.tempo.co,7,0,1.0,0.64567,1.0
gemma3-270m__reasoning_first/test__rag_k5,host,seleb.tempo.co,11,0,0.727273,0.434355,0.902539
gemma3-270m__reasoning_first/test__rag_k5,host,sport.detik.com,20,0,1.0,0.838875,1.0
gemma3-270m__reasoning_first/test__rag_k5,host,wolipop.detik.com,10,0,1.0,0.722467,1.0
gemma3-270m__reasoning_first/test__rag_k5,host,ekbis.sindonews.com,13,2,0.846154,0.577654,0.956742
gemma3-270m__reasoning_first/test__rag_k5,host,tekno.kompas.com,6,1,1.0,0.609666,1.0
gemma3-270m__reasoning_first/test__rag_k5,host,nasional.kompas.com,7,0,0.714286,0.358934,0.917781
gemma3-270m__reasoning_first/test__rag_k5,host,regional.kompas.com,6,0,0.833333,0.436497,0.969947
gemma3-270m__reasoning_first/test__rag_k5,host,international.sindonews.com,11,0,0.909091,0.622642,0.983768
gemma3-270m__reasoning_first/test__rag_k5,host,hot.detik.com,17,1,0.941176,0.73018,0.98954
gemma3-270m__reasoning_first/test__rag_k5,host,makassar.kompas.com,1,0,1.0,0.206549,1.0
gemma3-270m__reasoning_first/test__rag_k5,host,sains.sindonews.com,13,0,0.923077,0.66686,0.98629
gemma3-270m__reasoning_first/test__rag_k5,host,go.kompas.com,1,1,1.0,0.206549,1.0
gemma3-270m__reasoning_first/test__rag_k5,host,bola.kompas.com,3,0,0.666667,0.20766,0.938508
gemma3-270m__reasoning_first/test__rag_k5,host,nasional.tempo.co,1,0,0.0,0.0,0.793451
gemma3-270m__reasoning_first/test__rag_k5,host,bandung.kompas.com,1,0,1.0,0.206549,1.0
gemma3-270m__reasoning_first/test__rag_k5,section,global,13,0,0.923077,0.66686,0.98629
gemma3-270m__reasoning_first/test__rag_k5,section,skola,9,0,1.0,0.700855,1.0
gemma3-270m__reasoning_first/test__rag_k5,section,sports,179,9,0.98324,0.951891,0.994284
gemma3-270m__reasoning_first/test__rag_k5,section,biz,420,420,0.995238,0.982806,0.998693
gemma3-270m__reasoning_first/test__rag_k5,section,sport,40,0,1.0,0.912378,1.0
gemma3-270m__reasoning_first/test__rag_k5,section,tekno,67,22,0.835821,0.729447,0.905774
gemma3-270m__reasoning_first/test__rag_k5,section,homey,10,1,0.9,0.59585,0.982124
gemma3-270m__reasoning_first/test__rag_k5,section,tren,9,0,1.0,0.700855,1.0
gemma3-270m__reasoning_first/test__rag_k5,section,siaran-pers,170,170,0.964706,0.925148,0.983726
gemma3-270m__reasoning_first/test__rag_k5,section,lifestyle,59,5,0.864407,0.754603,0.929658
gemma3-270m__reasoning_first/test__rag_k5,section,news,158,6,0.955696,0.911384,0.978376
gemma3-270m__reasoning_first/test__rag_k5,section,globenewswire,364,364,1.0,0.989557,1.0
gemma3-270m__reasoning_first/test__rag_k5,section,oto,11,4,0.818182,0.523019,0.948632
gemma3-270m__reasoning_first/test__rag_k5,section,otomotif,55,12,0.854545,0.738391,0.924407
gemma3-270m__reasoning_first/test__rag_k5,section,entertainment,9,0,1.0,0.700855,1.0
gemma3-270m__reasoning_first/test__rag_k5,section,metro,7,0,0.714286,0.358934,0.917781
gemma3-270m__reasoning_first/test__rag_k5,section,bola,29,0,0.931034,0.780354,0.980879
gemma3-270m__reasoning_first/test__rag_k5,section,health,32,1,0.8125,0.646908,0.911105
gemma3-270m__reasoning_first/test__rag_k5,section,bisnis,15,2,0.8,0.548146,0.929525
gemma3-270m__reasoning_first/test__rag_k5,section,business,16,0,0.5625,0.331786,0.769013
gemma3-270m__reasoning_first/test__rag_k5,section,digital,17,4,0.588235,0.360054,0.783889
gemma3-270m__reasoning_first/test__rag_k5,section,megapolitan,12,0,0.666667,0.390622,0.86188
gemma3-270m__reasoning_first/test__rag_k5,section,edukasi,33,8,0.818182,0.656118,0.913892
gemma3-270m__reasoning_first/test__rag_k5,section,nasional,46,30,0.76087,0.620649,0.860878
gemma3-270m__reasoning_first/test__rag_k5,section,inet,26,6,0.961538,0.811072,0.993178
gemma3-270m__reasoning_first/test__rag_k5,section,money,8,0,0.625,0.305742,0.863156
gemma3-270m__reasoning_first/test__rag_k5,section,surabaya,1,0,1.0,0.206549,1.0
gemma3-270m__reasoning_first/test__rag_k5,section,travel,21,1,0.904762,0.710859,0.973481
gemma3-270m__reasoning_first/test__rag_k5,section,food,52,2,0.923077,0.818264,0.969681
gemma3-270m__reasoning_first/test__rag_k5,section,daerah,12,0,0.833333,0.551969,0.953035
gemma3-270m__reasoning_first/test__rag_k5,section,gaya,23,0,0.913043,0.73204,0.97582
gemma3-270m__reasoning_first/test__rag_k5,section,showbiz,24,1,0.916667,0.741512,0.976841
gemma3-270m__reasoning_first/test__rag_k5,section,berita,13,0,0.615385,0.355229,0.822903
gemma3-270m__reasoning_first/test__rag_k5,section,properti,10,0,0.8,0.490162,0.943318
gemma3-270m__reasoning_first/test__rag_k5,section,finance,35,8,0.771429,0.609827,0.879341
gemma3-270m__reasoning_first/test__rag_k5,section,trending,4,0,1.0,0.510109,1.0
gemma3-270m__reasoning_first/test__rag_k5,section,dunia,7,0,1.0,0.64567,1.0
gemma3-270m__reasoning_first/test__rag_k5,section,seleb,11,0,0.727273,0.434355,0.902539
gemma3-270m__reasoning_first/test__rag_k5,section,wolipop,10,0,1.0,0.722467,1.0
gemma3-270m__reasoning_first/test__rag_k5,section,ekbis,13,2,0.846154,0.577654,0.956742
gemma3-270m__reasoning_first/test__rag_k5,section,politics,16,0,1.0,0.806392,1.0
gemma3-270m__reasoning_first/test__rag_k5,section,opinion,9,0,0.777778,0.452589,0.936775
gemma3-270m__reasoning_first/test__rag_k5,section,gaya-hidup,16,1,0.625,0.38641,0.815188
gemma3-270m__reasoning_first/test__rag_k5,section,regional,6,0,0.833333,0.436497,0.969947
gemma3-270m__reasoning_first/test__rag_k5,section,ragam,11,0,1.0,0.741167,1.0
gemma3-270m__reasoning_first/test__rag_k5,section,international,11,0,0.909091,0.622642,0.983768
gemma3-270m__reasoning_first/test__rag_k5,section,hot,17,1,0.941176,0.73018,0.98954
gemma3-270m__reasoning_first/test__rag_k5,section,makassar,1,0,1.0,0.206549,1.0
gemma3-270m__reasoning_first/test__rag_k5,section,sains,13,0,0.923077,0.66686,0.98629
gemma3-270m__reasoning_first/test__rag_k5,section,go,1,1,1.0,0.206549,1.0
gemma3-270m__reasoning_first/test__rag_k5,section,militer,2,0,1.0,0.34238,1.0
gemma3-270m__reasoning_first/test__rag_k5,section,life,7,0,0.714286,0.358934,0.917781
gemma3-270m__reasoning_first/test__rag_k5,section,sponsored-sections,1,0,0.0,0.0,0.793451
gemma3-270m__reasoning_first/test__rag_k5,section,badminton,1,0,1.0,0.206549,1.0
gemma3-270m__reasoning_first/test__rag_k5,section,edu,2,0,1.0,0.34238,1.0
gemma3-270m__reasoning_first/test__rag_k5,section,bandung,1,0,1.0,0.206549,1.0
gemma3-270m__reasoning_first/test_xsource__norag,host,cnnindonesia.com,2367,1205,0.714406,0.695874,0.732244
gemma3-270m__reasoning_first/test_xsource__norag,section,teknologi,193,111,0.746114,0.68032,0.802302
gemma3-270m__reasoning_first/test_xsource__norag,section,olahraga,291,17,0.890034,0.848883,0.921022
gemma3-270m__reasoning_first/test_xsource__norag,section,internasional,216,90,0.787037,0.727671,0.836371
gemma3-270m__reasoning_first/test_xsource__norag,section,nasional,749,383,0.64753,0.612643,0.680912
gemma3-270m__reasoning_first/test_xsource__norag,section,ekonomi,299,168,0.668896,0.613707,0.7198
gemma3-270m__reasoning_first/test_xsource__norag,section,otomotif,16,1,0.75,0.505017,0.898179
gemma3-270m__reasoning_first/test_xsource__norag,section,hiburan,182,103,0.752747,0.685277,0.809768
gemma3-270m__reasoning_first/test_xsource__norag,section,gaya-hidup,416,332,0.675481,0.629061,0.718689
gemma3-270m__reasoning_first/test_xsource__norag,section,edukasi,5,0,0.6,0.230724,0.882379
gemma3-270m__reasoning_first/test_xsource__rag_k5,host,cnnindonesia.com,2367,1205,0.779468,0.76232,0.79571
gemma3-270m__reasoning_first/test_xsource__rag_k5,section,teknologi,193,111,0.813472,0.752594,0.862114
gemma3-270m__reasoning_first/test_xsource__rag_k5,section,olahraga,291,17,0.914089,0.876256,0.941133
gemma3-270m__reasoning_first/test_xsource__rag_k5,section,internasional,216,90,0.819444,0.762711,0.865014
gemma3-270m__reasoning_first/test_xsource__rag_k5,section,nasional,749,383,0.746328,0.713965,0.776178
gemma3-270m__reasoning_first/test_xsource__rag_k5,section,ekonomi,299,168,0.729097,0.676053,0.776329
gemma3-270m__reasoning_first/test_xsource__rag_k5,section,otomotif,16,1,0.75,0.505017,0.898179
gemma3-270m__reasoning_first/test_xsource__rag_k5,section,hiburan,182,103,0.769231,0.702835,0.824496
gemma3-270m__reasoning_first/test_xsource__rag_k5,section,gaya-hidup,416,332,0.747596,0.703717,0.786944
gemma3-270m__reasoning_first/test_xsource__rag_k5,section,edukasi,5,0,1.0,0.565518,1.0
gemma3-4b__reasoning_first/test__norag,host,kompas.com,79,1,0.974684,0.912314,0.99303
gemma3-4b__reasoning_first/test__norag,host,thestar.com,717,364,0.987448,0.976318,0.993382
gemma3-4b__reasoning_first/test__norag,host,biz.kompas.com,420,420,1.0,0.990937,1.0
gemma3-4b__reasoning_first/test__norag,host,sport.tempo.co,14,0,1.0,0.784689,1.0
gemma3-4b__reasoning_first/test__norag,host,tekno.tempo.co,19,2,0.894737,0.686059,0.970641
gemma3-4b__reasoning_first/test__norag,host,viva.co.id,292,177,0.938356,0.904673,0.960655
gemma3-4b__reasoning_first/test__norag,host,lifestyle.sindonews.com,41,4,0.878049,0.744558,0.946767
gemma3-4b__reasoning_first/test__norag,host,oto.detik.com,11,4,0.909091,0.622642,0.983768
gemma3-4b__reasoning_first/test__norag,host,otomotif.tempo.co,13,0,0.923077,0.66686,0.98629
gemma3-4b__reasoning_first/test__norag,host,tekno.sindonews.com,42,19,0.785714,0.640602,0.882942
gemma3-4b__reasoning_first/test__norag,host,metro.tempo.co,7,0,1.0,0.64567,1.0
gemma3-4b__reasoning_first/test__norag,host,bola.tempo.co,10,0,1.0,0.722467,1.0
gemma3-4b__reasoning_first/test__norag,host,sports.sindonews.com,9,9,0.666667,0.354202,0.879416
gemma3-4b__reasoning_first/test__norag,host,health.detik.com,11,1,0.909091,0.622642,0.983768
gemma3-4b__reasoning_first/test__norag,host,bisnis.tempo.co,15,2,0.866667,0.62118,0.962639
gemma3-4b__reasoning_first/test__norag,host,health.kompas.com,21,0,0.904762,0.710859,0.973481
gemma3-4b__reasoning_first/test__norag,host,megapolitan.kompas.com,12,0,1.0,0.757506,1.0
gemma3-4b__reasoning_first/test__norag,host,nasional.sindonews.com,38,30,0.842105,0.695832,0.925561
gemma3-4b__reasoning_first/test__norag,host,lifestyle.kompas.com,18,1,0.944444,0.742427,0.990125
gemma3-4b__reasoning_first/test__norag,host,inet.detik.com,26,6,0.769231,0.579484,0.889662
gemma3-4b__reasoning_first/test__norag,host,news.detik.com,29,6,0.862069,0.69441,0.945026
gemma3-4b__reasoning_first/test__norag,host,otomotif.kompas.com,21,5,0.761905,0.549088,0.89372
gemma3-4b__reasoning_first/test__norag,host,otomotif.sindonews.com,18,6,1.0,0.824121,1.0
gemma3-4b__reasoning_first/test__norag,host,money.kompas.com,8,0,0.625,0.305742,0.863156
gemma3-4b__reasoning_first/test__norag,host,edukasi.sindonews.com,23,8,0.956522,0.790088,0.992283
gemma3-4b__reasoning_first/test__norag,host,surabaya.kompas.com,1,0,1.0,0.206549,1.0
gemma3-4b__reasoning_first/test__norag,host,travel.tempo.co,21,1,0.952381,0.773306,0.991544
gemma3-4b__reasoning_first/test__norag,host,food.detik.com,31,2,0.935484,0.792814,0.982125
gemma3-4b__reasoning_first/test__norag,host,daerah.sindonews.com,12,0,0.666667,0.390622,0.86188
gemma3-4b__reasoning_first/test__norag,host,gaya.tempo.co,23,0,1.0,0.856883,1.0
gemma3-4b__reasoning_first/test__norag,host,finance.detik.com,35,8,0.771429,0.609827,0.879341
gemma3-4b__reasoning_first/test__norag,host,dunia.tempo.co,7,0,1.0,0.64567,1.0
gemma3-4b__reasoning_first/test__norag,host,seleb.tempo.co,11,0,1.0,0.741167,1.0
gemma3-4b__reasoning_first/test__norag,host,sport.detik.com,20,0,1.0,0.838875,1.0
gemma3-4b__reasoning_first/test__norag,host,wolipop.detik.com,10,0,1.0,0.722467,1.0
gemma3-4b__reasoning_first/test__norag,host,ekbis.sindonews.com,13,2,0.769231,0.497436,0.918205
gemma3-4b__reasoning_first/test__norag,host,tekno.kompas.com,6,1,1.0,0.609666,1.0
gemma3-4b__reasoning_first/test__norag,host,nasional.kompas.com,7,0,0.571429,0.250458,0.84178
gemma3-4b__reasoning_first/test__norag,host,regional.kompas.com,6,0,1.0,0.609666,1.0
gemma3-4b__reasoning_first/test__norag,host,international.sindonews.com,11,0,1.0,0.741167,1.0
gemma3-4b__reasoning_first/test__norag,host,hot.detik.com,17,1,0.941176,0.73018,0.98954
gemma3-4b__reasoning_first/test__norag,host,makassar.kompas.com,1,0,1.0,0.206549,1.0
gemma3-4b__reasoning_first/test__norag,host,sains.sindonews.com,13,0,0.923077,0.66686,0.98629
gemma3-4b__reasoning_first/test__norag,host,go.kompas.com,1,1,1.0,0.206549,1.0
gemma3-4b__reasoning_first/test__norag,host,bola.kompas.com,3,0,1.0,0.438503,1.0
gemma3-4b__reasoning_first/test__norag,host,nasional.tempo.co,1,0,1.0,0.206549,1.0
gemma3-4b__reasoning_first/test__norag,host,bandung.kompas.com,1,0,1.0,0.206549,1.0
gemma3-4b__reasoning_first/test__norag,section,global,13,0,1.0,0.771905,1.0
gemma3-4b__reasoning_first/test__norag,section,skola,9,0,1.0,0.700855,1.0
gemma3-4b__reasoning_first/test__norag,section,sports,179,9,0.98324,0.951891,0.994284
gemma3-4b__reasoning_first/test__norag,section,biz,420,420,1.0,0.990937,1.0
gemma3-4b__reasoning_first/test__norag,section,sport,40,0,0.975,0.871186,0.995573
gemma3-4b__reasoning_first/test__norag,section,tekno,67,22,0.835821,0.729447,0.905774
gemma3-4b__reasoning_first/test__norag,section,homey,10,1,0.9,0.59585,0.982124
gemma3-4b__reasoning_first/test__norag,section,tren,9,0,1.0,0.700855,1.0
gemma3-4b__reasoning_first/test__norag,section,siaran-pers,170,170,1.0,0.977903,1.0
gemma3-4b__reasoning_first/test__norag,section,lifestyle,59,5,0.898305,0.795362,0.952552
gemma3-4b__reasoning_first/test__norag,section,news,158,6,0.968354,0.928067,0.986409
gemma3-4b__reasoning_first/test__norag,section,globenewswire,364,364,1.0,0.989557,1.0
gemma3-4b__reasoning_first/test__norag,section,oto,11,4,0.909091,0.622642,0.983768
gemma3-4b__reasoning_first/test__norag,section,otomotif,55,12,0.872727,0.75983,0.936958
gemma3-4b__reasoning_first/test__norag,section,entertainment,9,0,0.888889,0.565,0.980109
gemma3-4b__reasoning_first/test__norag,section,metro,7,0,1.0,0.64567,1.0
gemma3-4b__reasoning_first/test__norag,section,bola,29,0,1.0,0.88303,1.0
gemma3-4b__reasoning_first/test__norag,section,health,32,1,0.90625,0.757818,0.967598
gemma3-4b__reasoning_first/test__norag,section,bisnis,15,2,0.866667,0.62118,0.962639
gemma3-4b__reasoning_first/test__norag,section,business,16,0,0.875,0.639772,0.965023
gemma3-4b__reasoning_first/test__norag,section,digital,17,4,0.705882,0.468669,0.8672
gemma3-4b__reasoning_first/test__norag,section,megapolitan,12,0,1.0,0.757506,1.0
gemma3-4b__reasoning_first/test__norag,section,edukasi,33,8,0.939394,0.803938,0.983219
gemma3-4b__reasoning_first/test__norag,section,nasional,46,30,0.804348,0.668287,0.893494
gemma3-4b__reasoning_first/test__norag,section,inet,26,6,0.769231,0.579484,0.889662
gemma3-4b__reasoning_first/test__norag,section,money,8,0,0.625,0.305742,0.863156
gemma3-4b__reasoning_first/test__norag,section,surabaya,1,0,1.0,0.206549,1.0
gemma3-4b__reasoning_first/test__norag,section,travel,21,1,0.952381,0.773306,0.991544
gemma3-4b__reasoning_first/test__norag,section,food,52,2,0.961538,0.870188,0.989388
gemma3-4b__reasoning_first/test__norag,section,daerah,12,0,0.666667,0.390622,0.86188
gemma3-4b__reasoning_first/test__norag,section,gaya,23,0,1.0,0.856883,1.0
gemma3-4b__reasoning_first/test__norag,section,showbiz,24,1,0.958333,0.797582,0.992607
gemma3-4b__reasoning_first/test__norag,section,berita,13,0,0.692308,0.423693,0.873193
gemma3-4b__reasoning_first/test__norag,section,properti,10,0,0.9,0.59585,0.982124
gemma3-4b__reasoning_first/test__norag,section,finance,35,8,0.771429,0.609827,0.879341
gemma3-4b__reasoning_first/test__norag,section,trending,4,0,1.0,0.510109,1.0
gemma3-4b__reasoning_first/test__norag,section,dunia,7,0,1.0,0.64567,1.0
gemma3-4b__reasoning_first/test__norag,section,seleb,11,0,1.0,0.741167,1.0
gemma3-4b__reasoning_first/test__norag,section,wolipop,10,0,1.0,0.722467,1.0
gemma3-4b__reasoning_first/test__norag,section,ekbis,13,2,0.769231,0.497436,0.918205
gemma3-4b__reasoning_first/test__norag,section,politics,16,0,1.0,0.806392,1.0
gemma3-4b__reasoning_first/test__norag,section,opinion,9,0,0.777778,0.452589,0.936775
gemma3-4b__reasoning_first/test__norag,section,gaya-hidup,16,1,0.6875,0.444044,0.858354
gemma3-4b__reasoning_first/test__norag,section,regional,6,0,1.0,0.609666,1.0
gemma3-4b__reasoning_first/test__norag,section,ragam,11,0,1.0,0.741167,1.0
gemma3-4b__reasoning_first/test__norag,section,international,11,0,1.0,0.741167,1.0
gemma3-4b__reasoning_first/test__norag,section,hot,17,1,0.941176,0.73018,0.98954
gemma3-4b__reasoning_first/test__norag,section,makassar,1,0,1.0,0.206549,1.0
gemma3-4b__reasoning_first/test__norag,section,sains,13,0,0.923077,0.66686,0.98629
gemma3-4b__reasoning_first/test__norag,section,go,1,1,1.0,0.206549,1.0
gemma3-4b__reasoning_first/test__norag,section,militer,2,0,1.0,0.34238,1.0
gemma3-4b__reasoning_first/test__norag,section,life,7,0,0.714286,0.358934,0.917781
gemma3-4b__reasoning_first/test__norag,section,sponsored-sections,1,0,0.0,0.0,0.793451
gemma3-4b__reasoning_first/test__norag,section,badminton,1,0,1.0,0.206549,1.0
gemma3-4b__reasoning_first/test__norag,section,edu,2,0,1.0,0.34238,1.0
gemma3-4b__reasoning_first/test__norag,section,bandung,1,0,1.0,0.206549,1.0
gemma3-4b__reasoning_first/test__rag_k5,host,kompas.com,79,1,0.974684,0.912314,0.99303
gemma3-4b__reasoning_first/test__rag_k5,host,thestar.com,717,364,0.984658,0.972739,0.991412
gemma3-4b__reasoning_first/test__rag_k5,host,biz.kompas.com,420,420,1.0,0.990937,1.0
gemma3-4b__reasoning_first/test__rag_k5,host,sport.tempo.co,14,0,1.0,0.784689,1.0
gemma3-4b__reasoning_first/test__rag_k5,host,tekno.tempo.co,19,2,0.947368,0.753613,0.990648
gemma3-4b__reasoning_first/test__rag_k5,host,viva.co.id,292,177,0.94863,0.916984,0.968625
gemma3-4b__reasoning_first/test__rag_k5,host,lifestyle.sindonews.com,41,4,0.878049,0.744558,0.946767
gemma3-4b__reasoning_first/test__rag_k5,host,oto.detik.com,11,4,0.727273,0.434355,0.902539
gemma3-4b__reasoning_first/test__rag_k5,host,otomotif.tempo.co,13,0,0.923077,0.66686,0.98629
gemma3-4b__reasoning_first/test__rag_k5,host,tekno.sindonews.com,42,19,0.833333,0.69396,0.916841
gemma3-4b__reasoning_first/test__rag_k5,host,metro.tempo.co,7,0,1.0,0.64567,1.0
gemma3-4b__reasoning_first/test__rag_k5,host,bola.tempo.co,10,0,1.0,0.722467,1.0
gemma3-4b__reasoning_first/test__rag_k5,host,sports.sindonews.com,9,9,0.777778,0.452589,0.936775
gemma3-4b__reasoning_first/test__rag_k5,host,health.detik.com,11,1,0.909091,0.622642,0.983768
gemma3-4b__reasoning_first/test__rag_k5,host,bisnis.tempo.co,15,2,0.866667,0.62118,0.962639
gemma3-4b__reasoning_first/test__rag_k5,host,health.kompas.com,21,0,1.0,0.845361,1.0
gemma3-4b__reasoning_first/test__rag_k5,host,megapolitan.kompas.com,12,0,1.0,0.757506,1.0
gemma3-4b__reasoning_first/test__rag_k5,host,nasional.sindonews.com,38,30,0.763158,0.607932,0.870063
gemma3-4b__reasoning_first/test__rag_k5,host,lifestyle.kompas.com,18,1,0.944444,0.742427,0.990125
gemma3-4b__reasoning_first/test__rag_k5,host,inet.detik.com,26,6,0.846154,0.664688,0.9385
gemma3-4b__reasoning_first/test__rag_k5,host,news.detik.com,29,6,0.896552,0.736149,0.964185
gemma3-4b__reasoning_first/test__rag_k5,host,otomotif.kompas.com,21,5,0.761905,0.549088,0.89372
gemma3-4b__reasoning_first/test__rag_k5,host,otomotif.sindonews.com,18,6,0.944444,0.742427,0.990125
gemma3-4b__reasoning_first/test__rag_k5,host,money.kompas.com,8,0,1.0,0.675592,1.0
gemma3-4b__reasoning_first/test__rag_k5,host,edukasi.sindonews.com,23,8,0.913043,0.73204,0.97582
gemma3-4b__reasoning_first/test__rag_k5,host,surabaya.kompas.com,1,0,1.0,0.206549,1.0
gemma3-4b__reasoning_first/test__rag_k5,host,travel.tempo.co,21,1,0.952381,0.773306,0.991544
gemma3-4b__reasoning_first/test__rag_k5,host,food.detik.com,31,2,0.967742,0.838059,0.994283
gemma3-4b__reasoning_first/test__rag_k5,host,daerah.sindonews.com,12,0,0.833333,0.551969,0.953035
gemma3-4b__reasoning_first/test__rag_k5,host,gaya.tempo.co,23,0,1.0,0.856883,1.0
gemma3-4b__reasoning_first/test__rag_k5,host,finance.detik.com,35,8,0.8,0.641084,0.899576
gemma3-4b__reasoning_first/test__rag_k5,host,dunia.tempo.co,7,0,1.0,0.64567,1.0
gemma3-4b__reasoning_first/test__rag_k5,host,seleb.tempo.co,11,0,1.0,0.741167,1.0
gemma3-4b__reasoning_first/test__rag_k5,host,sport.detik.com,20,0,1.0,0.838875,1.0
gemma3-4b__reasoning_first/test__rag_k5,host,wolipop.detik.com,10,0,1.0,0.722467,1.0
gemma3-4b__reasoning_first/test__rag_k5,host,ekbis.sindonews.com,13,2,0.846154,0.577654,0.956742
gemma3-4b__reasoning_first/test__rag_k5,host,tekno.kompas.com,6,1,1.0,0.609666,1.0
gemma3-4b__reasoning_first/test__rag_k5,host,nasional.kompas.com,7,0,1.0,0.64567,1.0
gemma3-4b__reasoning_first/test__rag_k5,host,regional.kompas.com,6,0,1.0,0.609666,1.0
gemma3-4b__reasoning_first/test__rag_k5,host,international.sindonews.com,11,0,1.0,0.741167,1.0
gemma3-4b__reasoning_first/test__rag_k5,host,hot.detik.com,17,1,0.941176,0.73018,0.98954
gemma3-4b__reasoning_first/test__rag_k5,host,makassar.kompas.com,1,0,1.0,0.206549,1.0
gemma3-4b__reasoning_first/test__rag_k5,host,sains.sindonews.com,13,0,1.0,0.771905,1.0
gemma3-4b__reasoning_first/test__rag_k5,host,go.kompas.com,1,1,1.0,0.206549,1.0
gemma3-4b__reasoning_first/test__rag_k5,host,bola.kompas.com,3,0,1.0,0.438503,1.0
gemma3-4b__reasoning_first/test__rag_k5,host,nasional.tempo.co,1,0,1.0,0.206549,1.0
gemma3-4b__reasoning_first/test__rag_k5,host,bandung.kompas.com,1,0,1.0,0.206549,1.0
gemma3-4b__reasoning_first/test__rag_k5,section,global,13,0,1.0,0.771905,1.0
gemma3-4b__reasoning_first/test__rag_k5,section,skola,9,0,1.0,0.700855,1.0
gemma3-4b__reasoning_first/test__rag_k5,section,sports,179,9,0.988827,0.960183,0.996931
gemma3-4b__reasoning_first/test__rag_k5,section,biz,420,420,1.0,0.990937,1.0
gemma3-4b__reasoning_first/test__rag_k5,section,sport,40,0,0.975,0.871186,0.995573
gemma3-4b__reasoning_first/test__rag_k5,section,tekno,67,22,0.880597,0.78168,0.938238
gemma3-4b__reasoning_first/test__rag_k5,section,homey,10,1,0.9,0.59585,0.982124
gemma3-4b__reasoning_first/test__rag_k5,section,tren,9,0,1.0,0.700855,1.0
gemma3-4b__reasoning_first/test__rag_k5,section,siaran-pers,170,170,1.0,0.977903,1.0
gemma3-4b__reasoning_first/test__rag_k5,section,lifestyle,59,5,0.898305,0.795362,0.952552
gemma3-4b__reasoning_first/test__rag_k5,section,news,158,6,0.968354,0.928067,0.986409
gemma3-4b__reasoning_first/test__rag_k5,section,globenewswire,364,364,1.0,0.989557,1.0
gemma3-4b__reasoning_first/test__rag_k5,section,oto,11,4,0.727273,0.434355,0.902539
gemma3-4b__reasoning_first/test__rag_k5,section,otomotif,55,12,0.854545,0.738391,0.924407
gemma3-4b__reasoning_first/test__rag_k5,section,entertainment,9,0,0.888889,0.565,0.980109
gemma3-4b__reasoning_first/test__rag_k5,section,metro,7,0,1.0,0.64567,1.0
gemma3-4b__reasoning_first/test__rag_k5,section,bola,29,0,1.0,0.88303,1.0
gemma3-4b__reasoning_first/test__rag_k5,section,health,32,1,0.96875,0.842557,0.994462
gemma3-4b__reasoning_first/test__rag_k5,section,bisnis,15,2,0.866667,0.62118,0.962639
gemma3-4b__reasoning_first/test__rag_k5,section,business,16,0,0.75,0.505017,0.898179
gemma3-4b__reasoning_first/test__rag_k5,section,digital,17,4,0.705882,0.468669,0.8672
gemma3-4b__reasoning_first/test__rag_k5,section,megapolitan,12,0,1.0,0.757506,1.0
gemma3-4b__reasoning_first/test__rag_k5,section,edukasi,33,8,0.939394,0.803938,0.983219
gemma3-4b__reasoning_first/test__rag_k5,section,nasional,46,30,0.804348,0.668287,0.893494
gemma3-4b__reasoning_first/test__rag_k5,section,inet,26,6,0.846154,0.664688,0.9385
gemma3-4b__reasoning_first/test__rag_k5,section,money,8,0,1.0,0.675592,1.0
gemma3-4b__reasoning_first/test__rag_k5,section,surabaya,1,0,1.0,0.206549,1.0
gemma3-4b__reasoning_first/test__rag_k5,section,travel,21,1,0.952381,0.773306,0.991544
gemma3-4b__reasoning_first/test__rag_k5,section,food,52,2,0.980769,0.898795,0.996597
gemma3-4b__reasoning_first/test__rag_k5,section,daerah,12,0,0.833333,0.551969,0.953035
gemma3-4b__reasoning_first/test__rag_k5,section,gaya,23,0,1.0,0.856883,1.0
gemma3-4b__reasoning_first/test__rag_k5,section,showbiz,24,1,0.958333,0.797582,0.992607
gemma3-4b__reasoning_first/test__rag_k5,section,berita,13,0,0.769231,0.497436,0.918205
gemma3-4b__reasoning_first/test__rag_k5,section,properti,10,0,0.9,0.59585,0.982124
gemma3-4b__reasoning_first/test__rag_k5,section,finance,35,8,0.8,0.641084,0.899576
gemma3-4b__reasoning_first/test__rag_k5,section,trending,4,0,1.0,0.510109,1.0
gemma3-4b__reasoning_first/test__rag_k5,section,dunia,7,0,1.0,0.64567,1.0
gemma3-4b__reasoning_first/test__rag_k5,section,seleb,11,0,1.0,0.741167,1.0
gemma3-4b__reasoning_first/test__rag_k5,section,wolipop,10,0,1.0,0.722467,1.0
gemma3-4b__reasoning_first/test__rag_k5,section,ekbis,13,2,0.846154,0.577654,0.956742
gemma3-4b__reasoning_first/test__rag_k5,section,politics,16,0,0.9375,0.716713,0.988881
gemma3-4b__reasoning_first/test__rag_k5,section,opinion,9,0,0.888889,0.565,0.980109
gemma3-4b__reasoning_first/test__rag_k5,section,gaya-hidup,16,1,0.75,0.505017,0.898179
gemma3-4b__reasoning_first/test__rag_k5,section,regional,6,0,1.0,0.609666,1.0
gemma3-4b__reasoning_first/test__rag_k5,section,ragam,11,0,1.0,0.741167,1.0
gemma3-4b__reasoning_first/test__rag_k5,section,international,11,0,1.0,0.741167,1.0
gemma3-4b__reasoning_first/test__rag_k5,section,hot,17,1,0.941176,0.73018,0.98954
gemma3-4b__reasoning_first/test__rag_k5,section,makassar,1,0,1.0,0.206549,1.0
gemma3-4b__reasoning_first/test__rag_k5,section,sains,13,0,1.0,0.771905,1.0
gemma3-4b__reasoning_first/test__rag_k5,section,go,1,1,1.0,0.206549,1.0
gemma3-4b__reasoning_first/test__rag_k5,section,militer,2,0,1.0,0.34238,1.0
gemma3-4b__reasoning_first/test__rag_k5,section,life,7,0,0.857143,0.486872,0.97432
gemma3-4b__reasoning_first/test__rag_k5,section,sponsored-sections,1,0,0.0,0.0,0.793451
gemma3-4b__reasoning_first/test__rag_k5,section,badminton,1,0,1.0,0.206549,1.0
gemma3-4b__reasoning_first/test__rag_k5,section,edu,2,0,1.0,0.34238,1.0
gemma3-4b__reasoning_first/test__rag_k5,section,bandung,1,0,1.0,0.206549,1.0
gemma3-4b__reasoning_first/test_xsource__norag,host,cnnindonesia.com,2367,1205,0.765948,0.748469,0.782566
gemma3-4b__reasoning_first/test_xsource__norag,section,teknologi,193,111,0.80829,0.746954,0.857593
gemma3-4b__reasoning_first/test_xsource__norag,section,olahraga,291,17,0.962199,0.933591,0.978764
gemma3-4b__reasoning_first/test_xsource__norag,section,internasional,216,90,0.847222,0.793212,0.889098
gemma3-4b__reasoning_first/test_xsource__norag,section,nasional,749,383,0.682243,0.648041,0.714585
gemma3-4b__reasoning_first/test_xsource__norag,section,ekonomi,299,168,0.70903,0.655154,0.757603
gemma3-4b__reasoning_first/test_xsource__norag,section,otomotif,16,1,0.75,0.505017,0.898179
gemma3-4b__reasoning_first/test_xsource__norag,section,hiburan,182,103,0.763736,0.696969,0.8196
gemma3-4b__reasoning_first/test_xsource__norag,section,gaya-hidup,416,332,0.757212,0.713777,0.795939
gemma3-4b__reasoning_first/test_xsource__norag,section,edukasi,5,0,1.0,0.565518,1.0
gemma3-4b__reasoning_first/test_xsource__rag_k5,host,cnnindonesia.com,2367,1205,0.731728,0.713514,0.749191
gemma3-4b__reasoning_first/test_xsource__rag_k5,section,teknologi,193,111,0.823834,0.763921,0.871108
gemma3-4b__reasoning_first/test_xsource__rag_k5,section,olahraga,291,17,0.955326,0.925079,0.973709
gemma3-4b__reasoning_first/test_xsource__rag_k5,section,internasional,216,90,0.768519,0.707875,0.819778
gemma3-4b__reasoning_first/test_xsource__rag_k5,section,nasional,749,383,0.654206,0.619434,0.687403
gemma3-4b__reasoning_first/test_xsource__rag_k5,section,ekonomi,299,168,0.652174,0.596567,0.70392
gemma3-4b__reasoning_first/test_xsource__rag_k5,section,otomotif,16,1,0.625,0.38641,0.815188
gemma3-4b__reasoning_first/test_xsource__rag_k5,section,hiburan,182,103,0.708791,0.639014,0.769937
gemma3-4b__reasoning_first/test_xsource__rag_k5,section,gaya-hidup,416,332,0.721154,0.676188,0.762073
gemma3-4b__reasoning_first/test_xsource__rag_k5,section,edukasi,5,0,1.0,0.565518,1.0
llama3.2-1b__reasoning_first/test__norag,host,kompas.com,79,1,0.936709,0.860251,0.972665
llama3.2-1b__reasoning_first/test__norag,host,thestar.com,717,364,0.980474,0.967494,0.988334
llama3.2-1b__reasoning_first/test__norag,host,biz.kompas.com,420,420,1.0,0.990937,1.0
llama3.2-1b__reasoning_first/test__norag,host,sport.tempo.co,14,0,0.928571,0.685313,0.987278
llama3.2-1b__reasoning_first/test__norag,host,tekno.tempo.co,19,2,0.894737,0.686059,0.970641
llama3.2-1b__reasoning_first/test__norag,host,viva.co.id,292,177,0.938356,0.904673,0.960655
llama3.2-1b__reasoning_first/test__norag,host,lifestyle.sindonews.com,41,4,0.926829,0.805726,0.974802
llama3.2-1b__reasoning_first/test__norag,host,oto.detik.com,11,4,0.909091,0.622642,0.983768
llama3.2-1b__reasoning_first/test__norag,host,otomotif.tempo.co,13,0,0.923077,0.66686,0.98629
llama3.2-1b__reasoning_first/test__norag,host,tekno.sindonews.com,42,19,0.785714,0.640602,0.882942
llama3.2-1b__reasoning_first/test__norag,host,metro.tempo.co,7,0,0.857143,0.486872,0.97432
llama3.2-1b__reasoning_first/test__norag,host,bola.tempo.co,10,0,0.9,0.59585,0.982124
llama3.2-1b__reasoning_first/test__norag,host,sports.sindonews.com,9,9,0.777778,0.452589,0.936775
llama3.2-1b__reasoning_first/test__norag,host,health.detik.com,11,1,0.909091,0.622642,0.983768
llama3.2-1b__reasoning_first/test__norag,host,bisnis.tempo.co,15,2,0.933333,0.701835,0.988133
llama3.2-1b__reasoning_first/test__norag,host,health.kompas.com,21,0,0.952381,0.773306,0.991544
llama3.2-1b__reasoning_first/test__norag,host,megapolitan.kompas.com,12,0,1.0,0.757506,1.0
llama3.2-1b__reasoning_first/test__norag,host,nasional.sindonews.com,38,30,0.815789,0.665811,0.907782
llama3.2-1b__reasoning_first/test__norag,host,lifestyle.kompas.com,18,1,0.944444,0.742427,0.990125
llama3.2-1b__reasoning_first/test__norag,host,inet.detik.com,26,6,0.846154,0.664688,0.9385
llama3.2-1b__reasoning_first/test__norag,host,news.detik.com,29,6,0.827586,0.654516,0.924021
llama3.2-1b__reasoning_first/test__norag,host,otomotif.kompas.com,21,5,0.714286,0.500436,0.861861
llama3.2-1b__reasoning_first/test__norag,host,otomotif.sindonews.com,18,6,0.888889,0.672002,0.96898
llama3.2-1b__reasoning_first/test__norag,host,money.kompas.com,8,0,0.625,0.305742,0.863156
llama3.2-1b__reasoning_first/test__norag,host,edukasi.sindonews.com,23,8,0.956522,0.790088,0.992283
llama3.2-1b__reasoning_first/test__norag,host,surabaya.kompas.com,1,0,1.0,0.206549,1.0
llama3.2-1b__reasoning_first/test__norag,host,travel.tempo.co,21,1,0.904762,0.710859,0.973481
llama3.2-1b__reasoning_first/test__norag,host,food.detik.com,31,2,0.967742,0.838059,0.994283
llama3.2-1b__reasoning_first/test__norag,host,daerah.sindonews.com,12,0,0.666667,0.390622,0.86188
llama3.2-1b__reasoning_first/test__norag,host,gaya.tempo.co,23,0,0.956522,0.790088,0.992283
llama3.2-1b__reasoning_first/test__norag,host,finance.detik.com,35,8,0.657143,0.491519,0.791683
llama3.2-1b__reasoning_first/test__norag,host,dunia.tempo.co,7,0,1.0,0.64567,1.0
llama3.2-1b__reasoning_first/test__norag,host,seleb.tempo.co,11,0,1.0,0.741167,1.0
llama3.2-1b__reasoning_first/test__norag,host,sport.detik.com,20,0,1.0,0.838875,1.0
llama3.2-1b__reasoning_first/test__norag,host,wolipop.detik.com,10,0,1.0,0.722467,1.0
llama3.2-1b__reasoning_first/test__norag,host,ekbis.sindonews.com,13,2,0.769231,0.497436,0.918205
llama3.2-1b__reasoning_first/test__norag,host,tekno.kompas.com,6,1,1.0,0.609666,1.0
llama3.2-1b__reasoning_first/test__norag,host,nasional.kompas.com,7,0,0.857143,0.486872,0.97432
llama3.2-1b__reasoning_first/test__norag,host,regional.kompas.com,6,0,1.0,0.609666,1.0
llama3.2-1b__reasoning_first/test__norag,host,international.sindonews.com,11,0,1.0,0.741167,1.0
llama3.2-1b__reasoning_first/test__norag,host,hot.detik.com,17,1,0.941176,0.73018,0.98954
llama3.2-1b__reasoning_first/test__norag,host,makassar.kompas.com,1,0,1.0,0.206549,1.0
llama3.2-1b__reasoning_first/test__norag,host,sains.sindonews.com,13,0,1.0,0.771905,1.0
llama3.2-1b__reasoning_first/test__norag,host,go.kompas.com,1,1,1.0,0.206549,1.0
llama3.2-1b__reasoning_first/test__norag,host,bola.kompas.com,3,0,1.0,0.438503,1.0
llama3.2-1b__reasoning_first/test__norag,host,nasional.tempo.co,1,0,1.0,0.206549,1.0
llama3.2-1b__reasoning_first/test__norag,host,bandung.kompas.com,1,0,1.0,0.206549,1.0
llama3.2-1b__reasoning_first/test__norag,section,global,13,0,1.0,0.771905,1.0
llama3.2-1b__reasoning_first/test__norag,section,skola,9,0,0.888889,0.565,0.980109
llama3.2-1b__reasoning_first/test__norag,section,sports,179,9,0.977654,0.94396,0.991276
llama3.2-1b__reasoning_first/test__norag,section,biz,420,420,1.0,0.990937,1.0
llama3.2-1b__reasoning_first/test__norag,section,sport,40,0,0.975,0.871186,0.995573
llama3.2-1b__reasoning_first/test__norag,section,tekno,67,22,0.835821,0.729447,0.905774
llama3.2-1b__reasoning_first/test__norag,section,homey,10,1,0.8,0.490162,0.943318
llama3.2-1b__reasoning_first/test__norag,section,tren,9,0,1.0,0.700855,1.0
llama3.2-1b__reasoning_first/test__norag,section,siaran-pers,170,170,0.976471,0.941071,0.990813
llama3.2-1b__reasoning_first/test__norag,section,lifestyle,59,5,0.932203,0.838245,0.973321
llama3.2-1b__reasoning_first/test__norag,section,news,158,6,0.943038,0.895298,0.969746
llama3.2-1b__reasoning_first/test__norag,section,globenewswire,364,364,1.0,0.989557,1.0
llama3.2-1b__reasoning_first/test__norag,section,oto,11,4,0.909091,0.622642,0.983768
llama3.2-1b__reasoning_first/test__norag,section,otomotif,55,12,0.818182,0.696695,0.898123
llama3.2-1b__reasoning_first/test__norag,section,entertainment,9,0,1.0,0.700855,1.0
llama3.2-1b__reasoning_first/test__norag,section,metro,7,0,0.857143,0.486872,0.97432
llama3.2-1b__reasoning_first/test__norag,section,bola,29,0,0.965517,0.828245,0.993887
llama3.2-1b__reasoning_first/test__norag,section,health,32,1,0.9375,0.798529,0.982689
llama3.2-1b__reasoning_first/test__norag,section,bisnis,15,2,0.933333,0.701835,0.988133
llama3.2-1b__reasoning_first/test__norag,section,business,16,0,0.9375,0.716713,0.988881
llama3.2-1b__reasoning_first/test__norag,section,digital,17,4,0.647059,0.413004,0.826903
llama3.2-1b__reasoning_first/test__norag,section,megapolitan,12,0,1.0,0.757506,1.0
llama3.2-1b__reasoning_first/test__norag,section,edukasi,33,8,0.939394,0.803938,0.983219
llama3.2-1b__reasoning_first/test__norag,section,nasional,46,30,0.826087,0.692766,0.909142
llama3.2-1b__reasoning_first/test__norag,section,inet,26,6,0.846154,0.664688,0.9385
llama3.2-1b__reasoning_first/test__norag,section,money,8,0,0.625,0.305742,0.863156
llama3.2-1b__reasoning_first/test__norag,section,surabaya,1,0,1.0,0.206549,1.0
llama3.2-1b__reasoning_first/test__norag,section,travel,21,1,0.904762,0.710859,0.973481
llama3.2-1b__reasoning_first/test__norag,section,food,52,2,0.980769,0.898795,0.996597
llama3.2-1b__reasoning_first/test__norag,section,daerah,12,0,0.666667,0.390622,0.86188
llama3.2-1b__reasoning_first/test__norag,section,gaya,23,0,0.956522,0.790088,0.992283
llama3.2-1b__reasoning_first/test__norag,section,showbiz,24,1,0.958333,0.797582,0.992607
llama3.2-1b__reasoning_first/test__norag,section,berita,13,0,0.769231,0.497436,0.918205
llama3.2-1b__reasoning_first/test__norag,section,properti,10,0,0.8,0.490162,0.943318
llama3.2-1b__reasoning_first/test__norag,section,finance,35,8,0.657143,0.491519,0.791683
llama3.2-1b__reasoning_first/test__norag,section,trending,4,0,1.0,0.510109,1.0
llama3.2-1b__reasoning_first/test__norag,section,dunia,7,0,1.0,0.64567,1.0
llama3.2-1b__reasoning_first/test__norag,section,seleb,11,0,1.0,0.741167,1.0
llama3.2-1b__reasoning_first/test__norag,section,wolipop,10,0,1.0,0.722467,1.0
llama3.2-1b__reasoning_first/test__norag,section,ekbis,13,2,0.769231,0.497436,0.918205
llama3.2-1b__reasoning_first/test__norag,section,politics,16,0,1.0,0.806392,1.0
llama3.2-1b__reasoning_first/test__norag,section,opinion,9,0,0.666667,0.354202,0.879416
llama3.2-1b__reasoning_first/test__norag,section,gaya-hidup,16,1,0.875,0.639772,0.965023
llama3.2-1b__reasoning_first/test__norag,section,regional,6,0,1.0,0.609666,1.0
llama3.2-1b__reasoning_first/test__norag,section,ragam,11,0,1.0,0.741167,1.0
llama3.2-1b__reasoning_first/test__norag,section,international,11,0,1.0,0.741167,1.0
llama3.2-1b__reasoning_first/test__norag,section,hot,17,1,0.941176,0.73018,0.98954
llama3.2-1b__reasoning_first/test__norag,section,makassar,1,0,1.0,0.206549,1.0
llama3.2-1b__reasoning_first/test__norag,section,sains,13,0,1.0,0.771905,1.0
llama3.2-1b__reasoning_first/test__norag,section,go,1,1,1.0,0.206549,1.0
llama3.2-1b__reasoning_first/test__norag,section,militer,2,0,1.0,0.34238,1.0
llama3.2-1b__reasoning_first/test__norag,section,life,7,0,0.571429,0.250458,0.84178
llama3.2-1b__reasoning_first/test__norag,section,sponsored-sections,1,0,0.0,0.0,0.793451
llama3.2-1b__reasoning_first/test__norag,section,badminton,1,0,1.0,0.206549,1.0
llama3.2-1b__reasoning_first/test__norag,section,edu,2,0,1.0,0.34238,1.0
llama3.2-1b__reasoning_first/test__norag,section,bandung,1,0,1.0,0.206549,1.0
llama3.2-1b__reasoning_first/test__rag_k5,host,kompas.com,79,1,0.962025,0.894199,0.987002
llama3.2-1b__reasoning_first/test__rag_k5,host,thestar.com,717,364,0.981869,0.969228,0.989374
llama3.2-1b__reasoning_first/test__rag_k5,host,biz.kompas.com,420,420,0.995238,0.982806,0.998693
llama3.2-1b__reasoning_first/test__rag_k5,host,sport.tempo.co,14,0,1.0,0.784689,1.0
llama3.2-1b__reasoning_first/test__rag_k5,host,tekno.tempo.co,19,2,0.947368,0.753613,0.990648
llama3.2-1b__reasoning_first/test__rag_k5,host,viva.co.id,292,177,0.938356,0.904673,0.960655
llama3.2-1b__reasoning_first/test__rag_k5,host,lifestyle.sindonews.com,41,4,0.902439,0.774523,0.961403
llama3.2-1b__reasoning_first/test__rag_k5,host,oto.detik.com,11,4,0.727273,0.434355,0.902539
llama3.2-1b__reasoning_first/test__rag_k5,host,otomotif.tempo.co,13,0,1.0,0.771905,1.0
llama3.2-1b__reasoning_first/test__rag_k5,host,tekno.sindonews.com,42,19,0.857143,0.721589,0.93284
llama3.2-1b__reasoning_first/test__rag_k5,host,metro.tempo.co,7,0,0.857143,0.486872,0.97432
llama3.2-1b__reasoning_first/test__rag_k5,host,bola.tempo.co,10,0,1.0,0.722467,1.0
llama3.2-1b__reasoning_first/test__rag_k5,host,sports.sindonews.com,9,9,0.777778,0.452589,0.936775
llama3.2-1b__reasoning_first/test__rag_k5,host,health.detik.com,11,1,0.909091,0.622642,0.983768
llama3.2-1b__reasoning_first/test__rag_k5,host,bisnis.tempo.co,15,2,0.866667,0.62118,0.962639
llama3.2-1b__reasoning_first/test__rag_k5,host,health.kompas.com,21,0,0.952381,0.773306,0.991544
llama3.2-1b__reasoning_first/test__rag_k5,host,megapolitan.kompas.com,12,0,0.916667,0.64612,0.985135
llama3.2-1b__reasoning_first/test__rag_k5,host,nasional.sindonews.com,38,30,0.815789,0.665811,0.907782
llama3.2-1b__reasoning_first/test__rag_k5,host,lifestyle.kompas.com,18,1,0.944444,0.742427,0.990125
llama3.2-1b__reasoning_first/test__rag_k5,host,inet.detik.com,26,6,0.884615,0.710241,0.959968
llama3.2-1b__reasoning_first/test__rag_k5,host,news.detik.com,29,6,0.862069,0.69441,0.945026
llama3.2-1b__reasoning_first/test__rag_k5,host,otomotif.kompas.com,21,5,0.809524,0.599994,0.923324
llama3.2-1b__reasoning_first/test__rag_k5,host,otomotif.sindonews.com,18,6,0.944444,0.742427,0.990125
llama3.2-1b__reasoning_first/test__rag_k5,host,money.kompas.com,8,0,0.875,0.529112,0.977583
llama3.2-1b__reasoning_first/test__rag_k5,host,edukasi.sindonews.com,23,8,0.956522,0.790088,0.992283
llama3.2-1b__reasoning_first/test__rag_k5,host,surabaya.kompas.com,1,0,1.0,0.206549,1.0
llama3.2-1b__reasoning_first/test__rag_k5,host,travel.tempo.co,21,1,0.952381,0.773306,0.991544
llama3.2-1b__reasoning_first/test__rag_k5,host,food.detik.com,31,2,0.935484,0.792814,0.982125
llama3.2-1b__reasoning_first/test__rag_k5,host,daerah.sindonews.com,12,0,0.666667,0.390622,0.86188
llama3.2-1b__reasoning_first/test__rag_k5,host,gaya.tempo.co,23,0,0.913043,0.73204,0.97582
llama3.2-1b__reasoning_first/test__rag_k5,host,finance.detik.com,35,8,0.657143,0.491519,0.791683
llama3.2-1b__reasoning_first/test__rag_k5,host,dunia.tempo.co,7,0,1.0,0.64567,1.0
llama3.2-1b__reasoning_first/test__rag_k5,host,seleb.tempo.co,11,0,1.0,0.741167,1.0
llama3.2-1b__reasoning_first/test__rag_k5,host,sport.detik.com,20,0,1.0,0.838875,1.0
llama3.2-1b__reasoning_first/test__rag_k5,host,wolipop.detik.com,10,0,1.0,0.722467,1.0
llama3.2-1b__reasoning_first/test__rag_k5,host,ekbis.sindonews.com,13,2,0.846154,0.577654,0.956742
llama3.2-1b__reasoning_first/test__rag_k5,host,tekno.kompas.com,6,1,1.0,0.609666,1.0
llama3.2-1b__reasoning_first/test__rag_k5,host,nasional.kompas.com,7,0,1.0,0.64567,1.0
llama3.2-1b__reasoning_first/test__rag_k5,host,regional.kompas.com,6,0,0.833333,0.436497,0.969947
llama3.2-1b__reasoning_first/test__rag_k5,host,international.sindonews.com,11,0,1.0,0.741167,1.0
llama3.2-1b__reasoning_first/test__rag_k5,host,hot.detik.com,17,1,0.941176,0.73018,0.98954
llama3.2-1b__reasoning_first/test__rag_k5,host,makassar.kompas.com,1,0,1.0,0.206549,1.0
llama3.2-1b__reasoning_first/test__rag_k5,host,sains.sindonews.com,13,0,1.0,0.771905,1.0
llama3.2-1b__reasoning_first/test__rag_k5,host,go.kompas.com,1,1,1.0,0.206549,1.0
llama3.2-1b__reasoning_first/test__rag_k5,host,bola.kompas.com,3,0,1.0,0.438503,1.0
llama3.2-1b__reasoning_first/test__rag_k5,host,nasional.tempo.co,1,0,1.0,0.206549,1.0
llama3.2-1b__reasoning_first/test__rag_k5,host,bandung.kompas.com,1,0,1.0,0.206549,1.0
llama3.2-1b__reasoning_first/test__rag_k5,section,global,13,0,1.0,0.771905,1.0
llama3.2-1b__reasoning_first/test__rag_k5,section,skola,9,0,1.0,0.700855,1.0
llama3.2-1b__reasoning_first/test__rag_k5,section,sports,179,9,0.988827,0.960183,0.996931
llama3.2-1b__reasoning_first/test__rag_k5,section,biz,420,420,0.995238,0.982806,0.998693
llama3.2-1b__reasoning_first/test__rag_k5,section,sport,40,0,1.0,0.912378,1.0
llama3.2-1b__reasoning_first/test__rag_k5,section,tekno,67,22,0.895522,0.799687,0.948462
llama3.2-1b__reasoning_first/test__rag_k5,section,homey,10,1,0.8,0.490162,0.943318
llama3.2-1b__reasoning_first/test__rag_k5,section,tren,9,0,1.0,0.700855,1.0
llama3.2-1b__reasoning_first/test__rag_k5,section,siaran-pers,170,170,0.976471,0.941071,0.990813
llama3.2-1b__reasoning_first/test__rag_k5,section,lifestyle,59,5,0.915254,0.816482,0.963258
llama3.2-1b__reasoning_first/test__rag_k5,section,news,158,6,0.968354,0.928067,0.986409
llama3.2-1b__reasoning_first/test__rag_k5,section,globenewswire,364,364,1.0,0.989557,1.0
llama3.2-1b__reasoning_first/test__rag_k5,section,oto,11,4,0.727273,0.434355,0.902539
llama3.2-1b__reasoning_first/test__rag_k5,section,otomotif,55,12,0.872727,0.75983,0.936958
llama3.2-1b__reasoning_first/test__rag_k5,section,entertainment,9,0,0.888889,0.565,0.980109
llama3.2-1b__reasoning_first/test__rag_k5,section,metro,7,0,0.857143,0.486872,0.97432
llama3.2-1b__reasoning_first/test__rag_k5,section,bola,29,0,0.965517,0.828245,0.993887
llama3.2-1b__reasoning_first/test__rag_k5,section,health,32,1,0.9375,0.798529,0.982689
llama3.2-1b__reasoning_first/test__rag_k5,section,bisnis,15,2,0.866667,0.62118,0.962639
llama3.2-1b__reasoning_first/test__rag_k5,section,business,16,0,0.8125,0.569911,0.934084
llama3.2-1b__reasoning_first/test__rag_k5,section,digital,17,4,0.647059,0.413004,0.826903
llama3.2-1b__reasoning_first/test__rag_k5,section,megapolitan,12,0,0.916667,0.64612,0.985135
llama3.2-1b__reasoning_first/test__rag_k5,section,edukasi,33,8,0.969697,0.846813,0.994631
llama3.2-1b__reasoning_first/test__rag_k5,section,nasional,46,30,0.847826,0.717759,0.924277
llama3.2-1b__reasoning_first/test__rag_k5,section,inet,26,6,0.884615,0.710241,0.959968
llama3.2-1b__reasoning_first/test__rag_k5,section,money,8,0,0.875,0.529112,0.977583
llama3.2-1b__reasoning_first/test__rag_k5,section,surabaya,1,0,1.0,0.206549,1.0
llama3.2-1b__reasoning_first/test__rag_k5,section,travel,21,1,0.952381,0.773306,0.991544
llama3.2-1b__reasoning_first/test__rag_k5,section,food,52,2,0.961538,0.870188,0.989388
llama3.2-1b__reasoning_first/test__rag_k5,section,daerah,12,0,0.666667,0.390622,0.86188
llama3.2-1b__reasoning_first/test__rag_k5,section,gaya,23,0,0.913043,0.73204,0.97582
llama3.2-1b__reasoning_first/test__rag_k5,section,showbiz,24,1,0.958333,0.797582,0.992607
llama3.2-1b__reasoning_first/test__rag_k5,section,berita,13,0,0.923077,0.66686,0.98629
llama3.2-1b__reasoning_first/test__rag_k5,section,properti,10,0,0.9,0.59585,0.982124
llama3.2-1b__reasoning_first/test__rag_k5,section,finance,35,8,0.657143,0.491519,0.791683
llama3.2-1b__reasoning_first/test__rag_k5,section,trending,4,0,1.0,0.510109,1.0
llama3.2-1b__reasoning_first/test__rag_k5,section,dunia,7,0,1.0,0.64567,1.0
llama3.2-1b__reasoning_first/test__rag_k5,section,seleb,11,0,1.0,0.741167,1.0
llama3.2-1b__reasoning_first/test__rag_k5,section,wolipop,10,0,1.0,0.722467,1.0
llama3.2-1b__reasoning_first/test__rag_k5,section,ekbis,13,2,0.846154,0.577654,0.956742
llama3.2-1b__reasoning_first/test__rag_k5,section,politics,16,0,1.0,0.806392,1.0
llama3.2-1b__reasoning_first/test__rag_k5,section,opinion,9,0,0.666667,0.354202,0.879416
llama3.2-1b__reasoning_first/test__rag_k5,section,gaya-hidup,16,1,0.8125,0.569911,0.934084
llama3.2-1b__reasoning_first/test__rag_k5,section,regional,6,0,0.833333,0.436497,0.969947
llama3.2-1b__reasoning_first/test__rag_k5,section,ragam,11,0,1.0,0.741167,1.0
llama3.2-1b__reasoning_first/test__rag_k5,section,international,11,0,1.0,0.741167,1.0
llama3.2-1b__reasoning_first/test__rag_k5,section,hot,17,1,0.941176,0.73018,0.98954
llama3.2-1b__reasoning_first/test__rag_k5,section,makassar,1,0,1.0,0.206549,1.0
llama3.2-1b__reasoning_first/test__rag_k5,section,sains,13,0,1.0,0.771905,1.0
llama3.2-1b__reasoning_first/test__rag_k5,section,go,1,1,1.0,0.206549,1.0
llama3.2-1b__reasoning_first/test__rag_k5,section,militer,2,0,1.0,0.34238,1.0
llama3.2-1b__reasoning_first/test__rag_k5,section,life,7,0,0.428571,0.15822,0.749542
llama3.2-1b__reasoning_first/test__rag_k5,section,sponsored-sections,1,0,0.0,0.0,0.793451
llama3.2-1b__reasoning_first/test__rag_k5,section,badminton,1,0,1.0,0.206549,1.0
llama3.2-1b__reasoning_first/test__rag_k5,section,edu,2,0,1.0,0.34238,1.0
llama3.2-1b__reasoning_first/test__rag_k5,section,bandung,1,0,1.0,0.206549,1.0
llama3.2-1b__reasoning_first/test_xsource__norag,host,cnnindonesia.com,2367,1205,0.684833,0.66583,0.703237
llama3.2-1b__reasoning_first/test_xsource__norag,section,teknologi,193,111,0.782383,0.718967,0.834778
llama3.2-1b__reasoning_first/test_xsource__norag,section,olahraga,291,17,0.90378,0.86445,0.932588
llama3.2-1b__reasoning_first/test_xsource__norag,section,internasional,216,90,0.833333,0.777902,0.877116
llama3.2-1b__reasoning_first/test_xsource__norag,section,nasional,749,383,0.555407,0.519627,0.590622
llama3.2-1b__reasoning_first/test_xsource__norag,section,ekonomi,299,168,0.645485,0.589731,0.697548
llama3.2-1b__reasoning_first/test_xsource__norag,section,otomotif,16,1,0.625,0.38641,0.815188
llama3.2-1b__reasoning_first/test_xsource__norag,section,hiburan,182,103,0.664835,0.593475,0.729381
llama3.2-1b__reasoning_first/test_xsource__norag,section,gaya-hidup,416,332,0.682692,0.636469,0.725572
llama3.2-1b__reasoning_first/test_xsource__norag,section,edukasi,5,0,0.6,0.230724,0.882379
llama3.2-1b__reasoning_first/test_xsource__rag_k5,host,cnnindonesia.com,2367,1205,0.707647,0.688999,0.725622
llama3.2-1b__reasoning_first/test_xsource__rag_k5,section,teknologi,193,111,0.766839,0.702332,0.820931
llama3.2-1b__reasoning_first/test_xsource__rag_k5,section,olahraga,291,17,0.938144,0.904353,0.960519
llama3.2-1b__reasoning_first/test_xsource__rag_k5,section,internasional,216,90,0.773148,0.71281,0.823941
llama3.2-1b__reasoning_first/test_xsource__rag_k5,section,nasional,749,383,0.626168,0.590958,0.660091
llama3.2-1b__reasoning_first/test_xsource__rag_k5,section,ekonomi,299,168,0.662207,0.606843,0.713457
llama3.2-1b__reasoning_first/test_xsource__rag_k5,section,otomotif,16,1,0.8125,0.569911,0.934084
llama3.2-1b__reasoning_first/test_xsource__rag_k5,section,hiburan,182,103,0.664835,0.593475,0.729381
llama3.2-1b__reasoning_first/test_xsource__rag_k5,section,gaya-hidup,416,332,0.675481,0.629061,0.718689
llama3.2-1b__reasoning_first/test_xsource__rag_k5,section,edukasi,5,0,1.0,0.565518,1.0
qwen2.5-14b__reasoning_first/test__norag,host,kompas.com,79,1,0.987342,0.931724,0.997762
qwen2.5-14b__reasoning_first/test__norag,host,thestar.com,717,364,0.991632,0.981864,0.996159
qwen2.5-14b__reasoning_first/test__norag,host,biz.kompas.com,420,420,1.0,0.990937,1.0
qwen2.5-14b__reasoning_first/test__norag,host,sport.tempo.co,14,0,1.0,0.784689,1.0
qwen2.5-14b__reasoning_first/test__norag,host,tekno.tempo.co,19,2,0.894737,0.686059,0.970641
qwen2.5-14b__reasoning_first/test__norag,host,viva.co.id,292,177,0.934932,0.900617,0.957951
qwen2.5-14b__reasoning_first/test__norag,host,lifestyle.sindonews.com,41,4,0.902439,0.774523,0.961403
qwen2.5-14b__reasoning_first/test__norag,host,oto.detik.com,11,4,0.727273,0.434355,0.902539
qwen2.5-14b__reasoning_first/test__norag,host,otomotif.tempo.co,13,0,0.923077,0.66686,0.98629
qwen2.5-14b__reasoning_first/test__norag,host,tekno.sindonews.com,42,19,0.738095,0.589313,0.846974
qwen2.5-14b__reasoning_first/test__norag,host,metro.tempo.co,7,0,0.857143,0.486872,0.97432
qwen2.5-14b__reasoning_first/test__norag,host,bola.tempo.co,10,0,1.0,0.722467,1.0
qwen2.5-14b__reasoning_first/test__norag,host,sports.sindonews.com,9,9,0.777778,0.452589,0.936775
qwen2.5-14b__reasoning_first/test__norag,host,health.detik.com,11,1,0.909091,0.622642,0.983768
qwen2.5-14b__reasoning_first/test__norag,host,bisnis.tempo.co,15,2,0.866667,0.62118,0.962639
qwen2.5-14b__reasoning_first/test__norag,host,health.kompas.com,21,0,1.0,0.845361,1.0
qwen2.5-14b__reasoning_first/test__norag,host,megapolitan.kompas.com,12,0,1.0,0.757506,1.0
qwen2.5-14b__reasoning_first/test__norag,host,nasional.sindonews.com,38,30,0.815789,0.665811,0.907782
qwen2.5-14b__reasoning_first/test__norag,host,lifestyle.kompas.com,18,1,0.944444,0.742427,0.990125
qwen2.5-14b__reasoning_first/test__norag,host,inet.detik.com,26,6,0.807692,0.621237,0.914929
qwen2.5-14b__reasoning_first/test__norag,host,news.detik.com,29,6,0.896552,0.736149,0.964185
qwen2.5-14b__reasoning_first/test__norag,host,otomotif.kompas.com,21,5,0.761905,0.549088,0.89372
qwen2.5-14b__reasoning_first/test__norag,host,otomotif.sindonews.com,18,6,0.944444,0.742427,0.990125
qwen2.5-14b__reasoning_first/test__norag,host,money.kompas.com,8,0,1.0,0.675592,1.0
qwen2.5-14b__reasoning_first/test__norag,host,edukasi.sindonews.com,23,8,0.913043,0.73204,0.97582
qwen2.5-14b__reasoning_first/test__norag,host,surabaya.kompas.com,1,0,1.0,0.206549,1.0
qwen2.5-14b__reasoning_first/test__norag,host,travel.tempo.co,21,1,0.952381,0.773306,0.991544
qwen2.5-14b__reasoning_first/test__norag,host,food.detik.com,31,2,0.967742,0.838059,0.994283
qwen2.5-14b__reasoning_first/test__norag,host,daerah.sindonews.com,12,0,0.75,0.467695,0.911058
qwen2.5-14b__reasoning_first/test__norag,host,gaya.tempo.co,23,0,1.0,0.856883,1.0
qwen2.5-14b__reasoning_first/test__norag,host,finance.detik.com,35,8,0.771429,0.609827,0.879341
qwen2.5-14b__reasoning_first/test__norag,host,dunia.tempo.co,7,0,1.0,0.64567,1.0
qwen2.5-14b__reasoning_first/test__norag,host,seleb.tempo.co,11,0,1.0,0.741167,1.0
qwen2.5-14b__reasoning_first/test__norag,host,sport.detik.com,20,0,1.0,0.838875,1.0
qwen2.5-14b__reasoning_first/test__norag,host,wolipop.detik.com,10,0,1.0,0.722467,1.0
qwen2.5-14b__reasoning_first/test__norag,host,ekbis.sindonews.com,13,2,0.846154,0.577654,0.956742
qwen2.5-14b__reasoning_first/test__norag,host,tekno.kompas.com,6,1,0.833333,0.436497,0.969947
qwen2.5-14b__reasoning_first/test__norag,host,nasional.kompas.com,7,0,1.0,0.64567,1.0
qwen2.5-14b__reasoning_first/test__norag,host,regional.kompas.com,6,0,1.0,0.609666,1.0
qwen2.5-14b__reasoning_first/test__norag,host,international.sindonews.com,11,0,1.0,0.741167,1.0
qwen2.5-14b__reasoning_first/test__norag,host,hot.detik.com,17,1,0.941176,0.73018,0.98954
qwen2.5-14b__reasoning_first/test__norag,host,makassar.kompas.com,1,0,1.0,0.206549,1.0
qwen2.5-14b__reasoning_first/test__norag,host,sains.sindonews.com,13,0,1.0,0.771905,1.0
qwen2.5-14b__reasoning_first/test__norag,host,go.kompas.com,1,1,1.0,0.206549,1.0
qwen2.5-14b__reasoning_first/test__norag,host,bola.kompas.com,3,0,1.0,0.438503,1.0
qwen2.5-14b__reasoning_first/test__norag,host,nasional.tempo.co,1,0,1.0,0.206549,1.0
qwen2.5-14b__reasoning_first/test__norag,host,bandung.kompas.com,1,0,1.0,0.206549,1.0
qwen2.5-14b__reasoning_first/test__norag,section,global,13,0,1.0,0.771905,1.0
qwen2.5-14b__reasoning_first/test__norag,section,skola,9,0,1.0,0.700855,1.0
qwen2.5-14b__reasoning_first/test__norag,section,sports,179,9,0.98324,0.951891,0.994284
qwen2.5-14b__reasoning_first/test__norag,section,biz,420,420,1.0,0.990937,1.0
qwen2.5-14b__reasoning_first/test__norag,section,sport,40,0,1.0,0.912378,1.0
qwen2.5-14b__reasoning_first/test__norag,section,tekno,67,22,0.791045,0.679282,0.871243
qwen2.5-14b__reasoning_first/test__norag,section,homey,10,1,0.9,0.59585,0.982124
qwen2.5-14b__reasoning_first/test__norag,section,tren,9,0,1.0,0.700855,1.0
qwen2.5-14b__reasoning_first/test__norag,section,siaran-pers,170,170,0.988235,0.958125,0.996768
qwen2.5-14b__reasoning_first/test__norag,section,lifestyle,59,5,0.915254,0.816482,0.963258
qwen2.5-14b__reasoning_first/test__norag,section,news,158,6,0.981013,0.945669,0.993522
qwen2.5-14b__reasoning_first/test__norag,section,globenewswire,364,364,1.0,0.989557,1.0
qwen2.5-14b__reasoning_first/test__norag,section,oto,11,4,0.727273,0.434355,0.902539
qwen2.5-14b__reasoning_first/test__norag,section,otomotif,55,12,0.854545,0.738391,0.924407
qwen2.5-14b__reasoning_first/test__norag,section,entertainment,9,0,1.0,0.700855,1.0
qwen2.5-14b__reasoning_first/test__norag,section,metro,7,0,0.857143,0.486872,0.97432
qwen2.5-14b__reasoning_first/test__norag,section,bola,29,0,1.0,0.88303,1.0
qwen2.5-14b__reasoning_first/test__norag,section,health,32,1,0.96875,0.842557,0.994462
qwen2.5-14b__reasoning_first/test__norag,section,bisnis,15,2,0.866667,0.62118,0.962639
qwen2.5-14b__reasoning_first/test__norag,section,business,16,0,0.875,0.639772,0.965023
qwen2.5-14b__reasoning_first/test__norag,section,digital,17,4,0.588235,0.360054,0.783889
qwen2.5-14b__reasoning_first/test__norag,section,megapolitan,12,0,1.0,0.757506,1.0
qwen2.5-14b__reasoning_first/test__norag,section,edukasi,33,8,0.939394,0.803938,0.983219
qwen2.5-14b__reasoning_first/test__norag,section,nasional,46,30,0.847826,0.717759,0.924277
qwen2.5-14b__reasoning_first/test__norag,section,inet,26,6,0.807692,0.621237,0.914929
qwen2.5-14b__reasoning_first/test__norag,section,money,8,0,1.0,0.675592,1.0
qwen2.5-14b__reasoning_first/test__norag,section,surabaya,1,0,1.0,0.206549,1.0
qwen2.5-14b__reasoning_first/test__norag,section,travel,21,1,0.952381,0.773306,0.991544
qwen2.5-14b__reasoning_first/test__norag,section,food,52,2,0.980769,0.898795,0.996597
qwen2.5-14b__reasoning_first/test__norag,section,daerah,12,0,0.75,0.467695,0.911058
qwen2.5-14b__reasoning_first/test__norag,section,gaya,23,0,1.0,0.856883,1.0
qwen2.5-14b__reasoning_first/test__norag,section,showbiz,24,1,0.958333,0.797582,0.992607
qwen2.5-14b__reasoning_first/test__norag,section,berita,13,0,0.692308,0.423693,0.873193
qwen2.5-14b__reasoning_first/test__norag,section,properti,10,0,1.0,0.722467,1.0
qwen2.5-14b__reasoning_first/test__norag,section,finance,35,8,0.771429,0.609827,0.879341
qwen2.5-14b__reasoning_first/test__norag,section,trending,4,0,1.0,0.510109,1.0
qwen2.5-14b__reasoning_first/test__norag,section,dunia,7,0,1.0,0.64567,1.0
qwen2.5-14b__reasoning_first/test__norag,section,seleb,11,0,1.0,0.741167,1.0
qwen2.5-14b__reasoning_first/test__norag,section,wolipop,10,0,1.0,0.722467,1.0
qwen2.5-14b__reasoning_first/test__norag,section,ekbis,13,2,0.846154,0.577654,0.956742
qwen2.5-14b__reasoning_first/test__norag,section,politics,16,0,1.0,0.806392,1.0
qwen2.5-14b__reasoning_first/test__norag,section,opinion,9,0,0.888889,0.565,0.980109
qwen2.5-14b__reasoning_first/test__norag,section,gaya-hidup,16,1,0.75,0.505017,0.898179
qwen2.5-14b__reasoning_first/test__norag,section,regional,6,0,1.0,0.609666,1.0
qwen2.5-14b__reasoning_first/test__norag,section,ragam,11,0,1.0,0.741167,1.0
qwen2.5-14b__reasoning_first/test__norag,section,international,11,0,1.0,0.741167,1.0
qwen2.5-14b__reasoning_first/test__norag,section,hot,17,1,0.941176,0.73018,0.98954
qwen2.5-14b__reasoning_first/test__norag,section,makassar,1,0,1.0,0.206549,1.0
qwen2.5-14b__reasoning_first/test__norag,section,sains,13,0,1.0,0.771905,1.0
qwen2.5-14b__reasoning_first/test__norag,section,go,1,1,1.0,0.206549,1.0
qwen2.5-14b__reasoning_first/test__norag,section,militer,2,0,1.0,0.34238,1.0
qwen2.5-14b__reasoning_first/test__norag,section,life,7,0,0.857143,0.486872,0.97432
qwen2.5-14b__reasoning_first/test__norag,section,sponsored-sections,1,0,0.0,0.0,0.793451
qwen2.5-14b__reasoning_first/test__norag,section,badminton,1,0,1.0,0.206549,1.0
qwen2.5-14b__reasoning_first/test__norag,section,edu,2,0,1.0,0.34238,1.0
qwen2.5-14b__reasoning_first/test__norag,section,bandung,1,0,1.0,0.206549,1.0
qwen2.5-14b__reasoning_first/test__rag_k5,host,kompas.com,79,1,0.987342,0.931724,0.997762
qwen2.5-14b__reasoning_first/test__rag_k5,host,thestar.com,717,364,0.994421,0.985744,0.997828
qwen2.5-14b__reasoning_first/test__rag_k5,host,biz.kompas.com,420,420,1.0,0.990937,1.0
qwen2.5-14b__reasoning_first/test__rag_k5,host,sport.tempo.co,14,0,1.0,0.784689,1.0
qwen2.5-14b__reasoning_first/test__rag_k5,host,tekno.tempo.co,19,2,0.894737,0.686059,0.970641
qwen2.5-14b__reasoning_first/test__rag_k5,host,viva.co.id,292,177,0.952055,0.921142,0.971228
qwen2.5-14b__reasoning_first/test__rag_k5,host,lifestyle.sindonews.com,41,4,0.902439,0.774523,0.961403
qwen2.5-14b__reasoning_first/test__rag_k5,host,oto.detik.com,11,4,0.818182,0.523019,0.948632
qwen2.5-14b__reasoning_first/test__rag_k5,host,otomotif.tempo.co,13,0,0.923077,0.66686,0.98629
qwen2.5-14b__reasoning_first/test__rag_k5,host,tekno.sindonews.com,42,19,0.809524,0.666992,0.90018
qwen2.5-14b__reasoning_first/test__rag_k5,host,metro.tempo.co,7,0,1.0,0.64567,1.0
qwen2.5-14b__reasoning_first/test__rag_k5,host,bola.tempo.co,10,0,1.0,0.722467,1.0
qwen2.5-14b__reasoning_first/test__rag_k5,host,sports.sindonews.com,9,9,0.777778,0.452589,0.936775
qwen2.5-14b__reasoning_first/test__rag_k5,host,health.detik.com,11,1,0.909091,0.622642,0.983768
qwen2.5-14b__reasoning_first/test__rag_k5,host,bisnis.tempo.co,15,2,0.8,0.548146,0.929525
qwen2.5-14b__reasoning_first/test__rag_k5,host,health.kompas.com,21,0,1.0,0.845361,1.0
qwen2.5-14b__reasoning_first/test__rag_k5,host,megapolitan.kompas.com,12,0,1.0,0.757506,1.0
qwen2.5-14b__reasoning_first/test__rag_k5,host,nasional.sindonews.com,38,30,0.842105,0.695832,0.925561
qwen2.5-14b__reasoning_first/test__rag_k5,host,lifestyle.kompas.com,18,1,0.944444,0.742427,0.990125
qwen2.5-14b__reasoning_first/test__rag_k5,host,inet.detik.com,26,6,0.807692,0.621237,0.914929
qwen2.5-14b__reasoning_first/test__rag_k5,host,news.detik.com,29,6,0.896552,0.736149,0.964185
qwen2.5-14b__reasoning_first/test__rag_k5,host,otomotif.kompas.com,21,5,0.761905,0.549088,0.89372
qwen2.5-14b__reasoning_first/test__rag_k5,host,otomotif.sindonews.com,18,6,0.944444,0.742427,0.990125
qwen2.5-14b__reasoning_first/test__rag_k5,host,money.kompas.com,8,0,1.0,0.675592,1.0
qwen2.5-14b__reasoning_first/test__rag_k5,host,edukasi.sindonews.com,23,8,0.869565,0.678725,0.954623
qwen2.5-14b__reasoning_first/test__rag_k5,host,surabaya.kompas.com,1,0,1.0,0.206549,1.0
qwen2.5-14b__reasoning_first/test__rag_k5,host,travel.tempo.co,21,1,0.952381,0.773306,0.991544
qwen2.5-14b__reasoning_first/test__rag_k5,host,food.detik.com,31,2,0.967742,0.838059,0.994283
qwen2.5-14b__reasoning_first/test__rag_k5,host,daerah.sindonews.com,12,0,0.916667,0.64612,0.985135
qwen2.5-14b__reasoning_first/test__rag_k5,host,gaya.tempo.co,23,0,1.0,0.856883,1.0
qwen2.5-14b__reasoning_first/test__rag_k5,host,finance.detik.com,35,8,0.742857,0.579307,0.85837
qwen2.5-14b__reasoning_first/test__rag_k5,host,dunia.tempo.co,7,0,1.0,0.64567,1.0
qwen2.5-14b__reasoning_first/test__rag_k5,host,seleb.tempo.co,11,0,1.0,0.741167,1.0
qwen2.5-14b__reasoning_first/test__rag_k5,host,sport.detik.com,20,0,1.0,0.838875,1.0
qwen2.5-14b__reasoning_first/test__rag_k5,host,wolipop.detik.com,10,0,1.0,0.722467,1.0
qwen2.5-14b__reasoning_first/test__rag_k5,host,ekbis.sindonews.com,13,2,0.923077,0.66686,0.98629
qwen2.5-14b__reasoning_first/test__rag_k5,host,tekno.kompas.com,6,1,0.833333,0.436497,0.969947
qwen2.5-14b__reasoning_first/test__rag_k5,host,nasional.kompas.com,7,0,1.0,0.64567,1.0
qwen2.5-14b__reasoning_first/test__rag_k5,host,regional.kompas.com,6,0,1.0,0.609666,1.0
qwen2.5-14b__reasoning_first/test__rag_k5,host,international.sindonews.com,11,0,1.0,0.741167,1.0
qwen2.5-14b__reasoning_first/test__rag_k5,host,hot.detik.com,17,1,0.941176,0.73018,0.98954
qwen2.5-14b__reasoning_first/test__rag_k5,host,makassar.kompas.com,1,0,1.0,0.206549,1.0
qwen2.5-14b__reasoning_first/test__rag_k5,host,sains.sindonews.com,13,0,1.0,0.771905,1.0
qwen2.5-14b__reasoning_first/test__rag_k5,host,go.kompas.com,1,1,1.0,0.206549,1.0
qwen2.5-14b__reasoning_first/test__rag_k5,host,bola.kompas.com,3,0,1.0,0.438503,1.0
qwen2.5-14b__reasoning_first/test__rag_k5,host,nasional.tempo.co,1,0,1.0,0.206549,1.0
qwen2.5-14b__reasoning_first/test__rag_k5,host,bandung.kompas.com,1,0,1.0,0.206549,1.0
qwen2.5-14b__reasoning_first/test__rag_k5,section,global,13,0,1.0,0.771905,1.0
qwen2.5-14b__reasoning_first/test__rag_k5,section,skola,9,0,1.0,0.700855,1.0
qwen2.5-14b__reasoning_first/test__rag_k5,section,sports,179,9,0.988827,0.960183,0.996931
qwen2.5-14b__reasoning_first/test__rag_k5,section,biz,420,420,1.0,0.990937,1.0
qwen2.5-14b__reasoning_first/test__rag_k5,section,sport,40,0,1.0,0.912378,1.0
qwen2.5-14b__reasoning_first/test__rag_k5,section,tekno,67,22,0.835821,0.729447,0.905774
qwen2.5-14b__reasoning_first/test__rag_k5,section,homey,10,1,0.9,0.59585,0.982124
qwen2.5-14b__reasoning_first/test__rag_k5,section,tren,9,0,1.0,0.700855,1.0
qwen2.5-14b__reasoning_first/test__rag_k5,section,siaran-pers,170,170,0.994118,0.967437,0.998961
qwen2.5-14b__reasoning_first/test__rag_k5,section,lifestyle,59,5,0.915254,0.816482,0.963258
qwen2.5-14b__reasoning_first/test__rag_k5,section,news,158,6,0.981013,0.945669,0.993522
qwen2.5-14b__reasoning_first/test__rag_k5,section,globenewswire,364,364,1.0,0.989557,1.0
qwen2.5-14b__reasoning_first/test__rag_k5,section,oto,11,4,0.818182,0.523019,0.948632
qwen2.5-14b__reasoning_first/test__rag_k5,section,otomotif,55,12,0.854545,0.738391,0.924407
qwen2.5-14b__reasoning_first/test__rag_k5,section,entertainment,9,0,1.0,0.700855,1.0
qwen2.5-14b__reasoning_first/test__rag_k5,section,metro,7,0,1.0,0.64567,1.0
qwen2.5-14b__reasoning_first/test__rag_k5,section,bola,29,0,1.0,0.88303,1.0
qwen2.5-14b__reasoning_first/test__rag_k5,section,health,32,1,0.96875,0.842557,0.994462
qwen2.5-14b__reasoning_first/test__rag_k5,section,bisnis,15,2,0.8,0.548146,0.929525
qwen2.5-14b__reasoning_first/test__rag_k5,section,business,16,0,0.8125,0.569911,0.934084
qwen2.5-14b__reasoning_first/test__rag_k5,section,digital,17,4,0.705882,0.468669,0.8672
qwen2.5-14b__reasoning_first/test__rag_k5,section,megapolitan,12,0,1.0,0.757506,1.0
qwen2.5-14b__reasoning_first/test__rag_k5,section,edukasi,33,8,0.909091,0.764274,0.968596
qwen2.5-14b__reasoning_first/test__rag_k5,section,nasional,46,30,0.869565,0.743341,0.938822
qwen2.5-14b__reasoning_first/test__rag_k5,section,inet,26,6,0.807692,0.621237,0.914929
qwen2.5-14b__reasoning_first/test__rag_k5,section,money,8,0,1.0,0.675592,1.0
qwen2.5-14b__reasoning_first/test__rag_k5,section,surabaya,1,0,1.0,0.206549,1.0
qwen2.5-14b__reasoning_first/test__rag_k5,section,travel,21,1,0.952381,0.773306,0.991544
qwen2.5-14b__reasoning_first/test__rag_k5,section,food,52,2,0.980769,0.898795,0.996597
qwen2.5-14b__reasoning_first/test__rag_k5,section,daerah,12,0,0.916667,0.64612,0.985135
qwen2.5-14b__reasoning_first/test__rag_k5,section,gaya,23,0,1.0,0.856883,1.0
qwen2.5-14b__reasoning_first/test__rag_k5,section,showbiz,24,1,0.958333,0.797582,0.992607
qwen2.5-14b__reasoning_first/test__rag_k5,section,berita,13,0,0.692308,0.423693,0.873193
qwen2.5-14b__reasoning_first/test__rag_k5,section,properti,10,0,1.0,0.722467,1.0
qwen2.5-14b__reasoning_first/test__rag_k5,section,finance,35,8,0.742857,0.579307,0.85837
qwen2.5-14b__reasoning_first/test__rag_k5,section,trending,4,0,1.0,0.510109,1.0
qwen2.5-14b__reasoning_first/test__rag_k5,section,dunia,7,0,1.0,0.64567,1.0
qwen2.5-14b__reasoning_first/test__rag_k5,section,seleb,11,0,1.0,0.741167,1.0
qwen2.5-14b__reasoning_first/test__rag_k5,section,wolipop,10,0,1.0,0.722467,1.0
qwen2.5-14b__reasoning_first/test__rag_k5,section,ekbis,13,2,0.923077,0.66686,0.98629
qwen2.5-14b__reasoning_first/test__rag_k5,section,politics,16,0,1.0,0.806392,1.0
qwen2.5-14b__reasoning_first/test__rag_k5,section,opinion,9,0,1.0,0.700855,1.0
qwen2.5-14b__reasoning_first/test__rag_k5,section,gaya-hidup,16,1,0.875,0.639772,0.965023
qwen2.5-14b__reasoning_first/test__rag_k5,section,regional,6,0,1.0,0.609666,1.0
qwen2.5-14b__reasoning_first/test__rag_k5,section,ragam,11,0,1.0,0.741167,1.0
qwen2.5-14b__reasoning_first/test__rag_k5,section,international,11,0,1.0,0.741167,1.0
qwen2.5-14b__reasoning_first/test__rag_k5,section,hot,17,1,0.941176,0.73018,0.98954
qwen2.5-14b__reasoning_first/test__rag_k5,section,makassar,1,0,1.0,0.206549,1.0
qwen2.5-14b__reasoning_first/test__rag_k5,section,sains,13,0,1.0,0.771905,1.0
qwen2.5-14b__reasoning_first/test__rag_k5,section,go,1,1,1.0,0.206549,1.0
qwen2.5-14b__reasoning_first/test__rag_k5,section,militer,2,0,1.0,0.34238,1.0
qwen2.5-14b__reasoning_first/test__rag_k5,section,life,7,0,1.0,0.64567,1.0
qwen2.5-14b__reasoning_first/test__rag_k5,section,sponsored-sections,1,0,0.0,0.0,0.793451
qwen2.5-14b__reasoning_first/test__rag_k5,section,badminton,1,0,1.0,0.206549,1.0
qwen2.5-14b__reasoning_first/test__rag_k5,section,edu,2,0,1.0,0.34238,1.0
qwen2.5-14b__reasoning_first/test__rag_k5,section,bandung,1,0,1.0,0.206549,1.0
qwen2.5-14b__reasoning_first/test_xsource__norag,host,cnnindonesia.com,2367,1205,0.801014,0.784448,0.816604
qwen2.5-14b__reasoning_first/test_xsource__norag,section,teknologi,193,111,0.860104,0.804111,0.902041
qwen2.5-14b__reasoning_first/test_xsource__norag,section,olahraga,291,17,0.958763,0.929316,0.976256
qwen2.5-14b__reasoning_first/test_xsource__norag,section,internasional,216,90,0.865741,0.813832,0.904868
qwen2.5-14b__reasoning_first/test_xsource__norag,section,nasional,749,383,0.744993,0.712583,0.774903
qwen2.5-14b__reasoning_first/test_xsource__norag,section,ekonomi,299,168,0.77592,0.725327,0.819512
qwen2.5-14b__reasoning_first/test_xsource__norag,section,otomotif,16,1,0.75,0.505017,0.898179
qwen2.5-14b__reasoning_first/test_xsource__norag,section,hiburan,182,103,0.758242,0.691117,0.814691
qwen2.5-14b__reasoning_first/test_xsource__norag,section,gaya-hidup,416,332,0.766827,0.723864,0.804907
qwen2.5-14b__reasoning_first/test_xsource__norag,section,edukasi,5,0,1.0,0.565518,1.0
qwen2.5-14b__reasoning_first/test_xsource__rag_k5,host,cnnindonesia.com,2367,1205,0.808196,0.79184,0.823553
qwen2.5-14b__reasoning_first/test_xsource__rag_k5,section,teknologi,193,111,0.865285,0.809931,0.906382
qwen2.5-14b__reasoning_first/test_xsource__rag_k5,section,olahraga,291,17,0.962199,0.933591,0.978764
qwen2.5-14b__reasoning_first/test_xsource__rag_k5,section,internasional,216,90,0.800926,0.742623,0.848712
qwen2.5-14b__reasoning_first/test_xsource__rag_k5,section,nasional,749,383,0.807744,0.77798,0.834367
qwen2.5-14b__reasoning_first/test_xsource__rag_k5,section,ekonomi,299,168,0.759197,0.707642,0.804177
qwen2.5-14b__reasoning_first/test_xsource__rag_k5,section,otomotif,16,1,0.8125,0.569911,0.934084
qwen2.5-14b__reasoning_first/test_xsource__rag_k5,section,hiburan,182,103,0.747253,0.679451,0.804832
qwen2.5-14b__reasoning_first/test_xsource__rag_k5,section,gaya-hidup,416,332,0.737981,0.693685,0.777922
qwen2.5-14b__reasoning_first/test_xsource__rag_k5,section,edukasi,5,0,1.0,0.565518,1.0
qwen3-8b__reasoning_first/test__norag,host,kompas.com,79,1,0.974684,0.912314,0.99303
qwen3-8b__reasoning_first/test__norag,host,thestar.com,717,364,0.997211,0.989887,0.999235
qwen3-8b__reasoning_first/test__norag,host,biz.kompas.com,420,420,1.0,0.990937,1.0
qwen3-8b__reasoning_first/test__norag,host,sport.tempo.co,14,0,1.0,0.784689,1.0
qwen3-8b__reasoning_first/test__norag,host,tekno.tempo.co,19,2,0.894737,0.686059,0.970641
qwen3-8b__reasoning_first/test__norag,host,viva.co.id,292,177,0.945205,0.912855,0.965994
qwen3-8b__reasoning_first/test__norag,host,lifestyle.sindonews.com,41,4,0.926829,0.805726,0.974802
qwen3-8b__reasoning_first/test__norag,host,oto.detik.com,11,4,0.909091,0.622642,0.983768
qwen3-8b__reasoning_first/test__norag,host,otomotif.tempo.co,13,0,0.923077,0.66686,0.98629
qwen3-8b__reasoning_first/test__norag,host,tekno.sindonews.com,42,19,0.785714,0.640602,0.882942
qwen3-8b__reasoning_first/test__norag,host,metro.tempo.co,7,0,0.857143,0.486872,0.97432
qwen3-8b__reasoning_first/test__norag,host,bola.tempo.co,10,0,0.9,0.59585,0.982124
qwen3-8b__reasoning_first/test__norag,host,sports.sindonews.com,9,9,0.777778,0.452589,0.936775
qwen3-8b__reasoning_first/test__norag,host,health.detik.com,11,1,0.909091,0.622642,0.983768
qwen3-8b__reasoning_first/test__norag,host,bisnis.tempo.co,15,2,0.866667,0.62118,0.962639
qwen3-8b__reasoning_first/test__norag,host,health.kompas.com,21,0,1.0,0.845361,1.0
qwen3-8b__reasoning_first/test__norag,host,megapolitan.kompas.com,12,0,1.0,0.757506,1.0
qwen3-8b__reasoning_first/test__norag,host,nasional.sindonews.com,38,30,0.815789,0.665811,0.907782
qwen3-8b__reasoning_first/test__norag,host,lifestyle.kompas.com,18,1,0.944444,0.742427,0.990125
qwen3-8b__reasoning_first/test__norag,host,inet.detik.com,26,6,0.846154,0.664688,0.9385
qwen3-8b__reasoning_first/test__norag,host,news.detik.com,29,6,0.896552,0.736149,0.964185
qwen3-8b__reasoning_first/test__norag,host,otomotif.kompas.com,21,5,0.761905,0.549088,0.89372
qwen3-8b__reasoning_first/test__norag,host,otomotif.sindonews.com,18,6,0.944444,0.742427,0.990125
qwen3-8b__reasoning_first/test__norag,host,money.kompas.com,8,0,0.625,0.305742,0.863156
qwen3-8b__reasoning_first/test__norag,host,edukasi.sindonews.com,23,8,0.956522,0.790088,0.992283
qwen3-8b__reasoning_first/test__norag,host,surabaya.kompas.com,1,0,1.0,0.206549,1.0
qwen3-8b__reasoning_first/test__norag,host,travel.tempo.co,21,1,0.904762,0.710859,0.973481
qwen3-8b__reasoning_first/test__norag,host,food.detik.com,31,2,0.967742,0.838059,0.994283
qwen3-8b__reasoning_first/test__norag,host,daerah.sindonews.com,12,0,0.75,0.467695,0.911058
qwen3-8b__reasoning_first/test__norag,host,gaya.tempo.co,23,0,1.0,0.856883,1.0
qwen3-8b__reasoning_first/test__norag,host,finance.detik.com,35,8,0.742857,0.579307,0.85837
qwen3-8b__reasoning_first/test__norag,host,dunia.tempo.co,7,0,1.0,0.64567,1.0
qwen3-8b__reasoning_first/test__norag,host,seleb.tempo.co,11,0,1.0,0.741167,1.0
qwen3-8b__reasoning_first/test__norag,host,sport.detik.com,20,0,1.0,0.838875,1.0
qwen3-8b__reasoning_first/test__norag,host,wolipop.detik.com,10,0,1.0,0.722467,1.0
qwen3-8b__reasoning_first/test__norag,host,ekbis.sindonews.com,13,2,0.769231,0.497436,0.918205
qwen3-8b__reasoning_first/test__norag,host,tekno.kompas.com,6,1,1.0,0.609666,1.0
qwen3-8b__reasoning_first/test__norag,host,nasional.kompas.com,7,0,1.0,0.64567,1.0
qwen3-8b__reasoning_first/test__norag,host,regional.kompas.com,6,0,1.0,0.609666,1.0
qwen3-8b__reasoning_first/test__norag,host,international.sindonews.com,11,0,1.0,0.741167,1.0
qwen3-8b__reasoning_first/test__norag,host,hot.detik.com,17,1,0.941176,0.73018,0.98954
qwen3-8b__reasoning_first/test__norag,host,makassar.kompas.com,1,0,1.0,0.206549,1.0
qwen3-8b__reasoning_first/test__norag,host,sains.sindonews.com,13,0,0.923077,0.66686,0.98629
qwen3-8b__reasoning_first/test__norag,host,go.kompas.com,1,1,1.0,0.206549,1.0
qwen3-8b__reasoning_first/test__norag,host,bola.kompas.com,3,0,1.0,0.438503,1.0
qwen3-8b__reasoning_first/test__norag,host,nasional.tempo.co,1,0,1.0,0.206549,1.0
qwen3-8b__reasoning_first/test__norag,host,bandung.kompas.com,1,0,1.0,0.206549,1.0
qwen3-8b__reasoning_first/test__norag,section,global,13,0,1.0,0.771905,1.0
qwen3-8b__reasoning_first/test__norag,section,skola,9,0,1.0,0.700855,1.0
qwen3-8b__reasoning_first/test__norag,section,sports,179,9,0.988827,0.960183,0.996931
qwen3-8b__reasoning_first/test__norag,section,biz,420,420,1.0,0.990937,1.0
qwen3-8b__reasoning_first/test__norag,section,sport,40,0,1.0,0.912378,1.0
qwen3-8b__reasoning_first/test__norag,section,tekno,67,22,0.835821,0.729447,0.905774
qwen3-8b__reasoning_first/test__norag,section,homey,10,1,0.9,0.59585,0.982124
qwen3-8b__reasoning_first/test__norag,section,tren,9,0,1.0,0.700855,1.0
qwen3-8b__reasoning_first/test__norag,section,siaran-pers,170,170,0.988235,0.958125,0.996768
qwen3-8b__reasoning_first/test__norag,section,lifestyle,59,5,0.932203,0.838245,0.973321
qwen3-8b__reasoning_first/test__norag,section,news,158,6,0.981013,0.945669,0.993522
qwen3-8b__reasoning_first/test__norag,section,globenewswire,364,364,1.0,0.989557,1.0
qwen3-8b__reasoning_first/test__norag,section,oto,11,4,0.909091,0.622642,0.983768
qwen3-8b__reasoning_first/test__norag,section,otomotif,55,12,0.854545,0.738391,0.924407
qwen3-8b__reasoning_first/test__norag,section,entertainment,9,0,1.0,0.700855,1.0
qwen3-8b__reasoning_first/test__norag,section,metro,7,0,0.857143,0.486872,0.97432
qwen3-8b__reasoning_first/test__norag,section,bola,29,0,0.965517,0.828245,0.993887
qwen3-8b__reasoning_first/test__norag,section,health,32,1,0.96875,0.842557,0.994462
qwen3-8b__reasoning_first/test__norag,section,bisnis,15,2,0.866667,0.62118,0.962639
qwen3-8b__reasoning_first/test__norag,section,business,16,0,0.9375,0.716713,0.988881
qwen3-8b__reasoning_first/test__norag,section,digital,17,4,0.588235,0.360054,0.783889
qwen3-8b__reasoning_first/test__norag,section,megapolitan,12,0,1.0,0.757506,1.0
qwen3-8b__reasoning_first/test__norag,section,edukasi,33,8,0.969697,0.846813,0.994631
qwen3-8b__reasoning_first/test__norag,section,nasional,46,30,0.847826,0.717759,0.924277
qwen3-8b__reasoning_first/test__norag,section,inet,26,6,0.846154,0.664688,0.9385
qwen3-8b__reasoning_first/test__norag,section,money,8,0,0.625,0.305742,0.863156
qwen3-8b__reasoning_first/test__norag,section,surabaya,1,0,1.0,0.206549,1.0
qwen3-8b__reasoning_first/test__norag,section,travel,21,1,0.904762,0.710859,0.973481
qwen3-8b__reasoning_first/test__norag,section,food,52,2,0.980769,0.898795,0.996597
qwen3-8b__reasoning_first/test__norag,section,daerah,12,0,0.75,0.467695,0.911058
qwen3-8b__reasoning_first/test__norag,section,gaya,23,0,1.0,0.856883,1.0
qwen3-8b__reasoning_first/test__norag,section,showbiz,24,1,0.958333,0.797582,0.992607
qwen3-8b__reasoning_first/test__norag,section,berita,13,0,0.846154,0.577654,0.956742
qwen3-8b__reasoning_first/test__norag,section,properti,10,0,0.9,0.59585,0.982124
qwen3-8b__reasoning_first/test__norag,section,finance,35,8,0.742857,0.579307,0.85837
qwen3-8b__reasoning_first/test__norag,section,trending,4,0,1.0,0.510109,1.0
qwen3-8b__reasoning_first/test__norag,section,dunia,7,0,1.0,0.64567,1.0
qwen3-8b__reasoning_first/test__norag,section,seleb,11,0,1.0,0.741167,1.0
qwen3-8b__reasoning_first/test__norag,section,wolipop,10,0,1.0,0.722467,1.0
qwen3-8b__reasoning_first/test__norag,section,ekbis,13,2,0.769231,0.497436,0.918205
qwen3-8b__reasoning_first/test__norag,section,politics,16,0,1.0,0.806392,1.0
qwen3-8b__reasoning_first/test__norag,section,opinion,9,0,1.0,0.700855,1.0
qwen3-8b__reasoning_first/test__norag,section,gaya-hidup,16,1,0.8125,0.569911,0.934084
qwen3-8b__reasoning_first/test__norag,section,regional,6,0,1.0,0.609666,1.0
qwen3-8b__reasoning_first/test__norag,section,ragam,11,0,1.0,0.741167,1.0
qwen3-8b__reasoning_first/test__norag,section,international,11,0,1.0,0.741167,1.0
qwen3-8b__reasoning_first/test__norag,section,hot,17,1,0.941176,0.73018,0.98954
qwen3-8b__reasoning_first/test__norag,section,makassar,1,0,1.0,0.206549,1.0
qwen3-8b__reasoning_first/test__norag,section,sains,13,0,0.923077,0.66686,0.98629
qwen3-8b__reasoning_first/test__norag,section,go,1,1,1.0,0.206549,1.0
qwen3-8b__reasoning_first/test__norag,section,militer,2,0,1.0,0.34238,1.0
qwen3-8b__reasoning_first/test__norag,section,life,7,0,1.0,0.64567,1.0
qwen3-8b__reasoning_first/test__norag,section,sponsored-sections,1,0,0.0,0.0,0.793451
qwen3-8b__reasoning_first/test__norag,section,badminton,1,0,1.0,0.206549,1.0
qwen3-8b__reasoning_first/test__norag,section,edu,2,0,1.0,0.34238,1.0
qwen3-8b__reasoning_first/test__norag,section,bandung,1,0,1.0,0.206549,1.0
qwen3-8b__reasoning_first/test__rag_k5,host,kompas.com,79,1,0.987342,0.931724,0.997762
qwen3-8b__reasoning_first/test__rag_k5,host,thestar.com,717,364,0.995816,0.987771,0.998576
qwen3-8b__reasoning_first/test__rag_k5,host,biz.kompas.com,420,420,1.0,0.990937,1.0
qwen3-8b__reasoning_first/test__rag_k5,host,sport.tempo.co,14,0,1.0,0.784689,1.0
qwen3-8b__reasoning_first/test__rag_k5,host,tekno.tempo.co,19,2,0.947368,0.753613,0.990648
qwen3-8b__reasoning_first/test__rag_k5,host,viva.co.id,292,177,0.955479,0.92533,0.9738
qwen3-8b__reasoning_first/test__rag_k5,host,lifestyle.sindonews.com,41,4,0.902439,0.774523,0.961403
qwen3-8b__reasoning_first/test__rag_k5,host,oto.detik.com,11,4,0.727273,0.434355,0.902539
qwen3-8b__reasoning_first/test__rag_k5,host,otomotif.tempo.co,13,0,0.923077,0.66686,0.98629
qwen3-8b__reasoning_first/test__rag_k5,host,tekno.sindonews.com,42,19,0.857143,0.721589,0.93284
qwen3-8b__reasoning_first/test__rag_k5,host,metro.tempo.co,7,0,1.0,0.64567,1.0
qwen3-8b__reasoning_first/test__rag_k5,host,bola.tempo.co,10,0,1.0,0.722467,1.0
qwen3-8b__reasoning_first/test__rag_k5,host,sports.sindonews.com,9,9,0.777778,0.452589,0.936775
qwen3-8b__reasoning_first/test__rag_k5,host,health.detik.com,11,1,1.0,0.741167,1.0
qwen3-8b__reasoning_first/test__rag_k5,host,bisnis.tempo.co,15,2,0.866667,0.62118,0.962639
qwen3-8b__reasoning_first/test__rag_k5,host,health.kompas.com,21,0,1.0,0.845361,1.0
qwen3-8b__reasoning_first/test__rag_k5,host,megapolitan.kompas.com,12,0,1.0,0.757506,1.0
qwen3-8b__reasoning_first/test__rag_k5,host,nasional.sindonews.com,38,30,0.815789,0.665811,0.907782
qwen3-8b__reasoning_first/test__rag_k5,host,lifestyle.kompas.com,18,1,1.0,0.824121,1.0
qwen3-8b__reasoning_first/test__rag_k5,host,inet.detik.com,26,6,0.846154,0.664688,0.9385
qwen3-8b__reasoning_first/test__rag_k5,host,news.detik.com,29,6,0.896552,0.736149,0.964185
qwen3-8b__reasoning_first/test__rag_k5,host,otomotif.kompas.com,21,5,0.714286,0.500436,0.861861
qwen3-8b__reasoning_first/test__rag_k5,host,otomotif.sindonews.com,18,6,0.944444,0.742427,0.990125
qwen3-8b__reasoning_first/test__rag_k5,host,money.kompas.com,8,0,0.75,0.409275,0.928521
qwen3-8b__reasoning_first/test__rag_k5,host,edukasi.sindonews.com,23,8,0.956522,0.790088,0.992283
qwen3-8b__reasoning_first/test__rag_k5,host,surabaya.kompas.com,1,0,1.0,0.206549,1.0
qwen3-8b__reasoning_first/test__rag_k5,host,travel.tempo.co,21,1,0.952381,0.773306,0.991544
qwen3-8b__reasoning_first/test__rag_k5,host,food.detik.com,31,2,0.967742,0.838059,0.994283
qwen3-8b__reasoning_first/test__rag_k5,host,daerah.sindonews.com,12,0,0.833333,0.551969,0.953035
qwen3-8b__reasoning_first/test__rag_k5,host,gaya.tempo.co,23,0,1.0,0.856883,1.0
qwen3-8b__reasoning_first/test__rag_k5,host,finance.detik.com,35,8,0.742857,0.579307,0.85837
qwen3-8b__reasoning_first/test__rag_k5,host,dunia.tempo.co,7,0,1.0,0.64567,1.0
qwen3-8b__reasoning_first/test__rag_k5,host,seleb.tempo.co,11,0,1.0,0.741167,1.0
qwen3-8b__reasoning_first/test__rag_k5,host,sport.detik.com,20,0,1.0,0.838875,1.0
qwen3-8b__reasoning_first/test__rag_k5,host,wolipop.detik.com,10,0,1.0,0.722467,1.0
qwen3-8b__reasoning_first/test__rag_k5,host,ekbis.sindonews.com,13,2,0.923077,0.66686,0.98629
qwen3-8b__reasoning_first/test__rag_k5,host,tekno.kompas.com,6,1,0.833333,0.436497,0.969947
qwen3-8b__reasoning_first/test__rag_k5,host,nasional.kompas.com,7,0,1.0,0.64567,1.0
qwen3-8b__reasoning_first/test__rag_k5,host,regional.kompas.com,6,0,1.0,0.609666,1.0
qwen3-8b__reasoning_first/test__rag_k5,host,international.sindonews.com,11,0,1.0,0.741167,1.0
qwen3-8b__reasoning_first/test__rag_k5,host,hot.detik.com,17,1,0.941176,0.73018,0.98954
qwen3-8b__reasoning_first/test__rag_k5,host,makassar.kompas.com,1,0,1.0,0.206549,1.0
qwen3-8b__reasoning_first/test__rag_k5,host,sains.sindonews.com,13,0,1.0,0.771905,1.0
qwen3-8b__reasoning_first/test__rag_k5,host,go.kompas.com,1,1,1.0,0.206549,1.0
qwen3-8b__reasoning_first/test__rag_k5,host,bola.kompas.com,3,0,1.0,0.438503,1.0
qwen3-8b__reasoning_first/test__rag_k5,host,nasional.tempo.co,1,0,1.0,0.206549,1.0
qwen3-8b__reasoning_first/test__rag_k5,host,bandung.kompas.com,1,0,1.0,0.206549,1.0
qwen3-8b__reasoning_first/test__rag_k5,section,global,13,0,1.0,0.771905,1.0
qwen3-8b__reasoning_first/test__rag_k5,section,skola,9,0,1.0,0.700855,1.0
qwen3-8b__reasoning_first/test__rag_k5,section,sports,179,9,0.988827,0.960183,0.996931
qwen3-8b__reasoning_first/test__rag_k5,section,biz,420,420,1.0,0.990937,1.0
qwen3-8b__reasoning_first/test__rag_k5,section,sport,40,0,1.0,0.912378,1.0
qwen3-8b__reasoning_first/test__rag_k5,section,tekno,67,22,0.880597,0.78168,0.938238
qwen3-8b__reasoning_first/test__rag_k5,section,homey,10,1,0.9,0.59585,0.982124
qwen3-8b__reasoning_first/test__rag_k5,section,tren,9,0,1.0,0.700855,1.0
qwen3-8b__reasoning_first/test__rag_k5,section,siaran-pers,170,170,1.0,0.977903,1.0
qwen3-8b__reasoning_first/test__rag_k5,section,lifestyle,59,5,0.932203,0.838245,0.973321
qwen3-8b__reasoning_first/test__rag_k5,section,news,158,6,0.981013,0.945669,0.993522
qwen3-8b__reasoning_first/test__rag_k5,section,globenewswire,364,364,1.0,0.989557,1.0
qwen3-8b__reasoning_first/test__rag_k5,section,oto,11,4,0.727273,0.434355,0.902539
qwen3-8b__reasoning_first/test__rag_k5,section,otomotif,55,12,0.836364,0.717363,0.911446
qwen3-8b__reasoning_first/test__rag_k5,section,entertainment,9,0,1.0,0.700855,1.0
qwen3-8b__reasoning_first/test__rag_k5,section,metro,7,0,1.0,0.64567,1.0
qwen3-8b__reasoning_first/test__rag_k5,section,bola,29,0,1.0,0.88303,1.0
qwen3-8b__reasoning_first/test__rag_k5,section,health,32,1,1.0,0.892821,1.0
qwen3-8b__reasoning_first/test__rag_k5,section,bisnis,15,2,0.866667,0.62118,0.962639
qwen3-8b__reasoning_first/test__rag_k5,section,business,16,0,0.875,0.639772,0.965023
qwen3-8b__reasoning_first/test__rag_k5,section,digital,17,4,0.647059,0.413004,0.826903
qwen3-8b__reasoning_first/test__rag_k5,section,megapolitan,12,0,1.0,0.757506,1.0
qwen3-8b__reasoning_first/test__rag_k5,section,edukasi,33,8,0.969697,0.846813,0.994631
qwen3-8b__reasoning_first/test__rag_k5,section,nasional,46,30,0.847826,0.717759,0.924277
qwen3-8b__reasoning_first/test__rag_k5,section,inet,26,6,0.846154,0.664688,0.9385
qwen3-8b__reasoning_first/test__rag_k5,section,money,8,0,0.75,0.409275,0.928521
qwen3-8b__reasoning_first/test__rag_k5,section,surabaya,1,0,1.0,0.206549,1.0
qwen3-8b__reasoning_first/test__rag_k5,section,travel,21,1,0.952381,0.773306,0.991544
qwen3-8b__reasoning_first/test__rag_k5,section,food,52,2,0.980769,0.898795,0.996597
qwen3-8b__reasoning_first/test__rag_k5,section,daerah,12,0,0.833333,0.551969,0.953035
qwen3-8b__reasoning_first/test__rag_k5,section,gaya,23,0,1.0,0.856883,1.0
qwen3-8b__reasoning_first/test__rag_k5,section,showbiz,24,1,0.958333,0.797582,0.992607
qwen3-8b__reasoning_first/test__rag_k5,section,berita,13,0,0.923077,0.66686,0.98629
qwen3-8b__reasoning_first/test__rag_k5,section,properti,10,0,1.0,0.722467,1.0
qwen3-8b__reasoning_first/test__rag_k5,section,finance,35,8,0.742857,0.579307,0.85837
qwen3-8b__reasoning_first/test__rag_k5,section,trending,4,0,1.0,0.510109,1.0
qwen3-8b__reasoning_first/test__rag_k5,section,dunia,7,0,1.0,0.64567,1.0
qwen3-8b__reasoning_first/test__rag_k5,section,seleb,11,0,1.0,0.741167,1.0
qwen3-8b__reasoning_first/test__rag_k5,section,wolipop,10,0,1.0,0.722467,1.0
qwen3-8b__reasoning_first/test__rag_k5,section,ekbis,13,2,0.923077,0.66686,0.98629
qwen3-8b__reasoning_first/test__rag_k5,section,politics,16,0,1.0,0.806392,1.0
qwen3-8b__reasoning_first/test__rag_k5,section,opinion,9,0,1.0,0.700855,1.0
qwen3-8b__reasoning_first/test__rag_k5,section,gaya-hidup,16,1,0.75,0.505017,0.898179
qwen3-8b__reasoning_first/test__rag_k5,section,regional,6,0,1.0,0.609666,1.0
qwen3-8b__reasoning_first/test__rag_k5,section,ragam,11,0,1.0,0.741167,1.0
qwen3-8b__reasoning_first/test__rag_k5,section,international,11,0,1.0,0.741167,1.0
qwen3-8b__reasoning_first/test__rag_k5,section,hot,17,1,0.941176,0.73018,0.98954
qwen3-8b__reasoning_first/test__rag_k5,section,makassar,1,0,1.0,0.206549,1.0
qwen3-8b__reasoning_first/test__rag_k5,section,sains,13,0,1.0,0.771905,1.0
qwen3-8b__reasoning_first/test__rag_k5,section,go,1,1,1.0,0.206549,1.0
qwen3-8b__reasoning_first/test__rag_k5,section,militer,2,0,1.0,0.34238,1.0
qwen3-8b__reasoning_first/test__rag_k5,section,life,7,0,1.0,0.64567,1.0
qwen3-8b__reasoning_first/test__rag_k5,section,sponsored-sections,1,0,0.0,0.0,0.793451
qwen3-8b__reasoning_first/test__rag_k5,section,badminton,1,0,1.0,0.206549,1.0
qwen3-8b__reasoning_first/test__rag_k5,section,edu,2,0,1.0,0.34238,1.0
qwen3-8b__reasoning_first/test__rag_k5,section,bandung,1,0,1.0,0.206549,1.0
qwen3-8b__reasoning_first/test_xsource__norag,host,cnnindonesia.com,2367,1205,0.758344,0.740688,0.775162
qwen3-8b__reasoning_first/test_xsource__norag,section,teknologi,193,111,0.818653,0.75825,0.866619
qwen3-8b__reasoning_first/test_xsource__norag,section,olahraga,291,17,0.934708,0.900283,0.957806
qwen3-8b__reasoning_first/test_xsource__norag,section,internasional,216,90,0.865741,0.813832,0.904868
qwen3-8b__reasoning_first/test_xsource__norag,section,nasional,749,383,0.696929,0.66308,0.728769
qwen3-8b__reasoning_first/test_xsource__norag,section,ekonomi,299,168,0.662207,0.606843,0.713457
qwen3-8b__reasoning_first/test_xsource__norag,section,otomotif,16,1,0.5625,0.331786,0.769013
qwen3-8b__reasoning_first/test_xsource__norag,section,hiburan,182,103,0.736264,0.667837,0.794923
qwen3-8b__reasoning_first/test_xsource__norag,section,gaya-hidup,416,332,0.75,0.70623,0.789195
qwen3-8b__reasoning_first/test_xsource__norag,section,edukasi,5,0,0.6,0.230724,0.882379
qwen3-8b__reasoning_first/test_xsource__rag_k5,host,cnnindonesia.com,2367,1205,0.746515,0.7286,0.76363
qwen3-8b__reasoning_first/test_xsource__rag_k5,section,teknologi,193,111,0.80829,0.746954,0.857593
qwen3-8b__reasoning_first/test_xsource__rag_k5,section,olahraga,291,17,0.955326,0.925079,0.973709
qwen3-8b__reasoning_first/test_xsource__rag_k5,section,internasional,216,90,0.763889,0.702949,0.815606
qwen3-8b__reasoning_first/test_xsource__rag_k5,section,nasional,749,383,0.716956,0.683651,0.748047
qwen3-8b__reasoning_first/test_xsource__rag_k5,section,ekonomi,299,168,0.665552,0.610274,0.71663
qwen3-8b__reasoning_first/test_xsource__rag_k5,section,otomotif,16,1,0.625,0.38641,0.815188
qwen3-8b__reasoning_first/test_xsource__rag_k5,section,hiburan,182,103,0.703297,0.633284,0.764905
qwen3-8b__reasoning_first/test_xsource__rag_k5,section,gaya-hidup,416,332,0.697115,0.651321,0.739303
qwen3-8b__reasoning_first/test_xsource__rag_k5,section,edukasi,5,0,0.8,0.375535,0.963776
qwen3.5-2b__reasoning_first/test__norag,host,kompas.com,79,1,0.949367,0.876923,0.980136
qwen3.5-2b__reasoning_first/test__norag,host,thestar.com,717,364,0.974895,0.960667,0.984062
qwen3.5-2b__reasoning_first/test__norag,host,biz.kompas.com,420,420,1.0,0.990937,1.0
qwen3.5-2b__reasoning_first/test__norag,host,sport.tempo.co,14,0,1.0,0.784689,1.0
qwen3.5-2b__reasoning_first/test__norag,host,tekno.tempo.co,19,2,0.842105,0.624345,0.944795
qwen3.5-2b__reasoning_first/test__norag,host,viva.co.id,292,177,0.938356,0.904673,0.960655
qwen3.5-2b__reasoning_first/test__norag,host,lifestyle.sindonews.com,41,4,0.902439,0.774523,0.961403
qwen3.5-2b__reasoning_first/test__norag,host,oto.detik.com,11,4,0.818182,0.523019,0.948632
qwen3.5-2b__reasoning_first/test__norag,host,otomotif.tempo.co,13,0,1.0,0.771905,1.0
qwen3.5-2b__reasoning_first/test__norag,host,tekno.sindonews.com,42,19,0.785714,0.640602,0.882942
qwen3.5-2b__reasoning_first/test__norag,host,metro.tempo.co,7,0,0.857143,0.486872,0.97432
qwen3.5-2b__reasoning_first/test__norag,host,bola.tempo.co,10,0,0.9,0.59585,0.982124
qwen3.5-2b__reasoning_first/test__norag,host,sports.sindonews.com,9,9,0.777778,0.452589,0.936775
qwen3.5-2b__reasoning_first/test__norag,host,health.detik.com,11,1,0.818182,0.523019,0.948632
qwen3.5-2b__reasoning_first/test__norag,host,bisnis.tempo.co,15,2,0.866667,0.62118,0.962639
qwen3.5-2b__reasoning_first/test__norag,host,health.kompas.com,21,0,0.952381,0.773306,0.991544
qwen3.5-2b__reasoning_first/test__norag,host,megapolitan.kompas.com,12,0,0.916667,0.64612,0.985135
qwen3.5-2b__reasoning_first/test__norag,host,nasional.sindonews.com,38,30,0.789474,0.636542,0.889252
qwen3.5-2b__reasoning_first/test__norag,host,lifestyle.kompas.com,18,1,0.944444,0.742427,0.990125
qwen3.5-2b__reasoning_first/test__norag,host,inet.detik.com,26,6,0.923077,0.758584,0.978645
qwen3.5-2b__reasoning_first/test__norag,host,news.detik.com,29,6,0.862069,0.69441,0.945026
qwen3.5-2b__reasoning_first/test__norag,host,otomotif.kompas.com,21,5,0.666667,0.453735,0.828052
qwen3.5-2b__reasoning_first/test__norag,host,otomotif.sindonews.com,18,6,0.944444,0.742427,0.990125
qwen3.5-2b__reasoning_first/test__norag,host,money.kompas.com,8,0,0.75,0.409275,0.928521
qwen3.5-2b__reasoning_first/test__norag,host,edukasi.sindonews.com,23,8,0.956522,0.790088,0.992283
qwen3.5-2b__reasoning_first/test__norag,host,surabaya.kompas.com,1,0,1.0,0.206549,1.0
qwen3.5-2b__reasoning_first/test__norag,host,travel.tempo.co,21,1,0.952381,0.773306,0.991544
qwen3.5-2b__reasoning_first/test__norag,host,food.detik.com,31,2,0.967742,0.838059,0.994283
qwen3.5-2b__reasoning_first/test__norag,host,daerah.sindonews.com,12,0,0.416667,0.19326,0.680489
qwen3.5-2b__reasoning_first/test__norag,host,gaya.tempo.co,23,0,1.0,0.856883,1.0
qwen3.5-2b__reasoning_first/test__norag,host,finance.detik.com,35,8,0.714286,0.549451,0.836735
qwen3.5-2b__reasoning_first/test__norag,host,dunia.tempo.co,7,0,1.0,0.64567,1.0
qwen3.5-2b__reasoning_first/test__norag,host,seleb.tempo.co,11,0,1.0,0.741167,1.0
qwen3.5-2b__reasoning_first/test__norag,host,sport.detik.com,20,0,1.0,0.838875,1.0
qwen3.5-2b__reasoning_first/test__norag,host,wolipop.detik.com,10,0,1.0,0.722467,1.0
qwen3.5-2b__reasoning_first/test__norag,host,ekbis.sindonews.com,13,2,0.769231,0.497436,0.918205
qwen3.5-2b__reasoning_first/test__norag,host,tekno.kompas.com,6,1,1.0,0.609666,1.0
qwen3.5-2b__reasoning_first/test__norag,host,nasional.kompas.com,7,0,0.714286,0.358934,0.917781
qwen3.5-2b__reasoning_first/test__norag,host,regional.kompas.com,6,0,0.833333,0.436497,0.969947
qwen3.5-2b__reasoning_first/test__norag,host,international.sindonews.com,11,0,1.0,0.741167,1.0
qwen3.5-2b__reasoning_first/test__norag,host,hot.detik.com,17,1,0.941176,0.73018,0.98954
qwen3.5-2b__reasoning_first/test__norag,host,makassar.kompas.com,1,0,0.0,0.0,0.793451
qwen3.5-2b__reasoning_first/test__norag,host,sains.sindonews.com,13,0,0.923077,0.66686,0.98629
qwen3.5-2b__reasoning_first/test__norag,host,go.kompas.com,1,1,1.0,0.206549,1.0
qwen3.5-2b__reasoning_first/test__norag,host,bola.kompas.com,3,0,1.0,0.438503,1.0
qwen3.5-2b__reasoning_first/test__norag,host,nasional.tempo.co,1,0,1.0,0.206549,1.0
qwen3.5-2b__reasoning_first/test__norag,host,bandung.kompas.com,1,0,1.0,0.206549,1.0
qwen3.5-2b__reasoning_first/test__norag,section,global,13,0,1.0,0.771905,1.0
qwen3.5-2b__reasoning_first/test__norag,section,skola,9,0,1.0,0.700855,1.0
qwen3.5-2b__reasoning_first/test__norag,section,sports,179,9,0.988827,0.960183,0.996931
qwen3.5-2b__reasoning_first/test__norag,section,biz,420,420,1.0,0.990937,1.0
qwen3.5-2b__reasoning_first/test__norag,section,sport,40,0,1.0,0.912378,1.0
qwen3.5-2b__reasoning_first/test__norag,section,tekno,67,22,0.820896,0.712525,0.894464
qwen3.5-2b__reasoning_first/test__norag,section,homey,10,1,0.9,0.59585,0.982124
qwen3.5-2b__reasoning_first/test__norag,section,tren,9,0,0.888889,0.565,0.980109
qwen3.5-2b__reasoning_first/test__norag,section,siaran-pers,170,170,0.982353,0.949408,0.993981
qwen3.5-2b__reasoning_first/test__norag,section,lifestyle,59,5,0.915254,0.816482,0.963258
qwen3.5-2b__reasoning_first/test__norag,section,news,158,6,0.93038,0.879645,0.960684
qwen3.5-2b__reasoning_first/test__norag,section,globenewswire,364,364,1.0,0.989557,1.0
qwen3.5-2b__reasoning_first/test__norag,section,oto,11,4,0.818182,0.523019,0.948632
qwen3.5-2b__reasoning_first/test__norag,section,otomotif,55,12,0.836364,0.717363,0.911446
qwen3.5-2b__reasoning_first/test__norag,section,entertainment,9,0,0.888889,0.565,0.980109
qwen3.5-2b__reasoning_first/test__norag,section,metro,7,0,0.857143,0.486872,0.97432
qwen3.5-2b__reasoning_first/test__norag,section,bola,29,0,0.931034,0.780354,0.980879
qwen3.5-2b__reasoning_first/test__norag,section,health,32,1,0.90625,0.757818,0.967598
qwen3.5-2b__reasoning_first/test__norag,section,bisnis,15,2,0.866667,0.62118,0.962639
qwen3.5-2b__reasoning_first/test__norag,section,business,16,0,0.6875,0.444044,0.858354
qwen3.5-2b__reasoning_first/test__norag,section,digital,17,4,0.705882,0.468669,0.8672
qwen3.5-2b__reasoning_first/test__norag,section,megapolitan,12,0,0.916667,0.64612,0.985135
qwen3.5-2b__reasoning_first/test__norag,section,edukasi,33,8,0.939394,0.803938,0.983219
qwen3.5-2b__reasoning_first/test__norag,section,nasional,46,30,0.782609,0.644263,0.877391
qwen3.5-2b__reasoning_first/test__norag,section,inet,26,6,0.923077,0.758584,0.978645
qwen3.5-2b__reasoning_first/test__norag,section,money,8,0,0.75,0.409275,0.928521
qwen3.5-2b__reasoning_first/test__norag,section,surabaya,1,0,1.0,0.206549,1.0
qwen3.5-2b__reasoning_first/test__norag,section,travel,21,1,0.952381,0.773306,0.991544
qwen3.5-2b__reasoning_first/test__norag,section,food,52,2,0.980769,0.898795,0.996597
qwen3.5-2b__reasoning_first/test__norag,section,daerah,12,0,0.416667,0.19326,0.680489
qwen3.5-2b__reasoning_first/test__norag,section,gaya,23,0,1.0,0.856883,1.0
qwen3.5-2b__reasoning_first/test__norag,section,showbiz,24,1,0.916667,0.741512,0.976841
qwen3.5-2b__reasoning_first/test__norag,section,berita,13,0,0.846154,0.577654,0.956742
qwen3.5-2b__reasoning_first/test__norag,section,properti,10,0,0.8,0.490162,0.943318
qwen3.5-2b__reasoning_first/test__norag,section,finance,35,8,0.714286,0.549451,0.836735
qwen3.5-2b__reasoning_first/test__norag,section,trending,4,0,1.0,0.510109,1.0
qwen3.5-2b__reasoning_first/test__norag,section,dunia,7,0,1.0,0.64567,1.0
qwen3.5-2b__reasoning_first/test__norag,section,seleb,11,0,1.0,0.741167,1.0
qwen3.5-2b__reasoning_first/test__norag,section,wolipop,10,0,1.0,0.722467,1.0
qwen3.5-2b__reasoning_first/test__norag,section,ekbis,13,2,0.769231,0.497436,0.918205
qwen3.5-2b__reasoning_first/test__norag,section,politics,16,0,1.0,0.806392,1.0
qwen3.5-2b__reasoning_first/test__norag,section,opinion,9,0,0.666667,0.354202,0.879416
qwen3.5-2b__reasoning_first/test__norag,section,gaya-hidup,16,1,0.8125,0.569911,0.934084
qwen3.5-2b__reasoning_first/test__norag,section,regional,6,0,0.833333,0.436497,0.969947
qwen3.5-2b__reasoning_first/test__norag,section,ragam,11,0,1.0,0.741167,1.0
qwen3.5-2b__reasoning_first/test__norag,section,international,11,0,1.0,0.741167,1.0
qwen3.5-2b__reasoning_first/test__norag,section,hot,17,1,0.941176,0.73018,0.98954
qwen3.5-2b__reasoning_first/test__norag,section,makassar,1,0,0.0,0.0,0.793451
qwen3.5-2b__reasoning_first/test__norag,section,sains,13,0,0.923077,0.66686,0.98629
qwen3.5-2b__reasoning_first/test__norag,section,go,1,1,1.0,0.206549,1.0
qwen3.5-2b__reasoning_first/test__norag,section,militer,2,0,1.0,0.34238,1.0
qwen3.5-2b__reasoning_first/test__norag,section,life,7,0,0.857143,0.486872,0.97432
qwen3.5-2b__reasoning_first/test__norag,section,sponsored-sections,1,0,0.0,0.0,0.793451
qwen3.5-2b__reasoning_first/test__norag,section,badminton,1,0,1.0,0.206549,1.0
qwen3.5-2b__reasoning_first/test__norag,section,edu,2,0,1.0,0.34238,1.0
qwen3.5-2b__reasoning_first/test__norag,section,bandung,1,0,1.0,0.206549,1.0
qwen3.5-2b__reasoning_first/test__rag_k5,host,kompas.com,79,1,0.987342,0.931724,0.997762
qwen3.5-2b__reasoning_first/test__rag_k5,host,thestar.com,717,364,0.988842,0.978139,0.994336
qwen3.5-2b__reasoning_first/test__rag_k5,host,biz.kompas.com,420,420,0.997619,0.986638,0.99958
qwen3.5-2b__reasoning_first/test__rag_k5,host,sport.tempo.co,14,0,1.0,0.784689,1.0
qwen3.5-2b__reasoning_first/test__rag_k5,host,tekno.tempo.co,19,2,0.894737,0.686059,0.970641
qwen3.5-2b__reasoning_first/test__rag_k5,host,viva.co.id,292,177,0.94863,0.916984,0.968625
qwen3.5-2b__reasoning_first/test__rag_k5,host,lifestyle.sindonews.com,41,4,0.926829,0.805726,0.974802
qwen3.5-2b__reasoning_first/test__rag_k5,host,oto.detik.com,11,4,0.818182,0.523019,0.948632
qwen3.5-2b__reasoning_first/test__rag_k5,host,otomotif.tempo.co,13,0,1.0,0.771905,1.0
qwen3.5-2b__reasoning_first/test__rag_k5,host,tekno.sindonews.com,42,19,0.904762,0.779349,0.962338
qwen3.5-2b__reasoning_first/test__rag_k5,host,metro.tempo.co,7,0,1.0,0.64567,1.0
qwen3.5-2b__reasoning_first/test__rag_k5,host,bola.tempo.co,10,0,1.0,0.722467,1.0
qwen3.5-2b__reasoning_first/test__rag_k5,host,sports.sindonews.com,9,9,0.777778,0.452589,0.936775
qwen3.5-2b__reasoning_first/test__rag_k5,host,health.detik.com,11,1,0.909091,0.622642,0.983768
qwen3.5-2b__reasoning_first/test__rag_k5,host,bisnis.tempo.co,15,2,0.866667,0.62118,0.962639
qwen3.5-2b__reasoning_first/test__rag_k5,host,health.kompas.com,21,0,1.0,0.845361,1.0
qwen3.5-2b__reasoning_first/test__rag_k5,host,megapolitan.kompas.com,12,0,0.916667,0.64612,0.985135
qwen3.5-2b__reasoning_first/test__rag_k5,host,nasional.sindonews.com,38,30,0.789474,0.636542,0.889252
qwen3.5-2b__reasoning_first/test__rag_k5,host,lifestyle.kompas.com,18,1,0.944444,0.742427,0.990125
qwen3.5-2b__reasoning_first/test__rag_k5,host,inet.detik.com,26,6,0.923077,0.758584,0.978645
qwen3.5-2b__reasoning_first/test__rag_k5,host,news.detik.com,29,6,0.862069,0.69441,0.945026
qwen3.5-2b__reasoning_first/test__rag_k5,host,otomotif.kompas.com,21,5,0.809524,0.599994,0.923324
qwen3.5-2b__reasoning_first/test__rag_k5,host,otomotif.sindonews.com,18,6,0.944444,0.742427,0.990125
qwen3.5-2b__reasoning_first/test__rag_k5,host,money.kompas.com,8,0,1.0,0.675592,1.0
qwen3.5-2b__reasoning_first/test__rag_k5,host,edukasi.sindonews.com,23,8,0.913043,0.73204,0.97582
qwen3.5-2b__reasoning_first/test__rag_k5,host,surabaya.kompas.com,1,0,1.0,0.206549,1.0
qwen3.5-2b__reasoning_first/test__rag_k5,host,travel.tempo.co,21,1,0.952381,0.773306,0.991544
qwen3.5-2b__reasoning_first/test__rag_k5,host,food.detik.com,31,2,0.967742,0.838059,0.994283
qwen3.5-2b__reasoning_first/test__rag_k5,host,daerah.sindonews.com,12,0,0.666667,0.390622,0.86188
qwen3.5-2b__reasoning_first/test__rag_k5,host,gaya.tempo.co,23,0,1.0,0.856883,1.0
qwen3.5-2b__reasoning_first/test__rag_k5,host,finance.detik.com,35,8,0.742857,0.579307,0.85837
qwen3.5-2b__reasoning_first/test__rag_k5,host,dunia.tempo.co,7,0,1.0,0.64567,1.0
qwen3.5-2b__reasoning_first/test__rag_k5,host,seleb.tempo.co,11,0,1.0,0.741167,1.0
qwen3.5-2b__reasoning_first/test__rag_k5,host,sport.detik.com,20,0,1.0,0.838875,1.0
qwen3.5-2b__reasoning_first/test__rag_k5,host,wolipop.detik.com,10,0,1.0,0.722467,1.0
qwen3.5-2b__reasoning_first/test__rag_k5,host,ekbis.sindonews.com,13,2,0.846154,0.577654,0.956742
qwen3.5-2b__reasoning_first/test__rag_k5,host,tekno.kompas.com,6,1,1.0,0.609666,1.0
qwen3.5-2b__reasoning_first/test__rag_k5,host,nasional.kompas.com,7,0,0.857143,0.486872,0.97432
qwen3.5-2b__reasoning_first/test__rag_k5,host,regional.kompas.com,6,0,1.0,0.609666,1.0
qwen3.5-2b__reasoning_first/test__rag_k5,host,international.sindonews.com,11,0,1.0,0.741167,1.0
qwen3.5-2b__reasoning_first/test__rag_k5,host,hot.detik.com,17,1,0.941176,0.73018,0.98954
qwen3.5-2b__reasoning_first/test__rag_k5,host,makassar.kompas.com,1,0,0.0,0.0,0.793451
qwen3.5-2b__reasoning_first/test__rag_k5,host,sains.sindonews.com,13,0,1.0,0.771905,1.0
qwen3.5-2b__reasoning_first/test__rag_k5,host,go.kompas.com,1,1,1.0,0.206549,1.0
qwen3.5-2b__reasoning_first/test__rag_k5,host,bola.kompas.com,3,0,1.0,0.438503,1.0
qwen3.5-2b__reasoning_first/test__rag_k5,host,nasional.tempo.co,1,0,1.0,0.206549,1.0
qwen3.5-2b__reasoning_first/test__rag_k5,host,bandung.kompas.com,1,0,1.0,0.206549,1.0
qwen3.5-2b__reasoning_first/test__rag_k5,section,global,13,0,1.0,0.771905,1.0
qwen3.5-2b__reasoning_first/test__rag_k5,section,skola,9,0,1.0,0.700855,1.0
qwen3.5-2b__reasoning_first/test__rag_k5,section,sports,179,9,0.988827,0.960183,0.996931
qwen3.5-2b__reasoning_first/test__rag_k5,section,biz,420,420,0.997619,0.986638,0.99958
qwen3.5-2b__reasoning_first/test__rag_k5,section,sport,40,0,1.0,0.912378,1.0
qwen3.5-2b__reasoning_first/test__rag_k5,section,tekno,67,22,0.910448,0.818072,0.958309
qwen3.5-2b__reasoning_first/test__rag_k5,section,homey,10,1,1.0,0.722467,1.0
qwen3.5-2b__reasoning_first/test__rag_k5,section,tren,9,0,1.0,0.700855,1.0
qwen3.5-2b__reasoning_first/test__rag_k5,section,siaran-pers,170,170,0.970588,0.933006,0.987373
qwen3.5-2b__reasoning_first/test__rag_k5,section,lifestyle,59,5,0.932203,0.838245,0.973321
qwen3.5-2b__reasoning_first/test__rag_k5,section,news,158,6,0.962025,0.919636,0.982482
qwen3.5-2b__reasoning_first/test__rag_k5,section,globenewswire,364,364,1.0,0.989557,1.0
qwen3.5-2b__reasoning_first/test__rag_k5,section,oto,11,4,0.818182,0.523019,0.948632
qwen3.5-2b__reasoning_first/test__rag_k5,section,otomotif,55,12,0.890909,0.781745,0.949033
qwen3.5-2b__reasoning_first/test__rag_k5,section,entertainment,9,0,1.0,0.700855,1.0
qwen3.5-2b__reasoning_first/test__rag_k5,section,metro,7,0,1.0,0.64567,1.0
qwen3.5-2b__reasoning_first/test__rag_k5,section,bola,29,0,0.965517,0.828245,0.993887
qwen3.5-2b__reasoning_first/test__rag_k5,section,health,32,1,0.96875,0.842557,0.994462
qwen3.5-2b__reasoning_first/test__rag_k5,section,bisnis,15,2,0.866667,0.62118,0.962639
qwen3.5-2b__reasoning_first/test__rag_k5,section,business,16,0,0.8125,0.569911,0.934084
qwen3.5-2b__reasoning_first/test__rag_k5,section,digital,17,4,0.764706,0.527382,0.90445
qwen3.5-2b__reasoning_first/test__rag_k5,section,megapolitan,12,0,0.916667,0.64612,0.985135
qwen3.5-2b__reasoning_first/test__rag_k5,section,edukasi,33,8,0.939394,0.803938,0.983219
qwen3.5-2b__reasoning_first/test__rag_k5,section,nasional,46,30,0.804348,0.668287,0.893494
qwen3.5-2b__reasoning_first/test__rag_k5,section,inet,26,6,0.923077,0.758584,0.978645
qwen3.5-2b__reasoning_first/test__rag_k5,section,money,8,0,1.0,0.675592,1.0
qwen3.5-2b__reasoning_first/test__rag_k5,section,surabaya,1,0,1.0,0.206549,1.0
qwen3.5-2b__reasoning_first/test__rag_k5,section,travel,21,1,0.952381,0.773306,0.991544
qwen3.5-2b__reasoning_first/test__rag_k5,section,food,52,2,0.980769,0.898795,0.996597
qwen3.5-2b__reasoning_first/test__rag_k5,section,daerah,12,0,0.666667,0.390622,0.86188
qwen3.5-2b__reasoning_first/test__rag_k5,section,gaya,23,0,1.0,0.856883,1.0
qwen3.5-2b__reasoning_first/test__rag_k5,section,showbiz,24,1,0.916667,0.741512,0.976841
qwen3.5-2b__reasoning_first/test__rag_k5,section,berita,13,0,1.0,0.771905,1.0
qwen3.5-2b__reasoning_first/test__rag_k5,section,properti,10,0,0.9,0.59585,0.982124
qwen3.5-2b__reasoning_first/test__rag_k5,section,finance,35,8,0.742857,0.579307,0.85837
qwen3.5-2b__reasoning_first/test__rag_k5,section,trending,4,0,1.0,0.510109,1.0
qwen3.5-2b__reasoning_first/test__rag_k5,section,dunia,7,0,1.0,0.64567,1.0
qwen3.5-2b__reasoning_first/test__rag_k5,section,seleb,11,0,1.0,0.741167,1.0
qwen3.5-2b__reasoning_first/test__rag_k5,section,wolipop,10,0,1.0,0.722467,1.0
qwen3.5-2b__reasoning_first/test__rag_k5,section,ekbis,13,2,0.846154,0.577654,0.956742
qwen3.5-2b__reasoning_first/test__rag_k5,section,politics,16,0,1.0,0.806392,1.0
qwen3.5-2b__reasoning_first/test__rag_k5,section,opinion,9,0,0.888889,0.565,0.980109
qwen3.5-2b__reasoning_first/test__rag_k5,section,gaya-hidup,16,1,0.875,0.639772,0.965023
qwen3.5-2b__reasoning_first/test__rag_k5,section,regional,6,0,1.0,0.609666,1.0
qwen3.5-2b__reasoning_first/test__rag_k5,section,ragam,11,0,1.0,0.741167,1.0
qwen3.5-2b__reasoning_first/test__rag_k5,section,international,11,0,1.0,0.741167,1.0
qwen3.5-2b__reasoning_first/test__rag_k5,section,hot,17,1,0.941176,0.73018,0.98954
qwen3.5-2b__reasoning_first/test__rag_k5,section,makassar,1,0,0.0,0.0,0.793451
qwen3.5-2b__reasoning_first/test__rag_k5,section,sains,13,0,1.0,0.771905,1.0
qwen3.5-2b__reasoning_first/test__rag_k5,section,go,1,1,1.0,0.206549,1.0
qwen3.5-2b__reasoning_first/test__rag_k5,section,militer,2,0,1.0,0.34238,1.0
qwen3.5-2b__reasoning_first/test__rag_k5,section,life,7,0,0.857143,0.486872,0.97432
qwen3.5-2b__reasoning_first/test__rag_k5,section,sponsored-sections,1,0,0.0,0.0,0.793451
qwen3.5-2b__reasoning_first/test__rag_k5,section,badminton,1,0,1.0,0.206549,1.0
qwen3.5-2b__reasoning_first/test__rag_k5,section,edu,2,0,1.0,0.34238,1.0
qwen3.5-2b__reasoning_first/test__rag_k5,section,bandung,1,0,1.0,0.206549,1.0
qwen3.5-2b__reasoning_first/test_xsource__norag,host,cnnindonesia.com,2367,1205,0.712294,0.693725,0.730176
qwen3.5-2b__reasoning_first/test_xsource__norag,section,teknologi,193,111,0.777202,0.71341,0.830175
qwen3.5-2b__reasoning_first/test_xsource__norag,section,olahraga,291,17,0.920962,0.884197,0.946758
qwen3.5-2b__reasoning_first/test_xsource__norag,section,internasional,216,90,0.884259,0.834726,0.920363
qwen3.5-2b__reasoning_first/test_xsource__norag,section,nasional,749,383,0.563418,0.527665,0.598524
qwen3.5-2b__reasoning_first/test_xsource__norag,section,ekonomi,299,168,0.652174,0.596567,0.70392
qwen3.5-2b__reasoning_first/test_xsource__norag,section,otomotif,16,1,0.5,0.279996,0.720004
qwen3.5-2b__reasoning_first/test_xsource__norag,section,hiburan,182,103,0.791209,0.726444,0.843934
qwen3.5-2b__reasoning_first/test_xsource__norag,section,gaya-hidup,416,332,0.733173,0.688678,0.773401
qwen3.5-2b__reasoning_first/test_xsource__norag,section,edukasi,5,0,0.6,0.230724,0.882379
qwen3.5-2b__reasoning_first/test_xsource__rag_k5,host,cnnindonesia.com,2367,1205,0.718631,0.700173,0.736381
qwen3.5-2b__reasoning_first/test_xsource__rag_k5,section,teknologi,193,111,0.797927,0.735718,0.848509
qwen3.5-2b__reasoning_first/test_xsource__rag_k5,section,olahraga,291,17,0.945017,0.912562,0.965876
qwen3.5-2b__reasoning_first/test_xsource__rag_k5,section,internasional,216,90,0.842593,0.788094,0.885118
qwen3.5-2b__reasoning_first/test_xsource__rag_k5,section,nasional,749,383,0.607477,0.572043,0.641814
qwen3.5-2b__reasoning_first/test_xsource__rag_k5,section,ekonomi,299,168,0.67893,0.624027,0.729293
qwen3.5-2b__reasoning_first/test_xsource__rag_k5,section,otomotif,16,1,0.625,0.38641,0.815188
qwen3.5-2b__reasoning_first/test_xsource__rag_k5,section,hiburan,182,103,0.714286,0.644755,0.774957
qwen3.5-2b__reasoning_first/test_xsource__rag_k5,section,gaya-hidup,416,332,0.694712,0.648842,0.737018
qwen3.5-2b__reasoning_first/test_xsource__rag_k5,section,edukasi,5,0,0.6,0.230724,0.882379
qwen3.5-9b__reasoning_first/test__norag,host,kompas.com,79,1,0.974684,0.912314,0.99303
qwen3.5-9b__reasoning_first/test__norag,host,thestar.com,717,364,0.995816,0.987771,0.998576
qwen3.5-9b__reasoning_first/test__norag,host,biz.kompas.com,420,420,0.995238,0.982806,0.998693
qwen3.5-9b__reasoning_first/test__norag,host,sport.tempo.co,14,0,1.0,0.784689,1.0
qwen3.5-9b__reasoning_first/test__norag,host,tekno.tempo.co,19,2,0.947368,0.753613,0.990648
qwen3.5-9b__reasoning_first/test__norag,host,viva.co.id,292,177,0.952055,0.921142,0.971228
qwen3.5-9b__reasoning_first/test__norag,host,lifestyle.sindonews.com,41,4,0.926829,0.805726,0.974802
qwen3.5-9b__reasoning_first/test__norag,host,oto.detik.com,11,4,0.818182,0.523019,0.948632
qwen3.5-9b__reasoning_first/test__norag,host,otomotif.tempo.co,13,0,1.0,0.771905,1.0
qwen3.5-9b__reasoning_first/test__norag,host,tekno.sindonews.com,42,19,0.857143,0.721589,0.93284
qwen3.5-9b__reasoning_first/test__norag,host,metro.tempo.co,7,0,1.0,0.64567,1.0
qwen3.5-9b__reasoning_first/test__norag,host,bola.tempo.co,10,0,1.0,0.722467,1.0
qwen3.5-9b__reasoning_first/test__norag,host,sports.sindonews.com,9,9,0.777778,0.452589,0.936775
qwen3.5-9b__reasoning_first/test__norag,host,health.detik.com,11,1,0.909091,0.622642,0.983768
qwen3.5-9b__reasoning_first/test__norag,host,bisnis.tempo.co,15,2,0.866667,0.62118,0.962639
qwen3.5-9b__reasoning_first/test__norag,host,health.kompas.com,21,0,1.0,0.845361,1.0
qwen3.5-9b__reasoning_first/test__norag,host,megapolitan.kompas.com,12,0,1.0,0.757506,1.0
qwen3.5-9b__reasoning_first/test__norag,host,nasional.sindonews.com,38,30,0.710526,0.552429,0.829967
qwen3.5-9b__reasoning_first/test__norag,host,lifestyle.kompas.com,18,1,0.944444,0.742427,0.990125
qwen3.5-9b__reasoning_first/test__norag,host,inet.detik.com,26,6,0.884615,0.710241,0.959968
qwen3.5-9b__reasoning_first/test__norag,host,news.detik.com,29,6,0.896552,0.736149,0.964185
qwen3.5-9b__reasoning_first/test__norag,host,otomotif.kompas.com,21,5,0.619048,0.408787,0.79249
qwen3.5-9b__reasoning_first/test__norag,host,otomotif.sindonews.com,18,6,0.944444,0.742427,0.990125
qwen3.5-9b__reasoning_first/test__norag,host,money.kompas.com,8,0,1.0,0.675592,1.0
qwen3.5-9b__reasoning_first/test__norag,host,edukasi.sindonews.com,23,8,0.956522,0.790088,0.992283
qwen3.5-9b__reasoning_first/test__norag,host,surabaya.kompas.com,1,0,1.0,0.206549,1.0
qwen3.5-9b__reasoning_first/test__norag,host,travel.tempo.co,21,1,0.952381,0.773306,0.991544
qwen3.5-9b__reasoning_first/test__norag,host,food.detik.com,31,2,0.967742,0.838059,0.994283
qwen3.5-9b__reasoning_first/test__norag,host,daerah.sindonews.com,12,0,0.916667,0.64612,0.985135
qwen3.5-9b__reasoning_first/test__norag,host,gaya.tempo.co,23,0,1.0,0.856883,1.0
qwen3.5-9b__reasoning_first/test__norag,host,finance.detik.com,35,8,0.742857,0.579307,0.85837
qwen3.5-9b__reasoning_first/test__norag,host,dunia.tempo.co,7,0,1.0,0.64567,1.0
qwen3.5-9b__reasoning_first/test__norag,host,seleb.tempo.co,11,0,1.0,0.741167,1.0
qwen3.5-9b__reasoning_first/test__norag,host,sport.detik.com,20,0,1.0,0.838875,1.0
qwen3.5-9b__reasoning_first/test__norag,host,wolipop.detik.com,10,0,1.0,0.722467,1.0
qwen3.5-9b__reasoning_first/test__norag,host,ekbis.sindonews.com,13,2,0.923077,0.66686,0.98629
qwen3.5-9b__reasoning_first/test__norag,host,tekno.kompas.com,6,1,1.0,0.609666,1.0
qwen3.5-9b__reasoning_first/test__norag,host,nasional.kompas.com,7,0,1.0,0.64567,1.0
qwen3.5-9b__reasoning_first/test__norag,host,regional.kompas.com,6,0,1.0,0.609666,1.0
qwen3.5-9b__reasoning_first/test__norag,host,international.sindonews.com,11,0,1.0,0.741167,1.0
qwen3.5-9b__reasoning_first/test__norag,host,hot.detik.com,17,1,0.941176,0.73018,0.98954
qwen3.5-9b__reasoning_first/test__norag,host,makassar.kompas.com,1,0,1.0,0.206549,1.0
qwen3.5-9b__reasoning_first/test__norag,host,sains.sindonews.com,13,0,1.0,0.771905,1.0
qwen3.5-9b__reasoning_first/test__norag,host,go.kompas.com,1,1,1.0,0.206549,1.0
qwen3.5-9b__reasoning_first/test__norag,host,bola.kompas.com,3,0,1.0,0.438503,1.0
qwen3.5-9b__reasoning_first/test__norag,host,nasional.tempo.co,1,0,1.0,0.206549,1.0
qwen3.5-9b__reasoning_first/test__norag,host,bandung.kompas.com,1,0,1.0,0.206549,1.0
qwen3.5-9b__reasoning_first/test__norag,section,global,13,0,1.0,0.771905,1.0
qwen3.5-9b__reasoning_first/test__norag,section,skola,9,0,1.0,0.700855,1.0
qwen3.5-9b__reasoning_first/test__norag,section,sports,179,9,0.988827,0.960183,0.996931
qwen3.5-9b__reasoning_first/test__norag,section,biz,420,420,0.995238,0.982806,0.998693
qwen3.5-9b__reasoning_first/test__norag,section,sport,40,0,1.0,0.912378,1.0
qwen3.5-9b__reasoning_first/test__norag,section,tekno,67,22,0.895522,0.799687,0.948462
qwen3.5-9b__reasoning_first/test__norag,section,homey,10,1,0.9,0.59585,0.982124
qwen3.5-9b__reasoning_first/test__norag,section,tren,9,0,1.0,0.700855,1.0
qwen3.5-9b__reasoning_first/test__norag,section,siaran-pers,170,170,0.976471,0.941071,0.990813
qwen3.5-9b__reasoning_first/test__norag,section,lifestyle,59,5,0.932203,0.838245,0.973321
qwen3.5-9b__reasoning_first/test__norag,section,news,158,6,0.981013,0.945669,0.993522
qwen3.5-9b__reasoning_first/test__norag,section,globenewswire,364,364,1.0,0.989557,1.0
qwen3.5-9b__reasoning_first/test__norag,section,oto,11,4,0.818182,0.523019,0.948632
qwen3.5-9b__reasoning_first/test__norag,section,otomotif,55,12,0.818182,0.696695,0.898123
qwen3.5-9b__reasoning_first/test__norag,section,entertainment,9,0,1.0,0.700855,1.0
qwen3.5-9b__reasoning_first/test__norag,section,metro,7,0,1.0,0.64567,1.0
qwen3.5-9b__reasoning_first/test__norag,section,bola,29,0,1.0,0.88303,1.0
qwen3.5-9b__reasoning_first/test__norag,section,health,32,1,0.96875,0.842557,0.994462
qwen3.5-9b__reasoning_first/test__norag,section,bisnis,15,2,0.866667,0.62118,0.962639
qwen3.5-9b__reasoning_first/test__norag,section,business,16,0,0.875,0.639772,0.965023
qwen3.5-9b__reasoning_first/test__norag,section,digital,17,4,0.705882,0.468669,0.8672
qwen3.5-9b__reasoning_first/test__norag,section,megapolitan,12,0,1.0,0.757506,1.0
qwen3.5-9b__reasoning_first/test__norag,section,edukasi,33,8,0.969697,0.846813,0.994631
qwen3.5-9b__reasoning_first/test__norag,section,nasional,46,30,0.76087,0.620649,0.860878
qwen3.5-9b__reasoning_first/test__norag,section,inet,26,6,0.884615,0.710241,0.959968
qwen3.5-9b__reasoning_first/test__norag,section,money,8,0,1.0,0.675592,1.0
qwen3.5-9b__reasoning_first/test__norag,section,surabaya,1,0,1.0,0.206549,1.0
qwen3.5-9b__reasoning_first/test__norag,section,travel,21,1,0.952381,0.773306,0.991544
qwen3.5-9b__reasoning_first/test__norag,section,food,52,2,0.980769,0.898795,0.996597
qwen3.5-9b__reasoning_first/test__norag,section,daerah,12,0,0.916667,0.64612,0.985135
qwen3.5-9b__reasoning_first/test__norag,section,gaya,23,0,1.0,0.856883,1.0
qwen3.5-9b__reasoning_first/test__norag,section,showbiz,24,1,0.958333,0.797582,0.992607
qwen3.5-9b__reasoning_first/test__norag,section,berita,13,0,0.923077,0.66686,0.98629
qwen3.5-9b__reasoning_first/test__norag,section,properti,10,0,0.9,0.59585,0.982124
qwen3.5-9b__reasoning_first/test__norag,section,finance,35,8,0.742857,0.579307,0.85837
qwen3.5-9b__reasoning_first/test__norag,section,trending,4,0,1.0,0.510109,1.0
qwen3.5-9b__reasoning_first/test__norag,section,dunia,7,0,1.0,0.64567,1.0
qwen3.5-9b__reasoning_first/test__norag,section,seleb,11,0,1.0,0.741167,1.0
qwen3.5-9b__reasoning_first/test__norag,section,wolipop,10,0,1.0,0.722467,1.0
qwen3.5-9b__reasoning_first/test__norag,section,ekbis,13,2,0.923077,0.66686,0.98629
qwen3.5-9b__reasoning_first/test__norag,section,politics,16,0,1.0,0.806392,1.0
qwen3.5-9b__reasoning_first/test__norag,section,opinion,9,0,1.0,0.700855,1.0
qwen3.5-9b__reasoning_first/test__norag,section,gaya-hidup,16,1,0.875,0.639772,0.965023
qwen3.5-9b__reasoning_first/test__norag,section,regional,6,0,1.0,0.609666,1.0
qwen3.5-9b__reasoning_first/test__norag,section,ragam,11,0,1.0,0.741167,1.0
qwen3.5-9b__reasoning_first/test__norag,section,international,11,0,1.0,0.741167,1.0
qwen3.5-9b__reasoning_first/test__norag,section,hot,17,1,0.941176,0.73018,0.98954
qwen3.5-9b__reasoning_first/test__norag,section,makassar,1,0,1.0,0.206549,1.0
qwen3.5-9b__reasoning_first/test__norag,section,sains,13,0,1.0,0.771905,1.0
qwen3.5-9b__reasoning_first/test__norag,section,go,1,1,1.0,0.206549,1.0
qwen3.5-9b__reasoning_first/test__norag,section,militer,2,0,1.0,0.34238,1.0
qwen3.5-9b__reasoning_first/test__norag,section,life,7,0,1.0,0.64567,1.0
qwen3.5-9b__reasoning_first/test__norag,section,sponsored-sections,1,0,0.0,0.0,0.793451
qwen3.5-9b__reasoning_first/test__norag,section,badminton,1,0,1.0,0.206549,1.0
qwen3.5-9b__reasoning_first/test__norag,section,edu,2,0,1.0,0.34238,1.0
qwen3.5-9b__reasoning_first/test__norag,section,bandung,1,0,1.0,0.206549,1.0
qwen3.5-9b__reasoning_first/test__rag_k5,host,kompas.com,79,1,0.974684,0.912314,0.99303
qwen3.5-9b__reasoning_first/test__rag_k5,host,thestar.com,717,364,0.995816,0.987771,0.998576
qwen3.5-9b__reasoning_first/test__rag_k5,host,biz.kompas.com,420,420,1.0,0.990937,1.0
qwen3.5-9b__reasoning_first/test__rag_k5,host,sport.tempo.co,14,0,1.0,0.784689,1.0
qwen3.5-9b__reasoning_first/test__rag_k5,host,tekno.tempo.co,19,2,0.947368,0.753613,0.990648
qwen3.5-9b__reasoning_first/test__rag_k5,host,viva.co.id,292,177,0.965753,0.938118,0.981293
qwen3.5-9b__reasoning_first/test__rag_k5,host,lifestyle.sindonews.com,41,4,0.97561,0.874049,0.995681
qwen3.5-9b__reasoning_first/test__rag_k5,host,oto.detik.com,11,4,0.818182,0.523019,0.948632
qwen3.5-9b__reasoning_first/test__rag_k5,host,otomotif.tempo.co,13,0,1.0,0.771905,1.0
qwen3.5-9b__reasoning_first/test__rag_k5,host,tekno.sindonews.com,42,19,0.904762,0.779349,0.962338
qwen3.5-9b__reasoning_first/test__rag_k5,host,metro.tempo.co,7,0,1.0,0.64567,1.0
qwen3.5-9b__reasoning_first/test__rag_k5,host,bola.tempo.co,10,0,1.0,0.722467,1.0
qwen3.5-9b__reasoning_first/test__rag_k5,host,sports.sindonews.com,9,9,0.777778,0.452589,0.936775
qwen3.5-9b__reasoning_first/test__rag_k5,host,health.detik.com,11,1,1.0,0.741167,1.0
qwen3.5-9b__reasoning_first/test__rag_k5,host,bisnis.tempo.co,15,2,0.866667,0.62118,0.962639
qwen3.5-9b__reasoning_first/test__rag_k5,host,health.kompas.com,21,0,1.0,0.845361,1.0
qwen3.5-9b__reasoning_first/test__rag_k5,host,megapolitan.kompas.com,12,0,0.916667,0.64612,0.985135
qwen3.5-9b__reasoning_first/test__rag_k5,host,nasional.sindonews.com,38,30,0.789474,0.636542,0.889252
qwen3.5-9b__reasoning_first/test__rag_k5,host,lifestyle.kompas.com,18,1,0.944444,0.742427,0.990125
qwen3.5-9b__reasoning_first/test__rag_k5,host,inet.detik.com,26,6,0.923077,0.758584,0.978645
qwen3.5-9b__reasoning_first/test__rag_k5,host,news.detik.com,29,6,0.862069,0.69441,0.945026
qwen3.5-9b__reasoning_first/test__rag_k5,host,otomotif.kompas.com,21,5,0.666667,0.453735,0.828052
qwen3.5-9b__reasoning_first/test__rag_k5,host,otomotif.sindonews.com,18,6,1.0,0.824121,1.0
qwen3.5-9b__reasoning_first/test__rag_k5,host,money.kompas.com,8,0,1.0,0.675592,1.0
qwen3.5-9b__reasoning_first/test__rag_k5,host,edukasi.sindonews.com,23,8,0.913043,0.73204,0.97582
qwen3.5-9b__reasoning_first/test__rag_k5,host,surabaya.kompas.com,1,0,1.0,0.206549,1.0
qwen3.5-9b__reasoning_first/test__rag_k5,host,travel.tempo.co,21,1,0.952381,0.773306,0.991544
qwen3.5-9b__reasoning_first/test__rag_k5,host,food.detik.com,31,2,0.967742,0.838059,0.994283
qwen3.5-9b__reasoning_first/test__rag_k5,host,daerah.sindonews.com,12,0,0.833333,0.551969,0.953035
qwen3.5-9b__reasoning_first/test__rag_k5,host,gaya.tempo.co,23,0,1.0,0.856883,1.0
qwen3.5-9b__reasoning_first/test__rag_k5,host,finance.detik.com,35,8,0.685714,0.520202,0.814492
qwen3.5-9b__reasoning_first/test__rag_k5,host,dunia.tempo.co,7,0,1.0,0.64567,1.0
qwen3.5-9b__reasoning_first/test__rag_k5,host,seleb.tempo.co,11,0,1.0,0.741167,1.0
qwen3.5-9b__reasoning_first/test__rag_k5,host,sport.detik.com,20,0,1.0,0.838875,1.0
qwen3.5-9b__reasoning_first/test__rag_k5,host,wolipop.detik.com,10,0,1.0,0.722467,1.0
qwen3.5-9b__reasoning_first/test__rag_k5,host,ekbis.sindonews.com,13,2,0.923077,0.66686,0.98629
qwen3.5-9b__reasoning_first/test__rag_k5,host,tekno.kompas.com,6,1,1.0,0.609666,1.0
qwen3.5-9b__reasoning_first/test__rag_k5,host,nasional.kompas.com,7,0,1.0,0.64567,1.0
qwen3.5-9b__reasoning_first/test__rag_k5,host,regional.kompas.com,6,0,1.0,0.609666,1.0
qwen3.5-9b__reasoning_first/test__rag_k5,host,international.sindonews.com,11,0,1.0,0.741167,1.0
qwen3.5-9b__reasoning_first/test__rag_k5,host,hot.detik.com,17,1,0.941176,0.73018,0.98954
qwen3.5-9b__reasoning_first/test__rag_k5,host,makassar.kompas.com,1,0,1.0,0.206549,1.0
qwen3.5-9b__reasoning_first/test__rag_k5,host,sains.sindonews.com,13,0,1.0,0.771905,1.0
qwen3.5-9b__reasoning_first/test__rag_k5,host,go.kompas.com,1,1,1.0,0.206549,1.0
qwen3.5-9b__reasoning_first/test__rag_k5,host,bola.kompas.com,3,0,1.0,0.438503,1.0
qwen3.5-9b__reasoning_first/test__rag_k5,host,nasional.tempo.co,1,0,1.0,0.206549,1.0
qwen3.5-9b__reasoning_first/test__rag_k5,host,bandung.kompas.com,1,0,1.0,0.206549,1.0
qwen3.5-9b__reasoning_first/test__rag_k5,section,global,13,0,1.0,0.771905,1.0
qwen3.5-9b__reasoning_first/test__rag_k5,section,skola,9,0,1.0,0.700855,1.0
qwen3.5-9b__reasoning_first/test__rag_k5,section,sports,179,9,0.988827,0.960183,0.996931
qwen3.5-9b__reasoning_first/test__rag_k5,section,biz,420,420,1.0,0.990937,1.0
qwen3.5-9b__reasoning_first/test__rag_k5,section,sport,40,0,1.0,0.912378,1.0
qwen3.5-9b__reasoning_first/test__rag_k5,section,tekno,67,22,0.925373,0.83691,0.967704
qwen3.5-9b__reasoning_first/test__rag_k5,section,homey,10,1,0.9,0.59585,0.982124
qwen3.5-9b__reasoning_first/test__rag_k5,section,tren,9,0,1.0,0.700855,1.0
qwen3.5-9b__reasoning_first/test__rag_k5,section,siaran-pers,170,170,0.994118,0.967437,0.998961
qwen3.5-9b__reasoning_first/test__rag_k5,section,lifestyle,59,5,0.966102,0.884564,0.990654
qwen3.5-9b__reasoning_first/test__rag_k5,section,news,158,6,0.974684,0.936721,0.990112
qwen3.5-9b__reasoning_first/test__rag_k5,section,globenewswire,364,364,1.0,0.989557,1.0
qwen3.5-9b__reasoning_first/test__rag_k5,section,oto,11,4,0.818182,0.523019,0.948632
qwen3.5-9b__reasoning_first/test__rag_k5,section,otomotif,55,12,0.854545,0.738391,0.924407
qwen3.5-9b__reasoning_first/test__rag_k5,section,entertainment,9,0,1.0,0.700855,1.0
qwen3.5-9b__reasoning_first/test__rag_k5,section,metro,7,0,1.0,0.64567,1.0
qwen3.5-9b__reasoning_first/test__rag_k5,section,bola,29,0,1.0,0.88303,1.0
qwen3.5-9b__reasoning_first/test__rag_k5,section,health,32,1,1.0,0.892821,1.0
qwen3.5-9b__reasoning_first/test__rag_k5,section,bisnis,15,2,0.866667,0.62118,0.962639
qwen3.5-9b__reasoning_first/test__rag_k5,section,business,16,0,0.875,0.639772,0.965023
qwen3.5-9b__reasoning_first/test__rag_k5,section,digital,17,4,0.764706,0.527382,0.90445
qwen3.5-9b__reasoning_first/test__rag_k5,section,megapolitan,12,0,0.916667,0.64612,0.985135
qwen3.5-9b__reasoning_first/test__rag_k5,section,edukasi,33,8,0.939394,0.803938,0.983219
qwen3.5-9b__reasoning_first/test__rag_k5,section,nasional,46,30,0.826087,0.692766,0.909142
qwen3.5-9b__reasoning_first/test__rag_k5,section,inet,26,6,0.923077,0.758584,0.978645
qwen3.5-9b__reasoning_first/test__rag_k5,section,money,8,0,1.0,0.675592,1.0
qwen3.5-9b__reasoning_first/test__rag_k5,section,surabaya,1,0,1.0,0.206549,1.0
qwen3.5-9b__reasoning_first/test__rag_k5,section,travel,21,1,0.952381,0.773306,0.991544
qwen3.5-9b__reasoning_first/test__rag_k5,section,food,52,2,0.980769,0.898795,0.996597
qwen3.5-9b__reasoning_first/test__rag_k5,section,daerah,12,0,0.833333,0.551969,0.953035
qwen3.5-9b__reasoning_first/test__rag_k5,section,gaya,23,0,1.0,0.856883,1.0
qwen3.5-9b__reasoning_first/test__rag_k5,section,showbiz,24,1,0.958333,0.797582,0.992607
qwen3.5-9b__reasoning_first/test__rag_k5,section,berita,13,0,1.0,0.771905,1.0
qwen3.5-9b__reasoning_first/test__rag_k5,section,properti,10,0,0.9,0.59585,0.982124
qwen3.5-9b__reasoning_first/test__rag_k5,section,finance,35,8,0.685714,0.520202,0.814492
qwen3.5-9b__reasoning_first/test__rag_k5,section,trending,4,0,1.0,0.510109,1.0
qwen3.5-9b__reasoning_first/test__rag_k5,section,dunia,7,0,1.0,0.64567,1.0
qwen3.5-9b__reasoning_first/test__rag_k5,section,seleb,11,0,1.0,0.741167,1.0
qwen3.5-9b__reasoning_first/test__rag_k5,section,wolipop,10,0,1.0,0.722467,1.0
qwen3.5-9b__reasoning_first/test__rag_k5,section,ekbis,13,2,0.923077,0.66686,0.98629
qwen3.5-9b__reasoning_first/test__rag_k5,section,politics,16,0,1.0,0.806392,1.0
qwen3.5-9b__reasoning_first/test__rag_k5,section,opinion,9,0,1.0,0.700855,1.0
qwen3.5-9b__reasoning_first/test__rag_k5,section,gaya-hidup,16,1,0.8125,0.569911,0.934084
qwen3.5-9b__reasoning_first/test__rag_k5,section,regional,6,0,1.0,0.609666,1.0
qwen3.5-9b__reasoning_first/test__rag_k5,section,ragam,11,0,1.0,0.741167,1.0
qwen3.5-9b__reasoning_first/test__rag_k5,section,international,11,0,1.0,0.741167,1.0
qwen3.5-9b__reasoning_first/test__rag_k5,section,hot,17,1,0.941176,0.73018,0.98954
qwen3.5-9b__reasoning_first/test__rag_k5,section,makassar,1,0,1.0,0.206549,1.0
qwen3.5-9b__reasoning_first/test__rag_k5,section,sains,13,0,1.0,0.771905,1.0
qwen3.5-9b__reasoning_first/test__rag_k5,section,go,1,1,1.0,0.206549,1.0
qwen3.5-9b__reasoning_first/test__rag_k5,section,militer,2,0,1.0,0.34238,1.0
qwen3.5-9b__reasoning_first/test__rag_k5,section,life,7,0,1.0,0.64567,1.0
qwen3.5-9b__reasoning_first/test__rag_k5,section,sponsored-sections,1,0,0.0,0.0,0.793451
qwen3.5-9b__reasoning_first/test__rag_k5,section,badminton,1,0,1.0,0.206549,1.0
qwen3.5-9b__reasoning_first/test__rag_k5,section,edu,2,0,1.0,0.34238,1.0
qwen3.5-9b__reasoning_first/test__rag_k5,section,bandung,1,0,1.0,0.206549,1.0
qwen3.5-9b__reasoning_first/test_xsource__norag,host,cnnindonesia.com,2367,1205,0.8327,0.817127,0.847194
qwen3.5-9b__reasoning_first/test_xsource__norag,section,teknologi,193,111,0.849741,0.792534,0.893298
qwen3.5-9b__reasoning_first/test_xsource__norag,section,olahraga,291,17,0.969072,0.942276,0.983645
qwen3.5-9b__reasoning_first/test_xsource__norag,section,internasional,216,90,0.875,0.824242,0.912653
qwen3.5-9b__reasoning_first/test_xsource__norag,section,nasional,749,383,0.815754,0.786403,0.841883
qwen3.5-9b__reasoning_first/test_xsource__norag,section,ekonomi,299,168,0.812709,0.764623,0.852862
qwen3.5-9b__reasoning_first/test_xsource__norag,section,otomotif,16,1,0.75,0.505017,0.898179
qwen3.5-9b__reasoning_first/test_xsource__norag,section,hiburan,182,103,0.791209,0.726444,0.843934
qwen3.5-9b__reasoning_first/test_xsource__norag,section,gaya-hidup,416,332,0.771635,0.728919,0.80938
qwen3.5-9b__reasoning_first/test_xsource__norag,section,edukasi,5,0,1.0,0.565518,1.0
qwen3.5-9b__reasoning_first/test_xsource__rag_k5,host,cnnindonesia.com,2367,1205,0.849599,0.834632,0.863432
qwen3.5-9b__reasoning_first/test_xsource__rag_k5,section,teknologi,193,111,0.880829,0.82753,0.919264
qwen3.5-9b__reasoning_first/test_xsource__rag_k5,section,olahraga,291,17,0.972509,0.946699,0.986005
qwen3.5-9b__reasoning_first/test_xsource__rag_k5,section,internasional,216,90,0.875,0.824242,0.912653
qwen3.5-9b__reasoning_first/test_xsource__rag_k5,section,nasional,749,383,0.842457,0.814627,0.866792
qwen3.5-9b__reasoning_first/test_xsource__rag_k5,section,ekonomi,299,168,0.819398,0.771831,0.858862
qwen3.5-9b__reasoning_first/test_xsource__rag_k5,section,otomotif,16,1,0.6875,0.444044,0.858354
qwen3.5-9b__reasoning_first/test_xsource__rag_k5,section,hiburan,182,103,0.840659,0.780529,0.886707
qwen3.5-9b__reasoning_first/test_xsource__rag_k5,section,gaya-hidup,416,332,0.778846,0.736514,0.816076
qwen3.5-9b__reasoning_first/test_xsource__rag_k5,section,edukasi,5,0,1.0,0.565518,1.0
