run,field,group,n,n_native_gold,accuracy,acc_ci_low,acc_ci_high
deepseek-r1-llama-8b__reasoning_first/test__norag,host,kompas.com,79,1,0.924051,0.844046,0.964728
deepseek-r1-llama-8b__reasoning_first/test__norag,host,thestar.com,717,364,0.983264,0.970976,0.990401
deepseek-r1-llama-8b__reasoning_first/test__norag,host,biz.kompas.com,420,420,0.988095,0.972438,0.994905
deepseek-r1-llama-8b__reasoning_first/test__norag,host,sport.tempo.co,14,0,1.0,0.784689,1.0
deepseek-r1-llama-8b__reasoning_first/test__norag,host,tekno.tempo.co,19,2,0.894737,0.686059,0.970641
deepseek-r1-llama-8b__reasoning_first/test__norag,host,viva.co.id,292,177,0.914384,0.876669,0.941337
deepseek-r1-llama-8b__reasoning_first/test__norag,host,lifestyle.sindonews.com,41,4,0.902439,0.774523,0.961403
deepseek-r1-llama-8b__reasoning_first/test__norag,host,oto.detik.com,11,4,0.818182,0.523019,0.948632
deepseek-r1-llama-8b__reasoning_first/test__norag,host,otomotif.tempo.co,13,0,0.923077,0.66686,0.98629
deepseek-r1-llama-8b__reasoning_first/test__norag,host,tekno.sindonews.com,42,19,0.714286,0.564328,0.82833
deepseek-r1-llama-8b__reasoning_first/test__norag,host,metro.tempo.co,7,0,0.857143,0.486872,0.97432
deepseek-r1-llama-8b__reasoning_first/test__norag,host,bola.tempo.co,10,0,1.0,0.722467,1.0
deepseek-r1-llama-8b__reasoning_first/test__norag,host,sports.sindonews.com,9,9,0.777778,0.452589,0.936775
deepseek-r1-llama-8b__reasoning_first/test__norag,host,health.detik.com,11,1,0.818182,0.523019,0.948632
deepseek-r1-llama-8b__reasoning_first/test__norag,host,bisnis.tempo.co,15,2,0.866667,0.62118,0.962639
deepseek-r1-llama-8b__reasoning_first/test__norag,host,health.kompas.com,21,0,0.952381,0.773306,0.991544
deepseek-r1-llama-8b__reasoning_first/test__norag,host,megapolitan.kompas.com,12,0,0.916667,0.64612,0.985135
deepseek-r1-llama-8b__reasoning_first/test__norag,host,nasional.sindonews.com,38,30,0.763158,0.607932,0.870063
deepseek-r1-llama-8b__reasoning_first/test__norag,host,lifestyle.kompas.com,18,1,0.666667,0.437495,0.837212
deepseek-r1-llama-8b__reasoning_first/test__norag,host,inet.detik.com,26,6,0.884615,0.710241,0.959968
deepseek-r1-llama-8b__reasoning_first/test__norag,host,news.detik.com,29,6,0.896552,0.736149,0.964185
deepseek-r1-llama-8b__reasoning_first/test__norag,host,otomotif.kompas.com,21,5,0.666667,0.453735,0.828052
deepseek-r1-llama-8b__reasoning_first/test__norag,host,otomotif.sindonews.com,18,6,1.0,0.824121,1.0
deepseek-r1-llama-8b__reasoning_first/test__norag,host,money.kompas.com,8,0,0.5,0.215216,0.784784
deepseek-r1-llama-8b__reasoning_first/test__norag,host,edukasi.sindonews.com,23,8,0.782609,0.580965,0.90336
deepseek-r1-llama-8b__reasoning_first/test__norag,host,surabaya.kompas.com,1,0,1.0,0.206549,1.0
deepseek-r1-llama-8b__reasoning_first/test__norag,host,travel.tempo.co,21,1,0.952381,0.773306,0.991544
deepseek-r1-llama-8b__reasoning_first/test__norag,host,food.detik.com,31,2,0.870968,0.711476,0.948657
deepseek-r1-llama-8b__reasoning_first/test__norag,host,daerah.sindonews.com,12,0,0.583333,0.319511,0.80674
deepseek-r1-llama-8b__reasoning_first/test__norag,host,gaya.tempo.co,23,0,1.0,0.856883,1.0
deepseek-r1-llama-8b__reasoning_first/test__norag,host,finance.detik.com,35,8,0.657143,0.491519,0.791683
deepseek-r1-llama-8b__reasoning_first/test__norag,host,dunia.tempo.co,7,0,1.0,0.64567,1.0
deepseek-r1-llama-8b__reasoning_first/test__norag,host,seleb.tempo.co,11,0,1.0,0.741167,1.0
deepseek-r1-llama-8b__reasoning_first/test__norag,host,sport.detik.com,20,0,1.0,0.838875,1.0
deepseek-r1-llama-8b__reasoning_first/test__norag,host,wolipop.detik.com,10,0,1.0,0.722467,1.0
deepseek-r1-llama-8b__reasoning_first/test__norag,host,ekbis.sindonews.com,13,2,0.769231,0.497436,0.918205
deepseek-r1-llama-8b__reasoning_first/test__norag,host,tekno.kompas.com,6,1,1.0,0.609666,1.0
deepseek-r1-llama-8b__reasoning_first/test__norag,host,nasional.kompas.com,7,0,0.857143,0.486872,0.97432
deepseek-r1-llama-8b__reasoning_first/test__norag,host,regional.kompas.com,6,0,1.0,0.609666,1.0
deepseek-r1-llama-8b__reasoning_first/test__norag,host,international.sindonews.com,11,0,1.0,0.741167,1.0
deepseek-r1-llama-8b__reasoning_first/test__norag,host,hot.detik.com,17,1,0.941176,0.73018,0.98954
deepseek-r1-llama-8b__reasoning_first/test__norag,host,makassar.kompas.com,1,0,0.0,0.0,0.793451
deepseek-r1-llama-8b__reasoning_first/test__norag,host,sains.sindonews.com,13,0,1.0,0.771905,1.0
deepseek-r1-llama-8b__reasoning_first/test__norag,host,go.kompas.com,1,1,1.0,0.206549,1.0
deepseek-r1-llama-8b__reasoning_first/test__norag,host,bola.kompas.com,3,0,1.0,0.438503,1.0
deepseek-r1-llama-8b__reasoning_first/test__norag,host,nasional.tempo.co,1,0,0.0,0.0,0.793451
deepseek-r1-llama-8b__reasoning_first/test__norag,host,bandung.kompas.com,1,0,1.0,0.206549,1.0
deepseek-r1-llama-8b__reasoning_first/test__norag,section,global,13,0,1.0,0.771905,1.0
deepseek-r1-llama-8b__reasoning_first/test__norag,section,skola,9,0,0.888889,0.565,0.980109
deepseek-r1-llama-8b__reasoning_first/test__norag,section,sports,179,9,0.988827,0.960183,0.996931
deepseek-r1-llama-8b__reasoning_first/test__norag,section,biz,420,420,0.988095,0.972438,0.994905
deepseek-r1-llama-8b__reasoning_first/test__norag,section,sport,40,0,1.0,0.912378,1.0
deepseek-r1-llama-8b__reasoning_first/test__norag,section,tekno,67,22,0.791045,0.679282,0.871243
deepseek-r1-llama-8b__reasoning_first/test__norag,section,homey,10,1,0.9,0.59585,0.982124
deepseek-r1-llama-8b__reasoning_first/test__norag,section,tren,9,0,0.888889,0.565,0.980109
deepseek-r1-llama-8b__reasoning_first/test__norag,section,siaran-pers,170,170,0.958824,0.917456,0.979913
deepseek-r1-llama-8b__reasoning_first/test__norag,section,lifestyle,59,5,0.830508,0.715368,0.905242
deepseek-r1-llama-8b__reasoning_first/test__norag,section,news,158,6,0.974684,0.936721,0.990112
deepseek-r1-llama-8b__reasoning_first/test__norag,section,globenewswire,364,364,1.0,0.989557,1.0
deepseek-r1-llama-8b__reasoning_first/test__norag,section,oto,11,4,0.818182,0.523019,0.948632
deepseek-r1-llama-8b__reasoning_first/test__norag,section,otomotif,55,12,0.854545,0.738391,0.924407
deepseek-r1-llama-8b__reasoning_first/test__norag,section,entertainment,9,0,0.888889,0.565,0.980109
deepseek-r1-llama-8b__reasoning_first/test__norag,section,metro,7,0,0.857143,0.486872,0.97432
deepseek-r1-llama-8b__reasoning_first/test__norag,section,bola,29,0,1.0,0.88303,1.0
deepseek-r1-llama-8b__reasoning_first/test__norag,section,health,32,1,0.90625,0.757818,0.967598
deepseek-r1-llama-8b__reasoning_first/test__norag,section,bisnis,15,2,0.866667,0.62118,0.962639
deepseek-r1-llama-8b__reasoning_first/test__norag,section,business,16,0,0.6875,0.444044,0.858354
deepseek-r1-llama-8b__reasoning_first/test__norag,section,digital,17,4,0.647059,0.413004,0.826903
deepseek-r1-llama-8b__reasoning_first/test__norag,section,megapolitan,12,0,0.916667,0.64612,0.985135
deepseek-r1-llama-8b__reasoning_first/test__norag,section,edukasi,33,8,0.727273,0.557824,0.849326
deepseek-r1-llama-8b__reasoning_first/test__norag,section,nasional,46,30,0.76087,0.620649,0.860878
deepseek-r1-llama-8b__reasoning_first/test__norag,section,inet,26,6,0.884615,0.710241,0.959968
deepseek-r1-llama-8b__reasoning_first/test__norag,section,money,8,0,0.5,0.215216,0.784784
deepseek-r1-llama-8b__reasoning_first/test__norag,section,surabaya,1,0,1.0,0.206549,1.0
deepseek-r1-llama-8b__reasoning_first/test__norag,section,travel,21,1,0.952381,0.773306,0.991544
deepseek-r1-llama-8b__reasoning_first/test__norag,section,food,52,2,0.923077,0.818264,0.969681
deepseek-r1-llama-8b__reasoning_first/test__norag,section,daerah,12,0,0.583333,0.319511,0.80674
deepseek-r1-llama-8b__reasoning_first/test__norag,section,gaya,23,0,1.0,0.856883,1.0
deepseek-r1-llama-8b__reasoning_first/test__norag,section,showbiz,24,1,0.916667,0.741512,0.976841
deepseek-r1-llama-8b__reasoning_first/test__norag,section,berita,13,0,0.692308,0.423693,0.873193
deepseek-r1-llama-8b__reasoning_first/test__norag,section,properti,10,0,0.7,0.396778,0.892209
deepseek-r1-llama-8b__reasoning_first/test__norag,section,finance,35,8,0.657143,0.491519,0.791683
deepseek-r1-llama-8b__reasoning_first/test__norag,section,trending,4,0,1.0,0.510109,1.0
deepseek-r1-llama-8b__reasoning_first/test__norag,section,dunia,7,0,1.0,0.64567,1.0
deepseek-r1-llama-8b__reasoning_first/test__norag,section,seleb,11,0,1.0,0.741167,1.0
deepseek-r1-llama-8b__reasoning_first/test__norag,section,wolipop,10,0,1.0,0.722467,1.0
deepseek-r1-llama-8b__reasoning_first/test__norag,section,ekbis,13,2,0.769231,0.497436,0.918205
deepseek-r1-llama-8b__reasoning_first/test__norag,section,politics,16,0,1.0,0.806392,1.0
deepseek-r1-llama-8b__reasoning_first/test__norag,section,opinion,9,0,0.777778,0.452589,0.936775
deepseek-r1-llama-8b__reasoning_first/test__norag,section,gaya-hidup,16,1,0.875,0.639772,0.965023
deepseek-r1-llama-8b__reasoning_first/test__norag,section,regional,6,0,1.0,0.609666,1.0
deepseek-r1-llama-8b__reasoning_first/test__norag,section,ragam,11,0,1.0,0.741167,1.0
deepseek-r1-llama-8b__reasoning_first/test__norag,section,international,11,0,1.0,0.741167,1.0
deepseek-r1-llama-8b__reasoning_first/test__norag,section,hot,17,1,0.941176,0.73018,0.98954
deepseek-r1-llama-8b__reasoning_first/test__norag,section,makassar,1,0,0.0,0.0,0.793451
deepseek-r1-llama-8b__reasoning_first/test__norag,section,sains,13,0,1.0,0.771905,1.0
deepseek-r1-llama-8b__reasoning_first/test__norag,section,go,1,1,1.0,0.206549,1.0
deepseek-r1-llama-8b__reasoning_first/test__norag,section,militer,2,0,1.0,0.34238,1.0
deepseek-r1-llama-8b__reasoning_first/test__norag,section,life,7,0,0.714286,0.358934,0.917781
deepseek-r1-llama-8b__reasoning_first/test__norag,section,sponsored-sections,1,0,0.0,0.0,0.793451
deepseek-r1-llama-8b__reasoning_first/test__norag,section,badminton,1,0,1.0,0.206549,1.0
deepseek-r1-llama-8b__reasoning_first/test__norag,section,edu,2,0,1.0,0.34238,1.0
deepseek-r1-llama-8b__reasoning_first/test__norag,section,bandung,1,0,1.0,0.206549,1.0
deepseek-r1-llama-8b__reasoning_first/test__rag_k5,host,kompas.com,79,1,0.949367,0.876923,0.980136
deepseek-r1-llama-8b__reasoning_first/test__rag_k5,host,thestar.com,717,364,0.986053,0.974519,0.992407
deepseek-r1-llama-8b__reasoning_first/test__rag_k5,host,biz.kompas.com,420,420,0.985714,0.969187,0.993437
deepseek-r1-llama-8b__reasoning_first/test__rag_k5,host,sport.tempo.co,14,0,1.0,0.784689,1.0
deepseek-r1-llama-8b__reasoning_first/test__rag_k5,host,tekno.tempo.co,19,2,0.894737,0.686059,0.970641
deepseek-r1-llama-8b__reasoning_first/test__rag_k5,host,viva.co.id,292,177,0.924658,0.888566,0.949721
deepseek-r1-llama-8b__reasoning_first/test__rag_k5,host,lifestyle.sindonews.com,41,4,0.926829,0.805726,0.974802
deepseek-r1-llama-8b__reasoning_first/test__rag_k5,host,oto.detik.com,11,4,0.727273,0.434355,0.902539
deepseek-r1-llama-8b__reasoning_first/test__rag_k5,host,otomotif.tempo.co,13,0,0.923077,0.66686,0.98629
deepseek-r1-llama-8b__reasoning_first/test__rag_k5,host,tekno.sindonews.com,42,19,0.761905,0.614725,0.86519
deepseek-r1-llama-8b__reasoning_first/test__rag_k5,host,metro.tempo.co,7,0,0.714286,0.358934,0.917781
deepseek-r1-llama-8b__reasoning_first/test__rag_k5,host,bola.tempo.co,10,0,1.0,0.722467,1.0
deepseek-r1-llama-8b__reasoning_first/test__rag_k5,host,sports.sindonews.com,9,9,0.777778,0.452589,0.936775
deepseek-r1-llama-8b__reasoning_first/test__rag_k5,host,health.detik.com,11,1,0.909091,0.622642,0.983768
deepseek-r1-llama-8b__reasoning_first/test__rag_k5,host,bisnis.tempo.co,15,2,0.8,0.548146,0.929525
deepseek-r1-llama-8b__reasoning_first/test__rag_k5,host,health.kompas.com,21,0,1.0,0.845361,1.0
deepseek-r1-llama-8b__reasoning_first/test__rag_k5,host,megapolitan.kompas.com,12,0,0.916667,0.64612,0.985135
deepseek-r1-llama-8b__reasoning_first/test__rag_k5,host,nasional.sindonews.com,38,30,0.789474,0.636542,0.889252
deepseek-r1-llama-8b__reasoning_first/test__rag_k5,host,lifestyle.kompas.com,18,1,0.666667,0.437495,0.837212
deepseek-r1-llama-8b__reasoning_first/test__rag_k5,host,inet.detik.com,26,6,0.961538,0.811072,0.993178
deepseek-r1-llama-8b__reasoning_first/test__rag_k5,host,news.detik.com,29,6,0.896552,0.736149,0.964185
deepseek-r1-llama-8b__reasoning_first/test__rag_k5,host,otomotif.kompas.com,21,5,0.619048,0.408787,0.79249
deepseek-r1-llama-8b__reasoning_first/test__rag_k5,host,otomotif.sindonews.com,18,6,0.944444,0.742427,0.990125
deepseek-r1-llama-8b__reasoning_first/test__rag_k5,host,money.kompas.com,8,0,0.75,0.409275,0.928521
deepseek-r1-llama-8b__reasoning_first/test__rag_k5,host,edukasi.sindonews.com,23,8,0.826087,0.628624,0.930213
deepseek-r1-llama-8b__reasoning_first/test__rag_k5,host,surabaya.kompas.com,1,0,1.0,0.206549,1.0
deepseek-r1-llama-8b__reasoning_first/test__rag_k5,host,travel.tempo.co,21,1,0.952381,0.773306,0.991544
deepseek-r1-llama-8b__reasoning_first/test__rag_k5,host,food.detik.com,31,2,0.935484,0.792814,0.982125
deepseek-r1-llama-8b__reasoning_first/test__rag_k5,host,daerah.sindonews.com,12,0,0.666667,0.390622,0.86188
deepseek-r1-llama-8b__reasoning_first/test__rag_k5,host,gaya.tempo.co,23,0,1.0,0.856883,1.0
deepseek-r1-llama-8b__reasoning_first/test__rag_k5,host,finance.detik.com,35,8,0.628571,0.463369,0.768342
deepseek-r1-llama-8b__reasoning_first/test__rag_k5,host,dunia.tempo.co,7,0,1.0,0.64567,1.0
deepseek-r1-llama-8b__reasoning_first/test__rag_k5,host,seleb.tempo.co,11,0,1.0,0.741167,1.0
deepseek-r1-llama-8b__reasoning_first/test__rag_k5,host,sport.detik.com,20,0,1.0,0.838875,1.0
deepseek-r1-llama-8b__reasoning_first/test__rag_k5,host,wolipop.detik.com,10,0,1.0,0.722467,1.0
deepseek-r1-llama-8b__reasoning_first/test__rag_k5,host,ekbis.sindonews.com,13,2,0.769231,0.497436,0.918205
deepseek-r1-llama-8b__reasoning_first/test__rag_k5,host,tekno.kompas.com,6,1,1.0,0.609666,1.0
deepseek-r1-llama-8b__reasoning_first/test__rag_k5,host,nasional.kompas.com,7,0,1.0,0.64567,1.0
deepseek-r1-llama-8b__reasoning_first/test__rag_k5,host,regional.kompas.com,6,0,1.0,0.609666,1.0
deepseek-r1-llama-8b__reasoning_first/test__rag_k5,host,international.sindonews.com,11,0,1.0,0.741167,1.0
deepseek-r1-llama-8b__reasoning_first/test__rag_k5,host,hot.detik.com,17,1,0.941176,0.73018,0.98954
deepseek-r1-llama-8b__reasoning_first/test__rag_k5,host,makassar.kompas.com,1,0,1.0,0.206549,1.0
deepseek-r1-llama-8b__reasoning_first/test__rag_k5,host,sains.sindonews.com,13,0,1.0,0.771905,1.0
deepseek-r1-llama-8b__reasoning_first/test__rag_k5,host,go.kompas.com,1,1,1.0,0.206549,1.0
deepseek-r1-llama-8b__reasoning_first/test__rag_k5,host,bola.kompas.com,3,0,1.0,0.438503,1.0
deepseek-r1-llama-8b__reasoning_first/test__rag_k5,host,nasional.tempo.co,1,0,1.0,0.206549,1.0
deepseek-r1-llama-8b__reasoning_first/test__rag_k5,host,bandung.kompas.com,1,0,1.0,0.206549,1.0
deepseek-r1-llama-8b__reasoning_first/test__rag_k5,section,global,13,0,1.0,0.771905,1.0
deepseek-r1-llama-8b__reasoning_first/test__rag_k5,section,skola,9,0,1.0,0.700855,1.0
deepseek-r1-llama-8b__reasoning_first/test__rag_k5,section,sports,179,9,0.988827,0.960183,0.996931
deepseek-r1-llama-8b__reasoning_first/test__rag_k5,section,biz,420,420,0.985714,0.969187,0.993437
deepseek-r1-llama-8b__reasoning_first/test__rag_k5,section,sport,40,0,1.0,0.912378,1.0
deepseek-r1-llama-8b__reasoning_first/test__rag_k5,section,tekno,67,22,0.820896,0.712525,0.894464
deepseek-r1-llama-8b__reasoning_first/test__rag_k5,section,homey,10,1,1.0,0.722467,1.0
deepseek-r1-llama-8b__reasoning_first/test__rag_k5,section,tren,9,0,0.888889,0.565,0.980109
deepseek-r1-llama-8b__reasoning_first/test__rag_k5,section,siaran-pers,170,170,0.964706,0.925148,0.983726
deepseek-r1-llama-8b__reasoning_first/test__rag_k5,section,lifestyle,59,5,0.847458,0.73482,0.917615
deepseek-r1-llama-8b__reasoning_first/test__rag_k5,section,news,158,6,0.974684,0.936721,0.990112
deepseek-r1-llama-8b__reasoning_first/test__rag_k5,section,globenewswire,364,364,1.0,0.989557,1.0
deepseek-r1-llama-8b__reasoning_first/test__rag_k5,section,oto,11,4,0.727273,0.434355,0.902539
deepseek-r1-llama-8b__reasoning_first/test__rag_k5,section,otomotif,55,12,0.818182,0.696695,0.898123
deepseek-r1-llama-8b__reasoning_first/test__rag_k5,section,entertainment,9,0,0.888889,0.565,0.980109
deepseek-r1-llama-8b__reasoning_first/test__rag_k5,section,metro,7,0,0.714286,0.358934,0.917781
deepseek-r1-llama-8b__reasoning_first/test__rag_k5,section,bola,29,0,1.0,0.88303,1.0
deepseek-r1-llama-8b__reasoning_first/test__rag_k5,section,health,32,1,0.96875,0.842557,0.994462
deepseek-r1-llama-8b__reasoning_first/test__rag_k5,section,bisnis,15,2,0.8,0.548146,0.929525
deepseek-r1-llama-8b__reasoning_first/test__rag_k5,section,business,16,0,0.75,0.505017,0.898179
deepseek-r1-llama-8b__reasoning_first/test__rag_k5,section,digital,17,4,0.588235,0.360054,0.783889
deepseek-r1-llama-8b__reasoning_first/test__rag_k5,section,megapolitan,12,0,0.916667,0.64612,0.985135
deepseek-r1-llama-8b__reasoning_first/test__rag_k5,section,edukasi,33,8,0.787879,0.622484,0.89324
deepseek-r1-llama-8b__reasoning_first/test__rag_k5,section,nasional,46,30,0.826087,0.692766,0.909142
deepseek-r1-llama-8b__reasoning_first/test__rag_k5,section,inet,26,6,0.961538,0.811072,0.993178
deepseek-r1-llama-8b__reasoning_first/test__rag_k5,section,money,8,0,0.75,0.409275,0.928521
deepseek-r1-llama-8b__reasoning_first/test__rag_k5,section,surabaya,1,0,1.0,0.206549,1.0
deepseek-r1-llama-8b__reasoning_first/test__rag_k5,section,travel,21,1,0.952381,0.773306,0.991544
deepseek-r1-llama-8b__reasoning_first/test__rag_k5,section,food,52,2,0.961538,0.870188,0.989388
deepseek-r1-llama-8b__reasoning_first/test__rag_k5,section,daerah,12,0,0.666667,0.390622,0.86188
deepseek-r1-llama-8b__reasoning_first/test__rag_k5,section,gaya,23,0,1.0,0.856883,1.0
deepseek-r1-llama-8b__reasoning_first/test__rag_k5,section,showbiz,24,1,0.958333,0.797582,0.992607
deepseek-r1-llama-8b__reasoning_first/test__rag_k5,section,berita,13,0,0.846154,0.577654,0.956742
deepseek-r1-llama-8b__reasoning_first/test__rag_k5,section,properti,10,0,0.7,0.396778,0.892209
deepseek-r1-llama-8b__reasoning_first/test__rag_k5,section,finance,35,8,0.628571,0.463369,0.768342
deepseek-r1-llama-8b__reasoning_first/test__rag_k5,section,trending,4,0,1.0,0.510109,1.0
deepseek-r1-llama-8b__reasoning_first/test__rag_k5,section,dunia,7,0,1.0,0.64567,1.0
deepseek-r1-llama-8b__reasoning_first/test__rag_k5,section,seleb,11,0,1.0,0.741167,1.0
deepseek-r1-llama-8b__reasoning_first/test__rag_k5,section,wolipop,10,0,1.0,0.722467,1.0
deepseek-r1-llama-8b__reasoning_first/test__rag_k5,section,ekbis,13,2,0.769231,0.497436,0.918205
deepseek-r1-llama-8b__reasoning_first/test__rag_k5,section,politics,16,0,1.0,0.806392,1.0
deepseek-r1-llama-8b__reasoning_first/test__rag_k5,section,opinion,9,0,0.888889,0.565,0.980109
deepseek-r1-llama-8b__reasoning_first/test__rag_k5,section,gaya-hidup,16,1,0.8125,0.569911,0.934084
deepseek-r1-llama-8b__reasoning_first/test__rag_k5,section,regional,6,0,1.0,0.609666,1.0
deepseek-r1-llama-8b__reasoning_first/test__rag_k5,section,ragam,11,0,1.0,0.741167,1.0
deepseek-r1-llama-8b__reasoning_first/test__rag_k5,section,international,11,0,1.0,0.741167,1.0
deepseek-r1-llama-8b__reasoning_first/test__rag_k5,section,hot,17,1,0.941176,0.73018,0.98954
deepseek-r1-llama-8b__reasoning_first/test__rag_k5,section,makassar,1,0,1.0,0.206549,1.0
deepseek-r1-llama-8b__reasoning_first/test__rag_k5,section,sains,13,0,1.0,0.771905,1.0
deepseek-r1-llama-8b__reasoning_first/test__rag_k5,section,go,1,1,1.0,0.206549,1.0
deepseek-r1-llama-8b__reasoning_first/test__rag_k5,section,militer,2,0,1.0,0.34238,1.0
deepseek-r1-llama-8b__reasoning_first/test__rag_k5,section,life,7,0,0.714286,0.358934,0.917781
deepseek-r1-llama-8b__reasoning_first/test__rag_k5,section,sponsored-sections,1,0,0.0,0.0,0.793451
deepseek-r1-llama-8b__reasoning_first/test__rag_k5,section,badminton,1,0,1.0,0.206549,1.0
deepseek-r1-llama-8b__reasoning_first/test__rag_k5,section,edu,2,0,1.0,0.34238,1.0
deepseek-r1-llama-8b__reasoning_first/test__rag_k5,section,bandung,1,0,1.0,0.206549,1.0
gemma2-9b__reasoning_first/test__norag,host,kompas.com,79,1,0.974684,0.912314,0.99303
gemma2-9b__reasoning_first/test__norag,host,thestar.com,717,364,0.994421,0.985744,0.997828
gemma2-9b__reasoning_first/test__norag,host,biz.kompas.com,420,420,1.0,0.990937,1.0
gemma2-9b__reasoning_first/test__norag,host,sport.tempo.co,14,0,1.0,0.784689,1.0
gemma2-9b__reasoning_first/test__norag,host,tekno.tempo.co,19,2,0.894737,0.686059,0.970641
gemma2-9b__reasoning_first/test__norag,host,viva.co.id,292,177,0.952055,0.921142,0.971228
gemma2-9b__reasoning_first/test__norag,host,lifestyle.sindonews.com,41,4,0.926829,0.805726,0.974802
gemma2-9b__reasoning_first/test__norag,host,oto.detik.com,11,4,0.909091,0.622642,0.983768
gemma2-9b__reasoning_first/test__norag,host,otomotif.tempo.co,13,0,1.0,0.771905,1.0
gemma2-9b__reasoning_first/test__norag,host,tekno.sindonews.com,42,19,0.857143,0.721589,0.93284
gemma2-9b__reasoning_first/test__norag,host,metro.tempo.co,7,0,1.0,0.64567,1.0
gemma2-9b__reasoning_first/test__norag,host,bola.tempo.co,10,0,1.0,0.722467,1.0
gemma2-9b__reasoning_first/test__norag,host,sports.sindonews.com,9,9,0.777778,0.452589,0.936775
gemma2-9b__reasoning_first/test__norag,host,health.detik.com,11,1,0.909091,0.622642,0.983768
gemma2-9b__reasoning_first/test__norag,host,bisnis.tempo.co,15,2,0.866667,0.62118,0.962639
gemma2-9b__reasoning_first/test__norag,host,health.kompas.com,21,0,1.0,0.845361,1.0
gemma2-9b__reasoning_first/test__norag,host,megapolitan.kompas.com,12,0,1.0,0.757506,1.0
gemma2-9b__reasoning_first/test__norag,host,nasional.sindonews.com,38,30,0.789474,0.636542,0.889252
gemma2-9b__reasoning_first/test__norag,host,lifestyle.kompas.com,18,1,0.944444,0.742427,0.990125
gemma2-9b__reasoning_first/test__norag,host,inet.detik.com,26,6,0.846154,0.664688,0.9385
gemma2-9b__reasoning_first/test__norag,host,news.detik.com,29,6,0.896552,0.736149,0.964185
gemma2-9b__reasoning_first/test__norag,host,otomotif.kompas.com,21,5,0.666667,0.453735,0.828052
gemma2-9b__reasoning_first/test__norag,host,otomotif.sindonews.com,18,6,0.944444,0.742427,0.990125
gemma2-9b__reasoning_first/test__norag,host,money.kompas.com,8,0,0.875,0.529112,0.977583
gemma2-9b__reasoning_first/test__norag,host,edukasi.sindonews.com,23,8,0.869565,0.678725,0.954623
gemma2-9b__reasoning_first/test__norag,host,surabaya.kompas.com,1,0,1.0,0.206549,1.0
gemma2-9b__reasoning_first/test__norag,host,travel.tempo.co,21,1,0.952381,0.773306,0.991544
gemma2-9b__reasoning_first/test__norag,host,food.detik.com,31,2,0.967742,0.838059,0.994283
gemma2-9b__reasoning_first/test__norag,host,daerah.sindonews.com,12,0,0.833333,0.551969,0.953035
gemma2-9b__reasoning_first/test__norag,host,gaya.tempo.co,23,0,1.0,0.856883,1.0
gemma2-9b__reasoning_first/test__norag,host,finance.detik.com,35,8,0.771429,0.609827,0.879341
gemma2-9b__reasoning_first/test__norag,host,dunia.tempo.co,7,0,1.0,0.64567,1.0
gemma2-9b__reasoning_first/test__norag,host,seleb.tempo.co,11,0,1.0,0.741167,1.0
gemma2-9b__reasoning_first/test__norag,host,sport.detik.com,20,0,1.0,0.838875,1.0
gemma2-9b__reasoning_first/test__norag,host,wolipop.detik.com,10,0,1.0,0.722467,1.0
gemma2-9b__reasoning_first/test__norag,host,ekbis.sindonews.com,13,2,0.769231,0.497436,0.918205
gemma2-9b__reasoning_first/test__norag,host,tekno.kompas.com,6,1,1.0,0.609666,1.0
gemma2-9b__reasoning_first/test__norag,host,nasional.kompas.com,7,0,1.0,0.64567,1.0
gemma2-9b__reasoning_first/test__norag,host,regional.kompas.com,6,0,1.0,0.609666,1.0
gemma2-9b__reasoning_first/test__norag,host,international.sindonews.com,11,0,1.0,0.741167,1.0
gemma2-9b__reasoning_first/test__norag,host,hot.detik.com,17,1,0.882353,0.656636,0.96712
gemma2-9b__reasoning_first/test__norag,host,makassar.kompas.com,1,0,1.0,0.206549,1.0
gemma2-9b__reasoning_first/test__norag,host,sains.sindonews.com,13,0,0.923077,0.66686,0.98629
gemma2-9b__reasoning_first/test__norag,host,go.kompas.com,1,1,1.0,0.206549,1.0
gemma2-9b__reasoning_first/test__norag,host,bola.kompas.com,3,0,1.0,0.438503,1.0
gemma2-9b__reasoning_first/test__norag,host,nasional.tempo.co,1,0,1.0,0.206549,1.0
gemma2-9b__reasoning_first/test__norag,host,bandung.kompas.com,1,0,1.0,0.206549,1.0
gemma2-9b__reasoning_first/test__norag,section,global,13,0,1.0,0.771905,1.0
gemma2-9b__reasoning_first/test__norag,section,skola,9,0,1.0,0.700855,1.0
gemma2-9b__reasoning_first/test__norag,section,sports,179,9,0.98324,0.951891,0.994284
gemma2-9b__reasoning_first/test__norag,section,biz,420,420,1.0,0.990937,1.0
gemma2-9b__reasoning_first/test__norag,section,sport,40,0,1.0,0.912378,1.0
gemma2-9b__reasoning_first/test__norag,section,tekno,67,22,0.880597,0.78168,0.938238
gemma2-9b__reasoning_first/test__norag,section,homey,10,1,0.9,0.59585,0.982124
gemma2-9b__reasoning_first/test__norag,section,tren,9,0,1.0,0.700855,1.0
gemma2-9b__reasoning_first/test__norag,section,siaran-pers,170,170,0.994118,0.967437,0.998961
gemma2-9b__reasoning_first/test__norag,section,lifestyle,59,5,0.932203,0.838245,0.973321
gemma2-9b__reasoning_first/test__norag,section,news,158,6,0.981013,0.945669,0.993522
gemma2-9b__reasoning_first/test__norag,section,globenewswire,364,364,1.0,0.989557,1.0
gemma2-9b__reasoning_first/test__norag,section,oto,11,4,0.909091,0.622642,0.983768
gemma2-9b__reasoning_first/test__norag,section,otomotif,55,12,0.836364,0.717363,0.911446
gemma2-9b__reasoning_first/test__norag,section,entertainment,9,0,1.0,0.700855,1.0
gemma2-9b__reasoning_first/test__norag,section,metro,7,0,1.0,0.64567,1.0
gemma2-9b__reasoning_first/test__norag,section,bola,29,0,1.0,0.88303,1.0
gemma2-9b__reasoning_first/test__norag,section,health,32,1,0.96875,0.842557,0.994462
gemma2-9b__reasoning_first/test__norag,section,bisnis,15,2,0.866667,0.62118,0.962639
gemma2-9b__reasoning_first/test__norag,section,business,16,0,0.875,0.639772,0.965023
gemma2-9b__reasoning_first/test__norag,section,digital,17,4,0.705882,0.468669,0.8672
gemma2-9b__reasoning_first/test__norag,section,megapolitan,12,0,1.0,0.757506,1.0
gemma2-9b__reasoning_first/test__norag,section,edukasi,33,8,0.909091,0.764274,0.968596
gemma2-9b__reasoning_first/test__norag,section,nasional,46,30,0.826087,0.692766,0.909142
gemma2-9b__reasoning_first/test__norag,section,inet,26,6,0.846154,0.664688,0.9385
gemma2-9b__reasoning_first/test__norag,section,money,8,0,0.875,0.529112,0.977583
gemma2-9b__reasoning_first/test__norag,section,surabaya,1,0,1.0,0.206549,1.0
gemma2-9b__reasoning_first/test__norag,section,travel,21,1,0.952381,0.773306,0.991544
gemma2-9b__reasoning_first/test__norag,section,food,52,2,0.980769,0.898795,0.996597
gemma2-9b__reasoning_first/test__norag,section,daerah,12,0,0.833333,0.551969,0.953035
gemma2-9b__reasoning_first/test__norag,section,gaya,23,0,1.0,0.856883,1.0
gemma2-9b__reasoning_first/test__norag,section,showbiz,24,1,0.958333,0.797582,0.992607
gemma2-9b__reasoning_first/test__norag,section,berita,13,0,0.846154,0.577654,0.956742
gemma2-9b__reasoning_first/test__norag,section,properti,10,0,0.9,0.59585,0.982124
gemma2-9b__reasoning_first/test__norag,section,finance,35,8,0.771429,0.609827,0.879341
gemma2-9b__reasoning_first/test__norag,section,trending,4,0,1.0,0.510109,1.0
gemma2-9b__reasoning_first/test__norag,section,dunia,7,0,1.0,0.64567,1.0
gemma2-9b__reasoning_first/test__norag,section,seleb,11,0,1.0,0.741167,1.0
gemma2-9b__reasoning_first/test__norag,section,wolipop,10,0,1.0,0.722467,1.0
gemma2-9b__reasoning_first/test__norag,section,ekbis,13,2,0.769231,0.497436,0.918205
gemma2-9b__reasoning_first/test__norag,section,politics,16,0,1.0,0.806392,1.0
gemma2-9b__reasoning_first/test__norag,section,opinion,9,0,1.0,0.700855,1.0
gemma2-9b__reasoning_first/test__norag,section,gaya-hidup,16,1,0.75,0.505017,0.898179
gemma2-9b__reasoning_first/test__norag,section,regional,6,0,1.0,0.609666,1.0
gemma2-9b__reasoning_first/test__norag,section,ragam,11,0,1.0,0.741167,1.0
gemma2-9b__reasoning_first/test__norag,section,international,11,0,1.0,0.741167,1.0
gemma2-9b__reasoning_first/test__norag,section,hot,17,1,0.882353,0.656636,0.96712
gemma2-9b__reasoning_first/test__norag,section,makassar,1,0,1.0,0.206549,1.0
gemma2-9b__reasoning_first/test__norag,section,sains,13,0,0.923077,0.66686,0.98629
gemma2-9b__reasoning_first/test__norag,section,go,1,1,1.0,0.206549,1.0
gemma2-9b__reasoning_first/test__norag,section,militer,2,0,1.0,0.34238,1.0
gemma2-9b__reasoning_first/test__norag,section,life,7,0,1.0,0.64567,1.0
gemma2-9b__reasoning_first/test__norag,section,sponsored-sections,1,0,0.0,0.0,0.793451
gemma2-9b__reasoning_first/test__norag,section,badminton,1,0,1.0,0.206549,1.0
gemma2-9b__reasoning_first/test__norag,section,edu,2,0,1.0,0.34238,1.0
gemma2-9b__reasoning_first/test__norag,section,bandung,1,0,1.0,0.206549,1.0
gemma2-9b__reasoning_first/test__rag_k5,host,kompas.com,79,1,0.974684,0.912314,0.99303
gemma2-9b__reasoning_first/test__rag_k5,host,thestar.com,717,364,0.997211,0.989887,0.999235
gemma2-9b__reasoning_first/test__rag_k5,host,biz.kompas.com,420,420,0.997619,0.986638,0.99958
gemma2-9b__reasoning_first/test__rag_k5,host,sport.tempo.co,14,0,1.0,0.784689,1.0
gemma2-9b__reasoning_first/test__rag_k5,host,tekno.tempo.co,19,2,0.947368,0.753613,0.990648
gemma2-9b__reasoning_first/test__rag_k5,host,viva.co.id,292,177,0.958904,0.929553,0.976338
gemma2-9b__reasoning_first/test__rag_k5,host,lifestyle.sindonews.com,41,4,0.878049,0.744558,0.946767
gemma2-9b__reasoning_first/test__rag_k5,host,oto.detik.com,11,4,0.909091,0.622642,0.983768
gemma2-9b__reasoning_first/test__rag_k5,host,otomotif.tempo.co,13,0,0.923077,0.66686,0.98629
gemma2-9b__reasoning_first/test__rag_k5,host,tekno.sindonews.com,42,19,0.857143,0.721589,0.93284
gemma2-9b__reasoning_first/test__rag_k5,host,metro.tempo.co,7,0,1.0,0.64567,1.0
gemma2-9b__reasoning_first/test__rag_k5,host,bola.tempo.co,10,0,1.0,0.722467,1.0
gemma2-9b__reasoning_first/test__rag_k5,host,sports.sindonews.com,9,9,0.777778,0.452589,0.936775
gemma2-9b__reasoning_first/test__rag_k5,host,health.detik.com,11,1,0.909091,0.622642,0.983768
gemma2-9b__reasoning_first/test__rag_k5,host,bisnis.tempo.co,15,2,0.8,0.548146,0.929525
gemma2-9b__reasoning_first/test__rag_k5,host,health.kompas.com,21,0,1.0,0.845361,1.0
gemma2-9b__reasoning_first/test__rag_k5,host,megapolitan.kompas.com,12,0,1.0,0.757506,1.0
gemma2-9b__reasoning_first/test__rag_k5,host,nasional.sindonews.com,38,30,0.842105,0.695832,0.925561
gemma2-9b__reasoning_first/test__rag_k5,host,lifestyle.kompas.com,18,1,0.944444,0.742427,0.990125
gemma2-9b__reasoning_first/test__rag_k5,host,inet.detik.com,26,6,0.923077,0.758584,0.978645
gemma2-9b__reasoning_first/test__rag_k5,host,news.detik.com,29,6,0.896552,0.736149,0.964185
gemma2-9b__reasoning_first/test__rag_k5,host,otomotif.kompas.com,21,5,0.666667,0.453735,0.828052
gemma2-9b__reasoning_first/test__rag_k5,host,otomotif.sindonews.com,18,6,0.944444,0.742427,0.990125
gemma2-9b__reasoning_first/test__rag_k5,host,money.kompas.com,8,0,1.0,0.675592,1.0
gemma2-9b__reasoning_first/test__rag_k5,host,edukasi.sindonews.com,23,8,0.913043,0.73204,0.97582
gemma2-9b__reasoning_first/test__rag_k5,host,surabaya.kompas.com,1,0,1.0,0.206549,1.0
gemma2-9b__reasoning_first/test__rag_k5,host,travel.tempo.co,21,1,0.952381,0.773306,0.991544
gemma2-9b__reasoning_first/test__rag_k5,host,food.detik.com,31,2,0.967742,0.838059,0.994283
gemma2-9b__reasoning_first/test__rag_k5,host,daerah.sindonews.com,12,0,0.916667,0.64612,0.985135
gemma2-9b__reasoning_first/test__rag_k5,host,gaya.tempo.co,23,0,1.0,0.856883,1.0
gemma2-9b__reasoning_first/test__rag_k5,host,finance.detik.com,35,8,0.771429,0.609827,0.879341
gemma2-9b__reasoning_first/test__rag_k5,host,dunia.tempo.co,7,0,1.0,0.64567,1.0
gemma2-9b__reasoning_first/test__rag_k5,host,seleb.tempo.co,11,0,1.0,0.741167,1.0
gemma2-9b__reasoning_first/test__rag_k5,host,sport.detik.com,20,0,1.0,0.838875,1.0
gemma2-9b__reasoning_first/test__rag_k5,host,wolipop.detik.com,10,0,1.0,0.722467,1.0
gemma2-9b__reasoning_first/test__rag_k5,host,ekbis.sindonews.com,13,2,0.923077,0.66686,0.98629
gemma2-9b__reasoning_first/test__rag_k5,host,tekno.kompas.com,6,1,1.0,0.609666,1.0
gemma2-9b__reasoning_first/test__rag_k5,host,nasional.kompas.com,7,0,1.0,0.64567,1.0
gemma2-9b__reasoning_first/test__rag_k5,host,regional.kompas.com,6,0,1.0,0.609666,1.0
gemma2-9b__reasoning_first/test__rag_k5,host,international.sindonews.com,11,0,1.0,0.741167,1.0
gemma2-9b__reasoning_first/test__rag_k5,host,hot.detik.com,17,1,0.882353,0.656636,0.96712
gemma2-9b__reasoning_first/test__rag_k5,host,makassar.kompas.com,1,0,1.0,0.206549,1.0
gemma2-9b__reasoning_first/test__rag_k5,host,sains.sindonews.com,13,0,1.0,0.771905,1.0
gemma2-9b__reasoning_first/test__rag_k5,host,go.kompas.com,1,1,1.0,0.206549,1.0
gemma2-9b__reasoning_first/test__rag_k5,host,bola.kompas.com,3,0,1.0,0.438503,1.0
gemma2-9b__reasoning_first/test__rag_k5,host,nasional.tempo.co,1,0,1.0,0.206549,1.0
gemma2-9b__reasoning_first/test__rag_k5,host,bandung.kompas.com,1,0,1.0,0.206549,1.0
gemma2-9b__reasoning_first/test__rag_k5,section,global,13,0,1.0,0.771905,1.0
gemma2-9b__reasoning_first/test__rag_k5,section,skola,9,0,1.0,0.700855,1.0
gemma2-9b__reasoning_first/test__rag_k5,section,sports,179,9,0.988827,0.960183,0.996931
gemma2-9b__reasoning_first/test__rag_k5,section,biz,420,420,0.997619,0.986638,0.99958
gemma2-9b__reasoning_first/test__rag_k5,section,sport,40,0,1.0,0.912378,1.0
gemma2-9b__reasoning_first/test__rag_k5,section,tekno,67,22,0.895522,0.799687,0.948462
gemma2-9b__reasoning_first/test__rag_k5,section,homey,10,1,0.9,0.59585,0.982124
gemma2-9b__reasoning_first/test__rag_k5,section,tren,9,0,1.0,0.700855,1.0
gemma2-9b__reasoning_first/test__rag_k5,section,siaran-pers,170,170,1.0,0.977903,1.0
gemma2-9b__reasoning_first/test__rag_k5,section,lifestyle,59,5,0.898305,0.795362,0.952552
gemma2-9b__reasoning_first/test__rag_k5,section,news,158,6,0.981013,0.945669,0.993522
gemma2-9b__reasoning_first/test__rag_k5,section,globenewswire,364,364,1.0,0.989557,1.0
gemma2-9b__reasoning_first/test__rag_k5,section,oto,11,4,0.909091,0.622642,0.983768
gemma2-9b__reasoning_first/test__rag_k5,section,otomotif,55,12,0.818182,0.696695,0.898123
gemma2-9b__reasoning_first/test__rag_k5,section,entertainment,9,0,1.0,0.700855,1.0
gemma2-9b__reasoning_first/test__rag_k5,section,metro,7,0,1.0,0.64567,1.0
gemma2-9b__reasoning_first/test__rag_k5,section,bola,29,0,1.0,0.88303,1.0
gemma2-9b__reasoning_first/test__rag_k5,section,health,32,1,0.96875,0.842557,0.994462
gemma2-9b__reasoning_first/test__rag_k5,section,bisnis,15,2,0.8,0.548146,0.929525
gemma2-9b__reasoning_first/test__rag_k5,section,business,16,0,0.9375,0.716713,0.988881
gemma2-9b__reasoning_first/test__rag_k5,section,digital,17,4,0.647059,0.413004,0.826903
gemma2-9b__reasoning_first/test__rag_k5,section,megapolitan,12,0,1.0,0.757506,1.0
gemma2-9b__reasoning_first/test__rag_k5,section,edukasi,33,8,0.939394,0.803938,0.983219
gemma2-9b__reasoning_first/test__rag_k5,section,nasional,46,30,0.869565,0.743341,0.938822
gemma2-9b__reasoning_first/test__rag_k5,section,inet,26,6,0.923077,0.758584,0.978645
gemma2-9b__reasoning_first/test__rag_k5,section,money,8,0,1.0,0.675592,1.0
gemma2-9b__reasoning_first/test__rag_k5,section,surabaya,1,0,1.0,0.206549,1.0
gemma2-9b__reasoning_first/test__rag_k5,section,travel,21,1,0.952381,0.773306,0.991544
gemma2-9b__reasoning_first/test__rag_k5,section,food,52,2,0.980769,0.898795,0.996597
gemma2-9b__reasoning_first/test__rag_k5,section,daerah,12,0,0.916667,0.64612,0.985135
gemma2-9b__reasoning_first/test__rag_k5,section,gaya,23,0,1.0,0.856883,1.0
gemma2-9b__reasoning_first/test__rag_k5,section,showbiz,24,1,0.958333,0.797582,0.992607
gemma2-9b__reasoning_first/test__rag_k5,section,berita,13,0,1.0,0.771905,1.0
gemma2-9b__reasoning_first/test__rag_k5,section,properti,10,0,0.9,0.59585,0.982124
gemma2-9b__reasoning_first/test__rag_k5,section,finance,35,8,0.771429,0.609827,0.879341
gemma2-9b__reasoning_first/test__rag_k5,section,trending,4,0,1.0,0.510109,1.0
gemma2-9b__reasoning_first/test__rag_k5,section,dunia,7,0,1.0,0.64567,1.0
gemma2-9b__reasoning_first/test__rag_k5,section,seleb,11,0,1.0,0.741167,1.0
gemma2-9b__reasoning_first/test__rag_k5,section,wolipop,10,0,1.0,0.722467,1.0
gemma2-9b__reasoning_first/test__rag_k5,section,ekbis,13,2,0.923077,0.66686,0.98629
gemma2-9b__reasoning_first/test__rag_k5,section,politics,16,0,1.0,0.806392,1.0
gemma2-9b__reasoning_first/test__rag_k5,section,opinion,9,0,1.0,0.700855,1.0
gemma2-9b__reasoning_first/test__rag_k5,section,gaya-hidup,16,1,0.75,0.505017,0.898179
gemma2-9b__reasoning_first/test__rag_k5,section,regional,6,0,1.0,0.609666,1.0
gemma2-9b__reasoning_first/test__rag_k5,section,ragam,11,0,1.0,0.741167,1.0
gemma2-9b__reasoning_first/test__rag_k5,section,international,11,0,1.0,0.741167,1.0
gemma2-9b__reasoning_first/test__rag_k5,section,hot,17,1,0.882353,0.656636,0.96712
gemma2-9b__reasoning_first/test__rag_k5,section,makassar,1,0,1.0,0.206549,1.0
gemma2-9b__reasoning_first/test__rag_k5,section,sains,13,0,1.0,0.771905,1.0
gemma2-9b__reasoning_first/test__rag_k5,section,go,1,1,1.0,0.206549,1.0
gemma2-9b__reasoning_first/test__rag_k5,section,militer,2,0,1.0,0.34238,1.0
gemma2-9b__reasoning_first/test__rag_k5,section,life,7,0,1.0,0.64567,1.0
gemma2-9b__reasoning_first/test__rag_k5,section,sponsored-sections,1,0,0.0,0.0,0.793451
gemma2-9b__reasoning_first/test__rag_k5,section,badminton,1,0,1.0,0.206549,1.0
gemma2-9b__reasoning_first/test__rag_k5,section,edu,2,0,1.0,0.34238,1.0
gemma2-9b__reasoning_first/test__rag_k5,section,bandung,1,0,1.0,0.206549,1.0
gemma3-12b__reasoning_first/test__norag,host,kompas.com,79,1,0.974684,0.912314,0.99303
gemma3-12b__reasoning_first/test__norag,host,thestar.com,717,364,0.997211,0.989887,0.999235
gemma3-12b__reasoning_first/test__norag,host,biz.kompas.com,420,420,0.997619,0.986638,0.99958
gemma3-12b__reasoning_first/test__norag,host,sport.tempo.co,14,0,1.0,0.784689,1.0
gemma3-12b__reasoning_first/test__norag,host,tekno.tempo.co,19,2,0.894737,0.686059,0.970641
gemma3-12b__reasoning_first/test__norag,host,viva.co.id,292,177,0.958904,0.929553,0.976338
gemma3-12b__reasoning_first/test__norag,host,lifestyle.sindonews.com,41,4,0.97561,0.874049,0.995681
gemma3-12b__reasoning_first/test__norag,host,oto.detik.com,11,4,0.909091,0.622642,0.983768
gemma3-12b__reasoning_first/test__norag,host,otomotif.tempo.co,13,0,0.923077,0.66686,0.98629
gemma3-12b__reasoning_first/test__norag,host,tekno.sindonews.com,42,19,0.833333,0.69396,0.916841
gemma3-12b__reasoning_first/test__norag,host,metro.tempo.co,7,0,1.0,0.64567,1.0
gemma3-12b__reasoning_first/test__norag,host,bola.tempo.co,10,0,1.0,0.722467,1.0
gemma3-12b__reasoning_first/test__norag,host,sports.sindonews.com,9,9,0.777778,0.452589,0.936775
gemma3-12b__reasoning_first/test__norag,host,health.detik.com,11,1,0.909091,0.622642,0.983768
gemma3-12b__reasoning_first/test__norag,host,bisnis.tempo.co,15,2,0.866667,0.62118,0.962639
gemma3-12b__reasoning_first/test__norag,host,health.kompas.com,21,0,1.0,0.845361,1.0
gemma3-12b__reasoning_first/test__norag,host,megapolitan.kompas.com,12,0,1.0,0.757506,1.0
gemma3-12b__reasoning_first/test__norag,host,nasional.sindonews.com,38,30,0.894737,0.758695,0.958297
gemma3-12b__reasoning_first/test__norag,host,lifestyle.kompas.com,18,1,1.0,0.824121,1.0
gemma3-12b__reasoning_first/test__norag,host,inet.detik.com,26,6,0.923077,0.758584,0.978645
gemma3-12b__reasoning_first/test__norag,host,news.detik.com,29,6,0.931034,0.780354,0.980879
gemma3-12b__reasoning_first/test__norag,host,otomotif.kompas.com,21,5,0.666667,0.453735,0.828052
gemma3-12b__reasoning_first/test__norag,host,otomotif.sindonews.com,18,6,1.0,0.824121,1.0
gemma3-12b__reasoning_first/test__norag,host,money.kompas.com,8,0,1.0,0.675592,1.0
gemma3-12b__reasoning_first/test__norag,host,edukasi.sindonews.com,23,8,0.913043,0.73204,0.97582
gemma3-12b__reasoning_first/test__norag,host,surabaya.kompas.com,1,0,1.0,0.206549,1.0
gemma3-12b__reasoning_first/test__norag,host,travel.tempo.co,21,1,0.952381,0.773306,0.991544
gemma3-12b__reasoning_first/test__norag,host,food.detik.com,31,2,0.967742,0.838059,0.994283
gemma3-12b__reasoning_first/test__norag,host,daerah.sindonews.com,12,0,0.916667,0.64612,0.985135
gemma3-12b__reasoning_first/test__norag,host,gaya.tempo.co,23,0,1.0,0.856883,1.0
gemma3-12b__reasoning_first/test__norag,host,finance.detik.com,35,8,0.742857,0.579307,0.85837
gemma3-12b__reasoning_first/test__norag,host,dunia.tempo.co,7,0,1.0,0.64567,1.0
gemma3-12b__reasoning_first/test__norag,host,seleb.tempo.co,11,0,1.0,0.741167,1.0
gemma3-12b__reasoning_first/test__norag,host,sport.detik.com,20,0,1.0,0.838875,1.0
gemma3-12b__reasoning_first/test__norag,host,wolipop.detik.com,10,0,1.0,0.722467,1.0
gemma3-12b__reasoning_first/test__norag,host,ekbis.sindonews.com,13,2,0.846154,0.577654,0.956742
gemma3-12b__reasoning_first/test__norag,host,tekno.kompas.com,6,1,1.0,0.609666,1.0
gemma3-12b__reasoning_first/test__norag,host,nasional.kompas.com,7,0,0.857143,0.486872,0.97432
gemma3-12b__reasoning_first/test__norag,host,regional.kompas.com,6,0,1.0,0.609666,1.0
gemma3-12b__reasoning_first/test__norag,host,international.sindonews.com,11,0,1.0,0.741167,1.0
gemma3-12b__reasoning_first/test__norag,host,hot.detik.com,17,1,0.941176,0.73018,0.98954
gemma3-12b__reasoning_first/test__norag,host,makassar.kompas.com,1,0,1.0,0.206549,1.0
gemma3-12b__reasoning_first/test__norag,host,sains.sindonews.com,13,0,0.923077,0.66686,0.98629
gemma3-12b__reasoning_first/test__norag,host,go.kompas.com,1,1,1.0,0.206549,1.0
gemma3-12b__reasoning_first/test__norag,host,bola.kompas.com,3,0,1.0,0.438503,1.0
gemma3-12b__reasoning_first/test__norag,host,nasional.tempo.co,1,0,1.0,0.206549,1.0
gemma3-12b__reasoning_first/test__norag,host,bandung.kompas.com,1,0,1.0,0.206549,1.0
gemma3-12b__reasoning_first/test__norag,section,global,13,0,1.0,0.771905,1.0
gemma3-12b__reasoning_first/test__norag,section,skola,9,0,1.0,0.700855,1.0
gemma3-12b__reasoning_first/test__norag,section,sports,179,9,0.988827,0.960183,0.996931
gemma3-12b__reasoning_first/test__norag,section,biz,420,420,0.997619,0.986638,0.99958
gemma3-12b__reasoning_first/test__norag,section,sport,40,0,1.0,0.912378,1.0
gemma3-12b__reasoning_first/test__norag,section,tekno,67,22,0.865672,0.763996,0.927689
gemma3-12b__reasoning_first/test__norag,section,homey,10,1,0.9,0.59585,0.982124
gemma3-12b__reasoning_first/test__norag,section,tren,9,0,1.0,0.700855,1.0
gemma3-12b__reasoning_first/test__norag,section,siaran-pers,170,170,0.976471,0.941071,0.990813
gemma3-12b__reasoning_first/test__norag,section,lifestyle,59,5,0.983051,0.910043,0.997002
gemma3-12b__reasoning_first/test__norag,section,news,158,6,0.987342,0.955027,0.996522
gemma3-12b__reasoning_first/test__norag,section,globenewswire,364,364,1.0,0.989557,1.0
gemma3-12b__reasoning_first/test__norag,section,oto,11,4,0.909091,0.622642,0.983768
gemma3-12b__reasoning_first/test__norag,section,otomotif,55,12,0.836364,0.717363,0.911446
gemma3-12b__reasoning_first/test__norag,section,entertainment,9,0,1.0,0.700855,1.0
gemma3-12b__reasoning_first/test__norag,section,metro,7,0,1.0,0.64567,1.0
gemma3-12b__reasoning_first/test__norag,section,bola,29,0,1.0,0.88303,1.0
gemma3-12b__reasoning_first/test__norag,section,health,32,1,0.96875,0.842557,0.994462
gemma3-12b__reasoning_first/test__norag,section,bisnis,15,2,0.866667,0.62118,0.962639
gemma3-12b__reasoning_first/test__norag,section,business,16,0,0.9375,0.716713,0.988881
gemma3-12b__reasoning_first/test__norag,section,digital,17,4,0.882353,0.656636,0.96712
gemma3-12b__reasoning_first/test__norag,section,megapolitan,12,0,1.0,0.757506,1.0
gemma3-12b__reasoning_first/test__norag,section,edukasi,33,8,0.939394,0.803938,0.983219
gemma3-12b__reasoning_first/test__norag,section,nasional,46,30,0.891304,0.769622,0.952669
gemma3-12b__reasoning_first/test__norag,section,inet,26,6,0.923077,0.758584,0.978645
gemma3-12b__reasoning_first/test__norag,section,money,8,0,1.0,0.675592,1.0
gemma3-12b__reasoning_first/test__norag,section,surabaya,1,0,1.0,0.206549,1.0
gemma3-12b__reasoning_first/test__norag,section,travel,21,1,0.952381,0.773306,0.991544
gemma3-12b__reasoning_first/test__norag,section,food,52,2,0.980769,0.898795,0.996597
gemma3-12b__reasoning_first/test__norag,section,daerah,12,0,0.916667,0.64612,0.985135
gemma3-12b__reasoning_first/test__norag,section,gaya,23,0,1.0,0.856883,1.0
gemma3-12b__reasoning_first/test__norag,section,showbiz,24,1,0.958333,0.797582,0.992607
gemma3-12b__reasoning_first/test__norag,section,berita,13,0,0.846154,0.577654,0.956742
gemma3-12b__reasoning_first/test__norag,section,properti,10,0,0.9,0.59585,0.982124
gemma3-12b__reasoning_first/test__norag,section,finance,35,8,0.742857,0.579307,0.85837
gemma3-12b__reasoning_first/test__norag,section,trending,4,0,1.0,0.510109,1.0
gemma3-12b__reasoning_first/test__norag,section,dunia,7,0,1.0,0.64567,1.0
gemma3-12b__reasoning_first/test__norag,section,seleb,11,0,1.0,0.741167,1.0
gemma3-12b__reasoning_first/test__norag,section,wolipop,10,0,1.0,0.722467,1.0
gemma3-12b__reasoning_first/test__norag,section,ekbis,13,2,0.846154,0.577654,0.956742
gemma3-12b__reasoning_first/test__norag,section,politics,16,0,1.0,0.806392,1.0
gemma3-12b__reasoning_first/test__norag,section,opinion,9,0,1.0,0.700855,1.0
gemma3-12b__reasoning_first/test__norag,section,gaya-hidup,16,1,0.875,0.639772,0.965023
gemma3-12b__reasoning_first/test__norag,section,regional,6,0,1.0,0.609666,1.0
gemma3-12b__reasoning_first/test__norag,section,ragam,11,0,1.0,0.741167,1.0
gemma3-12b__reasoning_first/test__norag,section,international,11,0,1.0,0.741167,1.0
gemma3-12b__reasoning_first/test__norag,section,hot,17,1,0.941176,0.73018,0.98954
gemma3-12b__reasoning_first/test__norag,section,makassar,1,0,1.0,0.206549,1.0
gemma3-12b__reasoning_first/test__norag,section,sains,13,0,0.923077,0.66686,0.98629
gemma3-12b__reasoning_first/test__norag,section,go,1,1,1.0,0.206549,1.0
gemma3-12b__reasoning_first/test__norag,section,militer,2,0,1.0,0.34238,1.0
gemma3-12b__reasoning_first/test__norag,section,life,7,0,1.0,0.64567,1.0
gemma3-12b__reasoning_first/test__norag,section,sponsored-sections,1,0,0.0,0.0,0.793451
gemma3-12b__reasoning_first/test__norag,section,badminton,1,0,1.0,0.206549,1.0
gemma3-12b__reasoning_first/test__norag,section,edu,2,0,1.0,0.34238,1.0
gemma3-12b__reasoning_first/test__norag,section,bandung,1,0,1.0,0.206549,1.0
gemma3-12b__reasoning_first/test__rag_k1,host,kompas.com,34,0,1.0,0.898485,1.0
gemma3-12b__reasoning_first/test__rag_k1,host,thestar.com,330,178,0.99697,0.983037,0.999465
gemma3-12b__reasoning_first/test__rag_k1,host,biz.kompas.com,192,192,0.994792,0.971093,0.99908
gemma3-12b__reasoning_first/test__rag_k1,host,sport.tempo.co,9,0,1.0,0.700855,1.0
gemma3-12b__reasoning_first/test__rag_k1,host,tekno.tempo.co,7,2,0.857143,0.486872,0.97432
gemma3-12b__reasoning_first/test__rag_k1,host,viva.co.id,159,100,0.962264,0.920126,0.982593
gemma3-12b__reasoning_first/test__rag_k1,host,lifestyle.sindonews.com,21,2,0.952381,0.773306,0.991544
gemma3-12b__reasoning_first/test__rag_k1,host,oto.detik.com,5,1,0.8,0.375535,0.963776
gemma3-12b__reasoning_first/test__rag_k1,host,otomotif.tempo.co,6,0,0.833333,0.436497,0.969947
gemma3-12b__reasoning_first/test__rag_k1,host,tekno.sindonews.com,20,9,0.85,0.639581,0.947631
gemma3-12b__reasoning_first/test__rag_k1,host,metro.tempo.co,3,0,1.0,0.438503,1.0
gemma3-12b__reasoning_first/test__rag_k1,host,bola.tempo.co,5,0,1.0,0.565518,1.0
gemma3-12b__reasoning_first/test__rag_k1,host,sports.sindonews.com,2,2,0.5,0.094531,0.905469
gemma3-12b__reasoning_first/test__rag_k1,host,health.detik.com,6,1,0.833333,0.436497,0.969947
gemma3-12b__reasoning_first/test__rag_k1,host,bisnis.tempo.co,9,0,0.888889,0.565,0.980109
gemma3-12b__reasoning_first/test__rag_k1,host,health.kompas.com,9,0,1.0,0.700855,1.0
gemma3-12b__reasoning_first/test__rag_k1,host,megapolitan.kompas.com,6,0,1.0,0.609666,1.0
gemma3-12b__reasoning_first/test__rag_k1,host,nasional.sindonews.com,16,14,0.875,0.639772,0.965023
gemma3-12b__reasoning_first/test__rag_k1,host,lifestyle.kompas.com,9,0,1.0,0.700855,1.0
gemma3-12b__reasoning_first/test__rag_k1,host,inet.detik.com,7,2,0.857143,0.486872,0.97432
gemma3-12b__reasoning_first/test__rag_k1,host,news.detik.com,9,2,1.0,0.700855,1.0
gemma3-12b__reasoning_first/test__rag_k1,host,otomotif.kompas.com,12,1,0.833333,0.551969,0.953035
gemma3-12b__reasoning_first/test__rag_k1,host,otomotif.sindonews.com,9,5,1.0,0.700855,1.0
gemma3-12b__reasoning_first/test__rag_k1,host,money.kompas.com,4,0,1.0,0.510109,1.0
gemma3-12b__reasoning_first/test__rag_k1,host,edukasi.sindonews.com,6,2,1.0,0.609666,1.0
gemma3-12b__reasoning_first/test__rag_k1,host,surabaya.kompas.com,1,0,1.0,0.206549,1.0
gemma3-12b__reasoning_first/test__rag_k1,host,travel.tempo.co,12,0,1.0,0.757506,1.0
gemma3-12b__reasoning_first/test__rag_k1,host,food.detik.com,17,2,0.941176,0.73018,0.98954
gemma3-12b__reasoning_first/test__rag_k1,host,daerah.sindonews.com,4,0,0.5,0.150039,0.849961
gemma3-12b__reasoning_first/test__rag_k1,host,gaya.tempo.co,12,0,1.0,0.757506,1.0
gemma3-12b__reasoning_first/test__rag_k1,host,finance.detik.com,13,2,0.923077,0.66686,0.98629
gemma3-12b__reasoning_first/test__rag_k1,host,dunia.tempo.co,3,0,1.0,0.438503,1.0
gemma3-12b__reasoning_first/test__rag_k1,host,seleb.tempo.co,4,0,1.0,0.510109,1.0
gemma3-12b__reasoning_first/test__rag_k1,host,sport.detik.com,6,0,1.0,0.609666,1.0
gemma3-12b__reasoning_first/test__rag_k1,host,wolipop.detik.com,5,0,1.0,0.565518,1.0
gemma3-12b__reasoning_first/test__rag_k1,host,ekbis.sindonews.com,5,1,0.8,0.375535,0.963776
gemma3-12b__reasoning_first/test__rag_k1,host,tekno.kompas.com,2,1,1.0,0.34238,1.0
gemma3-12b__reasoning_first/test__rag_k1,host,nasional.kompas.com,4,0,1.0,0.510109,1.0
gemma3-12b__reasoning_first/test__rag_k1,host,regional.kompas.com,3,0,1.0,0.438503,1.0
gemma3-12b__reasoning_first/test__rag_k1,host,international.sindonews.com,3,0,1.0,0.438503,1.0
gemma3-12b__reasoning_first/test__rag_k1,host,hot.detik.com,5,1,0.8,0.375535,0.963776
gemma3-12b__reasoning_first/test__rag_k1,host,makassar.kompas.com,1,0,1.0,0.206549,1.0
gemma3-12b__reasoning_first/test__rag_k1,host,sains.sindonews.com,3,0,1.0,0.438503,1.0
gemma3-12b__reasoning_first/test__rag_k1,host,go.kompas.com,1,1,1.0,0.206549,1.0
gemma3-12b__reasoning_first/test__rag_k1,host,bola.kompas.com,1,0,1.0,0.206549,1.0
gemma3-12b__reasoning_first/test__rag_k1,section,global,5,0,1.0,0.565518,1.0
gemma3-12b__reasoning_first/test__rag_k1,section,skola,7,0,1.0,0.64567,1.0
gemma3-12b__reasoning_first/test__rag_k1,section,sports,74,2,0.986486,0.927346,0.997611
gemma3-12b__reasoning_first/test__rag_k1,section,biz,192,192,0.994792,0.971093,0.99908
gemma3-12b__reasoning_first/test__rag_k1,section,sport,18,0,1.0,0.824121,1.0
gemma3-12b__reasoning_first/test__rag_k1,section,tekno,29,12,0.862069,0.69441,0.945026
gemma3-12b__reasoning_first/test__rag_k1,section,homey,3,0,1.0,0.438503,1.0
gemma3-12b__reasoning_first/test__rag_k1,section,tren,4,0,1.0,0.510109,1.0
gemma3-12b__reasoning_first/test__rag_k1,section,siaran-pers,95,95,0.989474,0.942761,0.998139
gemma3-12b__reasoning_first/test__rag_k1,section,lifestyle,30,2,0.966667,0.833296,0.994091
gemma3-12b__reasoning_first/test__rag_k1,section,news,66,2,1.0,0.944997,1.0
gemma3-12b__reasoning_first/test__rag_k1,section,globenewswire,178,178,1.0,0.978875,1.0
gemma3-12b__reasoning_first/test__rag_k1,section,oto,5,1,0.8,0.375535,0.963776
gemma3-12b__reasoning_first/test__rag_k1,section,otomotif,28,6,0.892857,0.728041,0.962882
gemma3-12b__reasoning_first/test__rag_k1,section,entertainment,4,0,1.0,0.510109,1.0
gemma3-12b__reasoning_first/test__rag_k1,section,metro,3,0,1.0,0.438503,1.0
gemma3-12b__reasoning_first/test__rag_k1,section,bola,13,0,1.0,0.771905,1.0
gemma3-12b__reasoning_first/test__rag_k1,section,health,15,1,0.933333,0.701835,0.988133
gemma3-12b__reasoning_first/test__rag_k1,section,bisnis,9,0,0.888889,0.565,0.980109
gemma3-12b__reasoning_first/test__rag_k1,section,business,11,0,0.909091,0.622642,0.983768
gemma3-12b__reasoning_first/test__rag_k1,section,digital,9,4,0.888889,0.565,0.980109
gemma3-12b__reasoning_first/test__rag_k1,section,megapolitan,6,0,1.0,0.609666,1.0
gemma3-12b__reasoning_first/test__rag_k1,section,edukasi,12,2,1.0,0.757506,1.0
gemma3-12b__reasoning_first/test__rag_k1,section,nasional,20,14,0.9,0.698966,0.972134
gemma3-12b__reasoning_first/test__rag_k1,section,inet,7,2,0.857143,0.486872,0.97432
gemma3-12b__reasoning_first/test__rag_k1,section,money,4,0,1.0,0.510109,1.0
gemma3-12b__reasoning_first/test__rag_k1,section,surabaya,1,0,1.0,0.206549,1.0
gemma3-12b__reasoning_first/test__rag_k1,section,travel,12,0,1.0,0.757506,1.0
gemma3-12b__reasoning_first/test__rag_k1,section,food,24,2,0.958333,0.797582,0.992607
gemma3-12b__reasoning_first/test__rag_k1,section,daerah,4,0,0.5,0.150039,0.849961
gemma3-12b__reasoning_first/test__rag_k1,section,gaya,12,0,1.0,0.757506,1.0
gemma3-12b__reasoning_first/test__rag_k1,section,showbiz,12,0,1.0,0.757506,1.0
gemma3-12b__reasoning_first/test__rag_k1,section,berita,9,0,0.777778,0.452589,0.936775
gemma3-12b__reasoning_first/test__rag_k1,section,properti,6,0,1.0,0.609666,1.0
gemma3-12b__reasoning_first/test__rag_k1,section,finance,13,2,0.923077,0.66686,0.98629
gemma3-12b__reasoning_first/test__rag_k1,section,trending,3,0,1.0,0.438503,1.0
gemma3-12b__reasoning_first/test__rag_k1,section,dunia,3,0,1.0,0.438503,1.0
gemma3-12b__reasoning_first/test__rag_k1,section,seleb,4,0,1.0,0.510109,1.0
gemma3-12b__reasoning_first/test__rag_k1,section,wolipop,5,0,1.0,0.565518,1.0
gemma3-12b__reasoning_first/test__rag_k1,section,ekbis,5,1,0.8,0.375535,0.963776
gemma3-12b__reasoning_first/test__rag_k1,section,politics,7,0,1.0,0.64567,1.0
gemma3-12b__reasoning_first/test__rag_k1,section,opinion,1,0,1.0,0.206549,1.0
gemma3-12b__reasoning_first/test__rag_k1,section,gaya-hidup,8,1,0.75,0.409275,0.928521
gemma3-12b__reasoning_first/test__rag_k1,section,regional,3,0,1.0,0.438503,1.0
gemma3-12b__reasoning_first/test__rag_k1,section,ragam,4,0,1.0,0.510109,1.0
gemma3-12b__reasoning_first/test__rag_k1,section,international,3,0,1.0,0.438503,1.0
gemma3-12b__reasoning_first/test__rag_k1,section,hot,5,1,0.8,0.375535,0.963776
gemma3-12b__reasoning_first/test__rag_k1,section,makassar,1,0,1.0,0.206549,1.0
gemma3-12b__reasoning_first/test__rag_k1,section,sains,3,0,1.0,0.438503,1.0
gemma3-12b__reasoning_first/test__rag_k1,section,go,1,1,1.0,0.206549,1.0
gemma3-12b__reasoning_first/test__rag_k1,section,militer,2,0,1.0,0.34238,1.0
gemma3-12b__reasoning_first/test__rag_k1,section,life,2,0,1.0,0.34238,1.0
gemma3-12b__reasoning_first/test__rag_k10,host,kompas.com,34,0,1.0,0.898485,1.0
gemma3-12b__reasoning_first/test__rag_k10,host,thestar.com,330,178,0.99697,0.983037,0.999465
gemma3-12b__reasoning_first/test__rag_k10,host,biz.kompas.com,192,192,1.0,0.980385,1.0
gemma3-12b__reasoning_first/test__rag_k10,host,sport.tempo.co,9,0,1.0,0.700855,1.0
gemma3-12b__reasoning_first/test__rag_k10,host,tekno.tempo.co,7,2,0.857143,0.486872,0.97432
gemma3-12b__reasoning_first/test__rag_k10,host,viva.co.id,159,100,0.962264,0.920126,0.982593
gemma3-12b__reasoning_first/test__rag_k10,host,lifestyle.sindonews.com,21,2,0.952381,0.773306,0.991544
gemma3-12b__reasoning_first/test__rag_k10,host,oto.detik.com,5,1,1.0,0.565518,1.0
gemma3-12b__reasoning_first/test__rag_k10,host,otomotif.tempo.co,6,0,0.833333,0.436497,0.969947
gemma3-12b__reasoning_first/test__rag_k10,host,tekno.sindonews.com,20,9,0.9,0.698966,0.972134
gemma3-12b__reasoning_first/test__rag_k10,host,metro.tempo.co,3,0,1.0,0.438503,1.0
gemma3-12b__reasoning_first/test__rag_k10,host,bola.tempo.co,5,0,1.0,0.565518,1.0
gemma3-12b__reasoning_first/test__rag_k10,host,sports.sindonews.com,2,2,0.5,0.094531,0.905469
gemma3-12b__reasoning_first/test__rag_k10,host,health.detik.com,6,1,0.833333,0.436497,0.969947
gemma3-12b__reasoning_first/test__rag_k10,host,bisnis.tempo.co,9,0,0.888889,0.565,0.980109
gemma3-12b__reasoning_first/test__rag_k10,host,health.kompas.com,9,0,1.0,0.700855,1.0
gemma3-12b__reasoning_first/test__rag_k10,host,megapolitan.kompas.com,6,0,1.0,0.609666,1.0
gemma3-12b__reasoning_first/test__rag_k10,host,nasional.sindonews.com,16,14,0.8125,0.569911,0.934084
gemma3-12b__reasoning_first/test__rag_k10,host,lifestyle.kompas.com,9,0,1.0,0.700855,1.0
gemma3-12b__reasoning_first/test__rag_k10,host,inet.detik.com,7,2,0.857143,0.486872,0.97432
gemma3-12b__reasoning_first/test__rag_k10,host,news.detik.com,9,2,1.0,0.700855,1.0
gemma3-12b__reasoning_first/test__rag_k10,host,otomotif.kompas.com,12,1,0.833333,0.551969,0.953035
gemma3-12b__reasoning_first/test__rag_k10,host,otomotif.sindonews.com,9,5,1.0,0.700855,1.0
gemma3-12b__reasoning_first/test__rag_k10,host,money.kompas.com,4,0,1.0,0.510109,1.0
gemma3-12b__reasoning_first/test__rag_k10,host,edukasi.sindonews.com,6,2,1.0,0.609666,1.0
gemma3-12b__reasoning_first/test__rag_k10,host,surabaya.kompas.com,1,0,1.0,0.206549,1.0
gemma3-12b__reasoning_first/test__rag_k10,host,travel.tempo.co,12,0,1.0,0.757506,1.0
gemma3-12b__reasoning_first/test__rag_k10,host,food.detik.com,17,2,0.941176,0.73018,0.98954
gemma3-12b__reasoning_first/test__rag_k10,host,daerah.sindonews.com,4,0,0.75,0.300642,0.954413
gemma3-12b__reasoning_first/test__rag_k10,host,gaya.tempo.co,12,0,1.0,0.757506,1.0
gemma3-12b__reasoning_first/test__rag_k10,host,finance.detik.com,13,2,0.923077,0.66686,0.98629
gemma3-12b__reasoning_first/test__rag_k10,host,dunia.tempo.co,3,0,1.0,0.438503,1.0
gemma3-12b__reasoning_first/test__rag_k10,host,seleb.tempo.co,4,0,1.0,0.510109,1.0
gemma3-12b__reasoning_first/test__rag_k10,host,sport.detik.com,6,0,1.0,0.609666,1.0
gemma3-12b__reasoning_first/test__rag_k10,host,wolipop.detik.com,5,0,1.0,0.565518,1.0
gemma3-12b__reasoning_first/test__rag_k10,host,ekbis.sindonews.com,5,1,1.0,0.565518,1.0
gemma3-12b__reasoning_first/test__rag_k10,host,tekno.kompas.com,2,1,1.0,0.34238,1.0
gemma3-12b__reasoning_first/test__rag_k10,host,nasional.kompas.com,4,0,1.0,0.510109,1.0
gemma3-12b__reasoning_first/test__rag_k10,host,regional.kompas.com,3,0,1.0,0.438503,1.0
gemma3-12b__reasoning_first/test__rag_k10,host,international.sindonews.com,3,0,1.0,0.438503,1.0
gemma3-12b__reasoning_first/test__rag_k10,host,hot.detik.com,5,1,0.8,0.375535,0.963776
gemma3-12b__reasoning_first/test__rag_k10,host,makassar.kompas.com,1,0,1.0,0.206549,1.0
gemma3-12b__reasoning_first/test__rag_k10,host,sains.sindonews.com,3,0,1.0,0.438503,1.0
gemma3-12b__reasoning_first/test__rag_k10,host,go.kompas.com,1,1,1.0,0.206549,1.0
gemma3-12b__reasoning_first/test__rag_k10,host,bola.kompas.com,1,0,1.0,0.206549,1.0
gemma3-12b__reasoning_first/test__rag_k10,section,global,5,0,1.0,0.565518,1.0
gemma3-12b__reasoning_first/test__rag_k10,section,skola,7,0,1.0,0.64567,1.0
gemma3-12b__reasoning_first/test__rag_k10,section,sports,74,2,0.986486,0.927346,0.997611
gemma3-12b__reasoning_first/test__rag_k10,section,biz,192,192,1.0,0.980385,1.0
gemma3-12b__reasoning_first/test__rag_k10,section,sport,18,0,1.0,0.824121,1.0
gemma3-12b__reasoning_first/test__rag_k10,section,tekno,29,12,0.896552,0.736149,0.964185
gemma3-12b__reasoning_first/test__rag_k10,section,homey,3,0,1.0,0.438503,1.0
gemma3-12b__reasoning_first/test__rag_k10,section,tren,4,0,1.0,0.510109,1.0
gemma3-12b__reasoning_first/test__rag_k10,section,siaran-pers,95,95,0.989474,0.942761,0.998139
gemma3-12b__reasoning_first/test__rag_k10,section,lifestyle,30,2,0.966667,0.833296,0.994091
gemma3-12b__reasoning_first/test__rag_k10,section,news,66,2,1.0,0.944997,1.0
gemma3-12b__reasoning_first/test__rag_k10,section,globenewswire,178,178,1.0,0.978875,1.0
gemma3-12b__reasoning_first/test__rag_k10,section,oto,5,1,1.0,0.565518,1.0
gemma3-12b__reasoning_first/test__rag_k10,section,otomotif,28,6,0.892857,0.728041,0.962882
gemma3-12b__reasoning_first/test__rag_k10,section,entertainment,4,0,1.0,0.510109,1.0
gemma3-12b__reasoning_first/test__rag_k10,section,metro,3,0,1.0,0.438503,1.0
gemma3-12b__reasoning_first/test__rag_k10,section,bola,13,0,0.923077,0.66686,0.98629
gemma3-12b__reasoning_first/test__rag_k10,section,health,15,1,0.933333,0.701835,0.988133
gemma3-12b__reasoning_first/test__rag_k10,section,bisnis,9,0,0.888889,0.565,0.980109
gemma3-12b__reasoning_first/test__rag_k10,section,business,11,0,0.909091,0.622642,0.983768
gemma3-12b__reasoning_first/test__rag_k10,section,digital,9,4,0.888889,0.565,0.980109
gemma3-12b__reasoning_first/test__rag_k10,section,megapolitan,6,0,1.0,0.609666,1.0
gemma3-12b__reasoning_first/test__rag_k10,section,edukasi,12,2,1.0,0.757506,1.0
gemma3-12b__reasoning_first/test__rag_k10,section,nasional,20,14,0.85,0.639581,0.947631
gemma3-12b__reasoning_first/test__rag_k10,section,inet,7,2,0.857143,0.486872,0.97432
gemma3-12b__reasoning_first/test__rag_k10,section,money,4,0,1.0,0.510109,1.0
gemma3-12b__reasoning_first/test__rag_k10,section,surabaya,1,0,1.0,0.206549,1.0
gemma3-12b__reasoning_first/test__rag_k10,section,travel,12,0,1.0,0.757506,1.0
gemma3-12b__reasoning_first/test__rag_k10,section,food,24,2,0.958333,0.797582,0.992607
gemma3-12b__reasoning_first/test__rag_k10,section,daerah,4,0,0.75,0.300642,0.954413
gemma3-12b__reasoning_first/test__rag_k10,section,gaya,12,0,1.0,0.757506,1.0
gemma3-12b__reasoning_first/test__rag_k10,section,showbiz,12,0,1.0,0.757506,1.0
gemma3-12b__reasoning_first/test__rag_k10,section,berita,9,0,0.888889,0.565,0.980109
gemma3-12b__reasoning_first/test__rag_k10,section,properti,6,0,1.0,0.609666,1.0
gemma3-12b__reasoning_first/test__rag_k10,section,finance,13,2,0.923077,0.66686,0.98629
gemma3-12b__reasoning_first/test__rag_k10,section,trending,3,0,1.0,0.438503,1.0
gemma3-12b__reasoning_first/test__rag_k10,section,dunia,3,0,1.0,0.438503,1.0
gemma3-12b__reasoning_first/test__rag_k10,section,seleb,4,0,1.0,0.510109,1.0
gemma3-12b__reasoning_first/test__rag_k10,section,wolipop,5,0,1.0,0.565518,1.0
gemma3-12b__reasoning_first/test__rag_k10,section,ekbis,5,1,1.0,0.565518,1.0
gemma3-12b__reasoning_first/test__rag_k10,section,politics,7,0,1.0,0.64567,1.0
gemma3-12b__reasoning_first/test__rag_k10,section,opinion,1,0,1.0,0.206549,1.0
gemma3-12b__reasoning_first/test__rag_k10,section,gaya-hidup,8,1,0.75,0.409275,0.928521
gemma3-12b__reasoning_first/test__rag_k10,section,regional,3,0,1.0,0.438503,1.0
gemma3-12b__reasoning_first/test__rag_k10,section,ragam,4,0,1.0,0.510109,1.0
gemma3-12b__reasoning_first/test__rag_k10,section,international,3,0,1.0,0.438503,1.0
gemma3-12b__reasoning_first/test__rag_k10,section,hot,5,1,0.8,0.375535,0.963776
gemma3-12b__reasoning_first/test__rag_k10,section,makassar,1,0,1.0,0.206549,1.0
gemma3-12b__reasoning_first/test__rag_k10,section,sains,3,0,1.0,0.438503,1.0
gemma3-12b__reasoning_first/test__rag_k10,section,go,1,1,1.0,0.206549,1.0
gemma3-12b__reasoning_first/test__rag_k10,section,militer,2,0,1.0,0.34238,1.0
gemma3-12b__reasoning_first/test__rag_k10,section,life,2,0,1.0,0.34238,1.0
gemma3-12b__reasoning_first/test__rag_k3,host,kompas.com,34,0,1.0,0.898485,1.0
gemma3-12b__reasoning_first/test__rag_k3,host,thestar.com,330,178,0.99697,0.983037,0.999465
gemma3-12b__reasoning_first/test__rag_k3,host,biz.kompas.com,192,192,0.994792,0.971093,0.99908
gemma3-12b__reasoning_first/test__rag_k3,host,sport.tempo.co,9,0,1.0,0.700855,1.0
gemma3-12b__reasoning_first/test__rag_k3,host,tekno.tempo.co,7,2,0.857143,0.486872,0.97432
gemma3-12b__reasoning_first/test__rag_k3,host,viva.co.id,159,100,0.968553,0.928506,0.986495
gemma3-12b__reasoning_first/test__rag_k3,host,lifestyle.sindonews.com,21,2,0.952381,0.773306,0.991544
gemma3-12b__reasoning_first/test__rag_k3,host,oto.detik.com,5,1,0.8,0.375535,0.963776
gemma3-12b__reasoning_first/test__rag_k3,host,otomotif.tempo.co,6,0,0.833333,0.436497,0.969947
gemma3-12b__reasoning_first/test__rag_k3,host,tekno.sindonews.com,20,9,0.9,0.698966,0.972134
gemma3-12b__reasoning_first/test__rag_k3,host,metro.tempo.co,3,0,1.0,0.438503,1.0
gemma3-12b__reasoning_first/test__rag_k3,host,bola.tempo.co,5,0,1.0,0.565518,1.0
gemma3-12b__reasoning_first/test__rag_k3,host,sports.sindonews.com,2,2,0.5,0.094531,0.905469
gemma3-12b__reasoning_first/test__rag_k3,host,health.detik.com,6,1,0.833333,0.436497,0.969947
gemma3-12b__reasoning_first/test__rag_k3,host,bisnis.tempo.co,9,0,0.888889,0.565,0.980109
gemma3-12b__reasoning_first/test__rag_k3,host,health.kompas.com,9,0,1.0,0.700855,1.0
gemma3-12b__reasoning_first/test__rag_k3,host,megapolitan.kompas.com,6,0,1.0,0.609666,1.0
gemma3-12b__reasoning_first/test__rag_k3,host,nasional.sindonews.com,16,14,0.875,0.639772,0.965023
gemma3-12b__reasoning_first/test__rag_k3,host,lifestyle.kompas.com,9,0,1.0,0.700855,1.0
gemma3-12b__reasoning_first/test__rag_k3,host,inet.detik.com,7,2,0.857143,0.486872,0.97432
gemma3-12b__reasoning_first/test__rag_k3,host,news.detik.com,9,2,1.0,0.700855,1.0
gemma3-12b__reasoning_first/test__rag_k3,host,otomotif.kompas.com,12,1,0.916667,0.64612,0.985135
gemma3-12b__reasoning_first/test__rag_k3,host,otomotif.sindonews.com,9,5,1.0,0.700855,1.0
gemma3-12b__reasoning_first/test__rag_k3,host,money.kompas.com,4,0,1.0,0.510109,1.0
gemma3-12b__reasoning_first/test__rag_k3,host,edukasi.sindonews.com,6,2,1.0,0.609666,1.0
gemma3-12b__reasoning_first/test__rag_k3,host,surabaya.kompas.com,1,0,1.0,0.206549,1.0
gemma3-12b__reasoning_first/test__rag_k3,host,travel.tempo.co,12,0,1.0,0.757506,1.0
gemma3-12b__reasoning_first/test__rag_k3,host,food.detik.com,17,2,0.941176,0.73018,0.98954
gemma3-12b__reasoning_first/test__rag_k3,host,daerah.sindonews.com,4,0,0.5,0.150039,0.849961
gemma3-12b__reasoning_first/test__rag_k3,host,gaya.tempo.co,12,0,1.0,0.757506,1.0
gemma3-12b__reasoning_first/test__rag_k3,host,finance.detik.com,13,2,0.923077,0.66686,0.98629
gemma3-12b__reasoning_first/test__rag_k3,host,dunia.tempo.co,3,0,1.0,0.438503,1.0
gemma3-12b__reasoning_first/test__rag_k3,host,seleb.tempo.co,4,0,1.0,0.510109,1.0
gemma3-12b__reasoning_first/test__rag_k3,host,sport.detik.com,6,0,1.0,0.609666,1.0
gemma3-12b__reasoning_first/test__rag_k3,host,wolipop.detik.com,5,0,1.0,0.565518,1.0
gemma3-12b__reasoning_first/test__rag_k3,host,ekbis.sindonews.com,5,1,1.0,0.565518,1.0
gemma3-12b__reasoning_first/test__rag_k3,host,tekno.kompas.com,2,1,1.0,0.34238,1.0
gemma3-12b__reasoning_first/test__rag_k3,host,nasional.kompas.com,4,0,1.0,0.510109,1.0
gemma3-12b__reasoning_first/test__rag_k3,host,regional.kompas.com,3,0,1.0,0.438503,1.0
gemma3-12b__reasoning_first/test__rag_k3,host,international.sindonews.com,3,0,1.0,0.438503,1.0
gemma3-12b__reasoning_first/test__rag_k3,host,hot.detik.com,5,1,0.8,0.375535,0.963776
gemma3-12b__reasoning_first/test__rag_k3,host,makassar.kompas.com,1,0,1.0,0.206549,1.0
gemma3-12b__reasoning_first/test__rag_k3,host,sains.sindonews.com,3,0,1.0,0.438503,1.0
gemma3-12b__reasoning_first/test__rag_k3,host,go.kompas.com,1,1,1.0,0.206549,1.0
gemma3-12b__reasoning_first/test__rag_k3,host,bola.kompas.com,1,0,1.0,0.206549,1.0
gemma3-12b__reasoning_first/test__rag_k3,section,global,5,0,1.0,0.565518,1.0
gemma3-12b__reasoning_first/test__rag_k3,section,skola,7,0,1.0,0.64567,1.0
gemma3-12b__reasoning_first/test__rag_k3,section,sports,74,2,0.986486,0.927346,0.997611
gemma3-12b__reasoning_first/test__rag_k3,section,biz,192,192,0.994792,0.971093,0.99908
gemma3-12b__reasoning_first/test__rag_k3,section,sport,18,0,1.0,0.824121,1.0
gemma3-12b__reasoning_first/test__rag_k3,section,tekno,29,12,0.896552,0.736149,0.964185
gemma3-12b__reasoning_first/test__rag_k3,section,homey,3,0,1.0,0.438503,1.0
gemma3-12b__reasoning_first/test__rag_k3,section,tren,4,0,1.0,0.510109,1.0
gemma3-12b__reasoning_first/test__rag_k3,section,siaran-pers,95,95,0.989474,0.942761,0.998139
gemma3-12b__reasoning_first/test__rag_k3,section,lifestyle,30,2,0.966667,0.833296,0.994091
gemma3-12b__reasoning_first/test__rag_k3,section,news,66,2,1.0,0.944997,1.0
gemma3-12b__reasoning_first/test__rag_k3,section,globenewswire,178,178,1.0,0.978875,1.0
gemma3-12b__reasoning_first/test__rag_k3,section,oto,5,1,0.8,0.375535,0.963776
gemma3-12b__reasoning_first/test__rag_k3,section,otomotif,28,6,0.928571,0.773546,0.980188
gemma3-12b__reasoning_first/test__rag_k3,section,entertainment,4,0,1.0,0.510109,1.0
gemma3-12b__reasoning_first/test__rag_k3,section,metro,3,0,1.0,0.438503,1.0
gemma3-12b__reasoning_first/test__rag_k3,section,bola,13,0,1.0,0.771905,1.0
gemma3-12b__reasoning_first/test__rag_k3,section,health,15,1,0.933333,0.701835,0.988133
gemma3-12b__reasoning_first/test__rag_k3,section,bisnis,9,0,0.888889,0.565,0.980109
gemma3-12b__reasoning_first/test__rag_k3,section,business,11,0,0.909091,0.622642,0.983768
gemma3-12b__reasoning_first/test__rag_k3,section,digital,9,4,0.888889,0.565,0.980109
gemma3-12b__reasoning_first/test__rag_k3,section,megapolitan,6,0,1.0,0.609666,1.0
gemma3-12b__reasoning_first/test__rag_k3,section,edukasi,12,2,1.0,0.757506,1.0
gemma3-12b__reasoning_first/test__rag_k3,section,nasional,20,14,0.9,0.698966,0.972134
gemma3-12b__reasoning_first/test__rag_k3,section,inet,7,2,0.857143,0.486872,0.97432
gemma3-12b__reasoning_first/test__rag_k3,section,money,4,0,1.0,0.510109,1.0
gemma3-12b__reasoning_first/test__rag_k3,section,surabaya,1,0,1.0,0.206549,1.0
gemma3-12b__reasoning_first/test__rag_k3,section,travel,12,0,1.0,0.757506,1.0
gemma3-12b__reasoning_first/test__rag_k3,section,food,24,2,0.958333,0.797582,0.992607
gemma3-12b__reasoning_first/test__rag_k3,section,daerah,4,0,0.5,0.150039,0.849961
gemma3-12b__reasoning_first/test__rag_k3,section,gaya,12,0,1.0,0.757506,1.0
gemma3-12b__reasoning_first/test__rag_k3,section,showbiz,12,0,1.0,0.757506,1.0
gemma3-12b__reasoning_first/test__rag_k3,section,berita,9,0,0.888889,0.565,0.980109
gemma3-12b__reasoning_first/test__rag_k3,section,properti,6,0,1.0,0.609666,1.0
gemma3-12b__reasoning_first/test__rag_k3,section,finance,13,2,0.923077,0.66686,0.98629
gemma3-12b__reasoning_first/test__rag_k3,section,trending,3,0,1.0,0.438503,1.0
gemma3-12b__reasoning_first/test__rag_k3,section,dunia,3,0,1.0,0.438503,1.0
gemma3-12b__reasoning_first/test__rag_k3,section,seleb,4,0,1.0,0.510109,1.0
gemma3-12b__reasoning_first/test__rag_k3,section,wolipop,5,0,1.0,0.565518,1.0
gemma3-12b__reasoning_first/test__rag_k3,section,ekbis,5,1,1.0,0.565518,1.0
gemma3-12b__reasoning_first/test__rag_k3,section,politics,7,0,1.0,0.64567,1.0
gemma3-12b__reasoning_first/test__rag_k3,section,opinion,1,0,1.0,0.206549,1.0
gemma3-12b__reasoning_first/test__rag_k3,section,gaya-hidup,8,1,0.75,0.409275,0.928521
gemma3-12b__reasoning_first/test__rag_k3,section,regional,3,0,1.0,0.438503,1.0
gemma3-12b__reasoning_first/test__rag_k3,section,ragam,4,0,1.0,0.510109,1.0
gemma3-12b__reasoning_first/test__rag_k3,section,international,3,0,1.0,0.438503,1.0
gemma3-12b__reasoning_first/test__rag_k3,section,hot,5,1,0.8,0.375535,0.963776
gemma3-12b__reasoning_first/test__rag_k3,section,makassar,1,0,1.0,0.206549,1.0
gemma3-12b__reasoning_first/test__rag_k3,section,sains,3,0,1.0,0.438503,1.0
gemma3-12b__reasoning_first/test__rag_k3,section,go,1,1,1.0,0.206549,1.0
gemma3-12b__reasoning_first/test__rag_k3,section,militer,2,0,1.0,0.34238,1.0
gemma3-12b__reasoning_first/test__rag_k3,section,life,2,0,1.0,0.34238,1.0
gemma3-12b__reasoning_first/test__rag_k5,host,kompas.com,79,1,0.974684,0.912314,0.99303
gemma3-12b__reasoning_first/test__rag_k5,host,thestar.com,717,364,0.997211,0.989887,0.999235
gemma3-12b__reasoning_first/test__rag_k5,host,biz.kompas.com,420,420,1.0,0.990937,1.0
gemma3-12b__reasoning_first/test__rag_k5,host,sport.tempo.co,14,0,1.0,0.784689,1.0
gemma3-12b__reasoning_first/test__rag_k5,host,tekno.tempo.co,19,2,0.894737,0.686059,0.970641
gemma3-12b__reasoning_first/test__rag_k5,host,viva.co.id,292,177,0.969178,0.94247,0.983701
gemma3-12b__reasoning_first/test__rag_k5,host,lifestyle.sindonews.com,41,4,0.926829,0.805726,0.974802
gemma3-12b__reasoning_first/test__rag_k5,host,oto.detik.com,11,4,0.909091,0.622642,0.983768
gemma3-12b__reasoning_first/test__rag_k5,host,otomotif.tempo.co,13,0,0.923077,0.66686,0.98629
gemma3-12b__reasoning_first/test__rag_k5,host,tekno.sindonews.com,42,19,0.833333,0.69396,0.916841
gemma3-12b__reasoning_first/test__rag_k5,host,metro.tempo.co,7,0,1.0,0.64567,1.0
gemma3-12b__reasoning_first/test__rag_k5,host,bola.tempo.co,10,0,1.0,0.722467,1.0
gemma3-12b__reasoning_first/test__rag_k5,host,sports.sindonews.com,9,9,0.777778,0.452589,0.936775
gemma3-12b__reasoning_first/test__rag_k5,host,health.detik.com,11,1,0.909091,0.622642,0.983768
gemma3-12b__reasoning_first/test__rag_k5,host,bisnis.tempo.co,15,2,0.866667,0.62118,0.962639
gemma3-12b__reasoning_first/test__rag_k5,host,health.kompas.com,21,0,1.0,0.845361,1.0
gemma3-12b__reasoning_first/test__rag_k5,host,megapolitan.kompas.com,12,0,1.0,0.757506,1.0
gemma3-12b__reasoning_first/test__rag_k5,host,nasional.sindonews.com,38,30,0.894737,0.758695,0.958297
gemma3-12b__reasoning_first/test__rag_k5,host,lifestyle.kompas.com,18,1,1.0,0.824121,1.0
gemma3-12b__reasoning_first/test__rag_k5,host,inet.detik.com,26,6,0.923077,0.758584,0.978645
gemma3-12b__reasoning_first/test__rag_k5,host,news.detik.com,29,6,0.931034,0.780354,0.980879
gemma3-12b__reasoning_first/test__rag_k5,host,otomotif.kompas.com,21,5,0.666667,0.453735,0.828052
gemma3-12b__reasoning_first/test__rag_k5,host,otomotif.sindonews.com,18,6,1.0,0.824121,1.0
gemma3-12b__reasoning_first/test__rag_k5,host,money.kompas.com,8,0,1.0,0.675592,1.0
gemma3-12b__reasoning_first/test__rag_k5,host,edukasi.sindonews.com,23,8,0.869565,0.678725,0.954623
gemma3-12b__reasoning_first/test__rag_k5,host,surabaya.kompas.com,1,0,1.0,0.206549,1.0
gemma3-12b__reasoning_first/test__rag_k5,host,travel.tempo.co,21,1,0.952381,0.773306,0.991544
gemma3-12b__reasoning_first/test__rag_k5,host,food.detik.com,31,2,0.967742,0.838059,0.994283
gemma3-12b__reasoning_first/test__rag_k5,host,daerah.sindonews.com,12,0,0.916667,0.64612,0.985135
gemma3-12b__reasoning_first/test__rag_k5,host,gaya.tempo.co,23,0,1.0,0.856883,1.0
gemma3-12b__reasoning_first/test__rag_k5,host,finance.detik.com,35,8,0.771429,0.609827,0.879341
gemma3-12b__reasoning_first/test__rag_k5,host,dunia.tempo.co,7,0,1.0,0.64567,1.0
gemma3-12b__reasoning_first/test__rag_k5,host,seleb.tempo.co,11,0,1.0,0.741167,1.0
gemma3-12b__reasoning_first/test__rag_k5,host,sport.detik.com,20,0,1.0,0.838875,1.0
gemma3-12b__reasoning_first/test__rag_k5,host,wolipop.detik.com,10,0,1.0,0.722467,1.0
gemma3-12b__reasoning_first/test__rag_k5,host,ekbis.sindonews.com,13,2,0.923077,0.66686,0.98629
gemma3-12b__reasoning_first/test__rag_k5,host,tekno.kompas.com,6,1,1.0,0.609666,1.0
gemma3-12b__reasoning_first/test__rag_k5,host,nasional.kompas.com,7,0,1.0,0.64567,1.0
gemma3-12b__reasoning_first/test__rag_k5,host,regional.kompas.com,6,0,1.0,0.609666,1.0
gemma3-12b__reasoning_first/test__rag_k5,host,international.sindonews.com,11,0,1.0,0.741167,1.0
gemma3-12b__reasoning_first/test__rag_k5,host,hot.detik.com,17,1,0.941176,0.73018,0.98954
gemma3-12b__reasoning_first/test__rag_k5,host,makassar.kompas.com,1,0,1.0,0.206549,1.0
gemma3-12b__reasoning_first/test__rag_k5,host,sains.sindonews.com,13,0,1.0,0.771905,1.0
gemma3-12b__reasoning_first/test__rag_k5,host,go.kompas.com,1,1,1.0,0.206549,1.0
gemma3-12b__reasoning_first/test__rag_k5,host,bola.kompas.com,3,0,1.0,0.438503,1.0
gemma3-12b__reasoning_first/test__rag_k5,host,nasional.tempo.co,1,0,1.0,0.206549,1.0
gemma3-12b__reasoning_first/test__rag_k5,host,bandung.kompas.com,1,0,1.0,0.206549,1.0
gemma3-12b__reasoning_first/test__rag_k5,section,global,13,0,1.0,0.771905,1.0
gemma3-12b__reasoning_first/test__rag_k5,section,skola,9,0,1.0,0.700855,1.0
gemma3-12b__reasoning_first/test__rag_k5,section,sports,179,9,0.988827,0.960183,0.996931
gemma3-12b__reasoning_first/test__rag_k5,section,biz,420,420,1.0,0.990937,1.0
gemma3-12b__reasoning_first/test__rag_k5,section,sport,40,0,1.0,0.912378,1.0
gemma3-12b__reasoning_first/test__rag_k5,section,tekno,67,22,0.865672,0.763996,0.927689
gemma3-12b__reasoning_first/test__rag_k5,section,homey,10,1,0.9,0.59585,0.982124
gemma3-12b__reasoning_first/test__rag_k5,section,tren,9,0,1.0,0.700855,1.0
gemma3-12b__reasoning_first/test__rag_k5,section,siaran-pers,170,170,0.994118,0.967437,0.998961
gemma3-12b__reasoning_first/test__rag_k5,section,lifestyle,59,5,0.949153,0.860835,0.982557
gemma3-12b__reasoning_first/test__rag_k5,section,news,158,6,0.987342,0.955027,0.996522
gemma3-12b__reasoning_first/test__rag_k5,section,globenewswire,364,364,1.0,0.989557,1.0
gemma3-12b__reasoning_first/test__rag_k5,section,oto,11,4,0.909091,0.622642,0.983768
gemma3-12b__reasoning_first/test__rag_k5,section,otomotif,55,12,0.836364,0.717363,0.911446
gemma3-12b__reasoning_first/test__rag_k5,section,entertainment,9,0,1.0,0.700855,1.0
gemma3-12b__reasoning_first/test__rag_k5,section,metro,7,0,1.0,0.64567,1.0
gemma3-12b__reasoning_first/test__rag_k5,section,bola,29,0,1.0,0.88303,1.0
gemma3-12b__reasoning_first/test__rag_k5,section,health,32,1,0.96875,0.842557,0.994462
gemma3-12b__reasoning_first/test__rag_k5,section,bisnis,15,2,0.866667,0.62118,0.962639
gemma3-12b__reasoning_first/test__rag_k5,section,business,16,0,0.9375,0.716713,0.988881
gemma3-12b__reasoning_first/test__rag_k5,section,digital,17,4,0.882353,0.656636,0.96712
gemma3-12b__reasoning_first/test__rag_k5,section,megapolitan,12,0,1.0,0.757506,1.0
gemma3-12b__reasoning_first/test__rag_k5,section,edukasi,33,8,0.909091,0.764274,0.968596
gemma3-12b__reasoning_first/test__rag_k5,section,nasional,46,30,0.913043,0.796753,0.965664
gemma3-12b__reasoning_first/test__rag_k5,section,inet,26,6,0.923077,0.758584,0.978645
gemma3-12b__reasoning_first/test__rag_k5,section,money,8,0,1.0,0.675592,1.0
gemma3-12b__reasoning_first/test__rag_k5,section,surabaya,1,0,1.0,0.206549,1.0
gemma3-12b__reasoning_first/test__rag_k5,section,travel,21,1,0.952381,0.773306,0.991544
gemma3-12b__reasoning_first/test__rag_k5,section,food,52,2,0.980769,0.898795,0.996597
gemma3-12b__reasoning_first/test__rag_k5,section,daerah,12,0,0.916667,0.64612,0.985135
gemma3-12b__reasoning_first/test__rag_k5,section,gaya,23,0,1.0,0.856883,1.0
gemma3-12b__reasoning_first/test__rag_k5,section,showbiz,24,1,0.916667,0.741512,0.976841
gemma3-12b__reasoning_first/test__rag_k5,section,berita,13,0,0.923077,0.66686,0.98629
gemma3-12b__reasoning_first/test__rag_k5,section,properti,10,0,0.9,0.59585,0.982124
gemma3-12b__reasoning_first/test__rag_k5,section,finance,35,8,0.771429,0.609827,0.879341
gemma3-12b__reasoning_first/test__rag_k5,section,trending,4,0,1.0,0.510109,1.0
gemma3-12b__reasoning_first/test__rag_k5,section,dunia,7,0,1.0,0.64567,1.0
gemma3-12b__reasoning_first/test__rag_k5,section,seleb,11,0,1.0,0.741167,1.0
gemma3-12b__reasoning_first/test__rag_k5,section,wolipop,10,0,1.0,0.722467,1.0
gemma3-12b__reasoning_first/test__rag_k5,section,ekbis,13,2,0.923077,0.66686,0.98629
gemma3-12b__reasoning_first/test__rag_k5,section,politics,16,0,1.0,0.806392,1.0
gemma3-12b__reasoning_first/test__rag_k5,section,opinion,9,0,1.0,0.700855,1.0
gemma3-12b__reasoning_first/test__rag_k5,section,gaya-hidup,16,1,0.875,0.639772,0.965023
gemma3-12b__reasoning_first/test__rag_k5,section,regional,6,0,1.0,0.609666,1.0
gemma3-12b__reasoning_first/test__rag_k5,section,ragam,11,0,1.0,0.741167,1.0
gemma3-12b__reasoning_first/test__rag_k5,section,international,11,0,1.0,0.741167,1.0
gemma3-12b__reasoning_first/test__rag_k5,section,hot,17,1,0.941176,0.73018,0.98954
gemma3-12b__reasoning_first/test__rag_k5,section,makassar,1,0,1.0,0.206549,1.0
gemma3-12b__reasoning_first/test__rag_k5,section,sains,13,0,1.0,0.771905,1.0
gemma3-12b__reasoning_first/test__rag_k5,section,go,1,1,1.0,0.206549,1.0
gemma3-12b__reasoning_first/test__rag_k5,section,militer,2,0,1.0,0.34238,1.0
gemma3-12b__reasoning_first/test__rag_k5,section,life,7,0,1.0,0.64567,1.0
gemma3-12b__reasoning_first/test__rag_k5,section,sponsored-sections,1,0,0.0,0.0,0.793451
gemma3-12b__reasoning_first/test__rag_k5,section,badminton,1,0,1.0,0.206549,1.0
gemma3-12b__reasoning_first/test__rag_k5,section,edu,2,0,1.0,0.34238,1.0
gemma3-12b__reasoning_first/test__rag_k5,section,bandung,1,0,1.0,0.206549,1.0
gemma3-12b__reasoning_first/test__rag_k5_flipped,host,kompas.com,34,0,1.0,0.898485,1.0
gemma3-12b__reasoning_first/test__rag_k5_flipped,host,thestar.com,330,178,0.927273,0.894069,0.950643
gemma3-12b__reasoning_first/test__rag_k5_flipped,host,biz.kompas.com,192,192,1.0,0.980385,1.0
gemma3-12b__reasoning_first/test__rag_k5_flipped,host,sport.tempo.co,9,0,1.0,0.700855,1.0
gemma3-12b__reasoning_first/test__rag_k5_flipped,host,tekno.tempo.co,7,2,0.857143,0.486872,0.97432
gemma3-12b__reasoning_first/test__rag_k5_flipped,host,viva.co.id,159,100,0.943396,0.895935,0.969938
gemma3-12b__reasoning_first/test__rag_k5_flipped,host,lifestyle.sindonews.com,21,2,0.952381,0.773306,0.991544
gemma3-12b__reasoning_first/test__rag_k5_flipped,host,oto.detik.com,5,1,1.0,0.565518,1.0
gemma3-12b__reasoning_first/test__rag_k5_flipped,host,otomotif.tempo.co,6,0,0.833333,0.436497,0.969947
gemma3-12b__reasoning_first/test__rag_k5_flipped,host,tekno.sindonews.com,20,9,0.8,0.583983,0.919342
gemma3-12b__reasoning_first/test__rag_k5_flipped,host,metro.tempo.co,3,0,1.0,0.438503,1.0
gemma3-12b__reasoning_first/test__rag_k5_flipped,host,bola.tempo.co,5,0,1.0,0.565518,1.0
gemma3-12b__reasoning_first/test__rag_k5_flipped,host,sports.sindonews.com,2,2,0.5,0.094531,0.905469
gemma3-12b__reasoning_first/test__rag_k5_flipped,host,health.detik.com,6,1,0.833333,0.436497,0.969947
gemma3-12b__reasoning_first/test__rag_k5_flipped,host,bisnis.tempo.co,9,0,1.0,0.700855,1.0
gemma3-12b__reasoning_first/test__rag_k5_flipped,host,health.kompas.com,9,0,1.0,0.700855,1.0
gemma3-12b__reasoning_first/test__rag_k5_flipped,host,megapolitan.kompas.com,6,0,0.833333,0.436497,0.969947
gemma3-12b__reasoning_first/test__rag_k5_flipped,host,nasional.sindonews.com,16,14,0.875,0.639772,0.965023
gemma3-12b__reasoning_first/test__rag_k5_flipped,host,lifestyle.kompas.com,9,0,1.0,0.700855,1.0
gemma3-12b__reasoning_first/test__rag_k5_flipped,host,inet.detik.com,7,2,0.857143,0.486872,0.97432
gemma3-12b__reasoning_first/test__rag_k5_flipped,host,news.detik.com,9,2,1.0,0.700855,1.0
gemma3-12b__reasoning_first/test__rag_k5_flipped,host,otomotif.kompas.com,12,1,0.916667,0.64612,0.985135
gemma3-12b__reasoning_first/test__rag_k5_flipped,host,otomotif.sindonews.com,9,5,0.777778,0.452589,0.936775
gemma3-12b__reasoning_first/test__rag_k5_flipped,host,money.kompas.com,4,0,1.0,0.510109,1.0
gemma3-12b__reasoning_first/test__rag_k5_flipped,host,edukasi.sindonews.com,6,2,1.0,0.609666,1.0
gemma3-12b__reasoning_first/test__rag_k5_flipped,host,surabaya.kompas.com,1,0,1.0,0.206549,1.0
gemma3-12b__reasoning_first/test__rag_k5_flipped,host,travel.tempo.co,12,0,1.0,0.757506,1.0
gemma3-12b__reasoning_first/test__rag_k5_flipped,host,food.detik.com,17,2,0.882353,0.656636,0.96712
gemma3-12b__reasoning_first/test__rag_k5_flipped,host,daerah.sindonews.com,4,0,1.0,0.510109,1.0
gemma3-12b__reasoning_first/test__rag_k5_flipped,host,gaya.tempo.co,12,0,1.0,0.757506,1.0
gemma3-12b__reasoning_first/test__rag_k5_flipped,host,finance.detik.com,13,2,0.923077,0.66686,0.98629
gemma3-12b__reasoning_first/test__rag_k5_flipped,host,dunia.tempo.co,3,0,1.0,0.438503,1.0
gemma3-12b__reasoning_first/test__rag_k5_flipped,host,seleb.tempo.co,4,0,1.0,0.510109,1.0
gemma3-12b__reasoning_first/test__rag_k5_flipped,host,sport.detik.com,6,0,1.0,0.609666,1.0
gemma3-12b__reasoning_first/test__rag_k5_flipped,host,wolipop.detik.com,5,0,1.0,0.565518,1.0
gemma3-12b__reasoning_first/test__rag_k5_flipped,host,ekbis.sindonews.com,5,1,1.0,0.565518,1.0
gemma3-12b__reasoning_first/test__rag_k5_flipped,host,tekno.kompas.com,2,1,1.0,0.34238,1.0
gemma3-12b__reasoning_first/test__rag_k5_flipped,host,nasional.kompas.com,4,0,0.75,0.300642,0.954413
gemma3-12b__reasoning_first/test__rag_k5_flipped,host,regional.kompas.com,3,0,1.0,0.438503,1.0
gemma3-12b__reasoning_first/test__rag_k5_flipped,host,international.sindonews.com,3,0,1.0,0.438503,1.0
gemma3-12b__reasoning_first/test__rag_k5_flipped,host,hot.detik.com,5,1,0.8,0.375535,0.963776
gemma3-12b__reasoning_first/test__rag_k5_flipped,host,makassar.kompas.com,1,0,0.0,0.0,0.793451
gemma3-12b__reasoning_first/test__rag_k5_flipped,host,sains.sindonews.com,3,0,1.0,0.438503,1.0
gemma3-12b__reasoning_first/test__rag_k5_flipped,host,go.kompas.com,1,1,1.0,0.206549,1.0
gemma3-12b__reasoning_first/test__rag_k5_flipped,host,bola.kompas.com,1,0,1.0,0.206549,1.0
gemma3-12b__reasoning_first/test__rag_k5_flipped,section,global,5,0,1.0,0.565518,1.0
gemma3-12b__reasoning_first/test__rag_k5_flipped,section,skola,7,0,1.0,0.64567,1.0
gemma3-12b__reasoning_first/test__rag_k5_flipped,section,sports,74,2,0.945946,0.869096,0.978781
gemma3-12b__reasoning_first/test__rag_k5_flipped,section,biz,192,192,1.0,0.980385,1.0
gemma3-12b__reasoning_first/test__rag_k5_flipped,section,sport,18,0,1.0,0.824121,1.0
gemma3-12b__reasoning_first/test__rag_k5_flipped,section,tekno,29,12,0.827586,0.654516,0.924021
gemma3-12b__reasoning_first/test__rag_k5_flipped,section,homey,3,0,1.0,0.438503,1.0
gemma3-12b__reasoning_first/test__rag_k5_flipped,section,tren,4,0,1.0,0.510109,1.0
gemma3-12b__reasoning_first/test__rag_k5_flipped,section,siaran-pers,95,95,0.978947,0.926459,0.994207
gemma3-12b__reasoning_first/test__rag_k5_flipped,section,lifestyle,30,2,0.966667,0.833296,0.994091
gemma3-12b__reasoning_first/test__rag_k5_flipped,section,news,66,2,0.924242,0.834608,0.967208
gemma3-12b__reasoning_first/test__rag_k5_flipped,section,globenewswire,178,178,0.932584,0.885873,0.961018
gemma3-12b__reasoning_first/test__rag_k5_flipped,section,oto,5,1,1.0,0.565518,1.0
gemma3-12b__reasoning_first/test__rag_k5_flipped,section,otomotif,28,6,0.857143,0.685102,0.94301
gemma3-12b__reasoning_first/test__rag_k5_flipped,section,entertainment,4,0,0.75,0.300642,0.954413
gemma3-12b__reasoning_first/test__rag_k5_flipped,section,metro,3,0,1.0,0.438503,1.0
gemma3-12b__reasoning_first/test__rag_k5_flipped,section,bola,13,0,1.0,0.771905,1.0
gemma3-12b__reasoning_first/test__rag_k5_flipped,section,health,15,1,0.933333,0.701835,0.988133
gemma3-12b__reasoning_first/test__rag_k5_flipped,section,bisnis,9,0,1.0,0.700855,1.0
gemma3-12b__reasoning_first/test__rag_k5_flipped,section,business,11,0,0.818182,0.523019,0.948632
gemma3-12b__reasoning_first/test__rag_k5_flipped,section,digital,9,4,0.777778,0.452589,0.936775
gemma3-12b__reasoning_first/test__rag_k5_flipped,section,megapolitan,6,0,0.833333,0.436497,0.969947
gemma3-12b__reasoning_first/test__rag_k5_flipped,section,edukasi,12,2,0.916667,0.64612,0.985135
gemma3-12b__reasoning_first/test__rag_k5_flipped,section,nasional,20,14,0.85,0.639581,0.947631
gemma3-12b__reasoning_first/test__rag_k5_flipped,section,inet,7,2,0.857143,0.486872,0.97432
gemma3-12b__reasoning_first/test__rag_k5_flipped,section,money,4,0,1.0,0.510109,1.0
gemma3-12b__reasoning_first/test__rag_k5_flipped,section,surabaya,1,0,1.0,0.206549,1.0
gemma3-12b__reasoning_first/test__rag_k5_flipped,section,travel,12,0,1.0,0.757506,1.0
gemma3-12b__reasoning_first/test__rag_k5_flipped,section,food,24,2,0.916667,0.741512,0.976841
gemma3-12b__reasoning_first/test__rag_k5_flipped,section,daerah,4,0,1.0,0.510109,1.0
gemma3-12b__reasoning_first/test__rag_k5_flipped,section,gaya,12,0,1.0,0.757506,1.0
gemma3-12b__reasoning_first/test__rag_k5_flipped,section,showbiz,12,0,1.0,0.757506,1.0
gemma3-12b__reasoning_first/test__rag_k5_flipped,section,berita,9,0,0.777778,0.452589,0.936775
gemma3-12b__reasoning_first/test__rag_k5_flipped,section,properti,6,0,1.0,0.609666,1.0
gemma3-12b__reasoning_first/test__rag_k5_flipped,section,finance,13,2,0.923077,0.66686,0.98629
gemma3-12b__reasoning_first/test__rag_k5_flipped,section,trending,3,0,1.0,0.438503,1.0
gemma3-12b__reasoning_first/test__rag_k5_flipped,section,dunia,3,0,1.0,0.438503,1.0
gemma3-12b__reasoning_first/test__rag_k5_flipped,section,seleb,4,0,1.0,0.510109,1.0
gemma3-12b__reasoning_first/test__rag_k5_flipped,section,wolipop,5,0,1.0,0.565518,1.0
gemma3-12b__reasoning_first/test__rag_k5_flipped,section,ekbis,5,1,1.0,0.565518,1.0
gemma3-12b__reasoning_first/test__rag_k5_flipped,section,politics,7,0,1.0,0.64567,1.0
gemma3-12b__reasoning_first/test__rag_k5_flipped,section,opinion,1,0,1.0,0.206549,1.0
gemma3-12b__reasoning_first/test__rag_k5_flipped,section,gaya-hidup,8,1,0.75,0.409275,0.928521
gemma3-12b__reasoning_first/test__rag_k5_flipped,section,regional,3,0,1.0,0.438503,1.0
gemma3-12b__reasoning_first/test__rag_k5_flipped,section,ragam,4,0,1.0,0.510109,1.0
gemma3-12b__reasoning_first/test__rag_k5_flipped,section,international,3,0,1.0,0.438503,1.0
gemma3-12b__reasoning_first/test__rag_k5_flipped,section,hot,5,1,0.8,0.375535,0.963776
gemma3-12b__reasoning_first/test__rag_k5_flipped,section,makassar,1,0,0.0,0.0,0.793451
gemma3-12b__reasoning_first/test__rag_k5_flipped,section,sains,3,0,1.0,0.438503,1.0
gemma3-12b__reasoning_first/test__rag_k5_flipped,section,go,1,1,1.0,0.206549,1.0
gemma3-12b__reasoning_first/test__rag_k5_flipped,section,militer,2,0,1.0,0.34238,1.0
gemma3-12b__reasoning_first/test__rag_k5_flipped,section,life,2,0,0.5,0.094531,0.905469
gemma3-12b__reasoning_first/test__rag_k5_intervene-flip_each,host,kompas.com,19,0,1.0,0.831821,1.0
gemma3-12b__reasoning_first/test__rag_k5_intervene-flip_each,host,thestar.com,173,87,0.99422,0.967989,0.998979
gemma3-12b__reasoning_first/test__rag_k5_intervene-flip_each,host,biz.kompas.com,96,96,1.0,0.961524,1.0
gemma3-12b__reasoning_first/test__rag_k5_intervene-flip_each,host,sport.tempo.co,4,0,1.0,0.510109,1.0
gemma3-12b__reasoning_first/test__rag_k5_intervene-flip_each,host,tekno.tempo.co,5,1,0.8,0.375535,0.963776
gemma3-12b__reasoning_first/test__rag_k5_intervene-flip_each,host,viva.co.id,81,54,0.987654,0.933331,0.997817
gemma3-12b__reasoning_first/test__rag_k5_intervene-flip_each,host,lifestyle.sindonews.com,7,0,1.0,0.64567,1.0
gemma3-12b__reasoning_first/test__rag_k5_intervene-flip_each,host,oto.detik.com,4,0,1.0,0.510109,1.0
gemma3-12b__reasoning_first/test__rag_k5_intervene-flip_each,host,otomotif.tempo.co,4,0,0.75,0.300642,0.954413
gemma3-12b__reasoning_first/test__rag_k5_intervene-flip_each,host,tekno.sindonews.com,12,6,0.833333,0.551969,0.953035
gemma3-12b__reasoning_first/test__rag_k5_intervene-flip_each,host,metro.tempo.co,2,0,1.0,0.34238,1.0
gemma3-12b__reasoning_first/test__rag_k5_intervene-flip_each,host,bola.tempo.co,2,0,1.0,0.34238,1.0
gemma3-12b__reasoning_first/test__rag_k5_intervene-flip_each,host,sports.sindonews.com,1,1,1.0,0.206549,1.0
gemma3-12b__reasoning_first/test__rag_k5_intervene-flip_each,host,health.detik.com,5,1,0.8,0.375535,0.963776
gemma3-12b__reasoning_first/test__rag_k5_intervene-flip_each,host,bisnis.tempo.co,3,0,1.0,0.438503,1.0
gemma3-12b__reasoning_first/test__rag_k5_intervene-flip_each,host,health.kompas.com,3,0,1.0,0.438503,1.0
gemma3-12b__reasoning_first/test__rag_k5_intervene-flip_each,host,megapolitan.kompas.com,2,0,1.0,0.34238,1.0
gemma3-12b__reasoning_first/test__rag_k5_intervene-flip_each,host,nasional.sindonews.com,12,10,0.833333,0.551969,0.953035
gemma3-12b__reasoning_first/test__rag_k5_intervene-flip_each,host,lifestyle.kompas.com,4,0,1.0,0.510109,1.0
gemma3-12b__reasoning_first/test__rag_k5_intervene-flip_each,host,inet.detik.com,5,2,0.8,0.375535,0.963776
gemma3-12b__reasoning_first/test__rag_k5_intervene-flip_each,host,news.detik.com,5,1,1.0,0.565518,1.0
gemma3-12b__reasoning_first/test__rag_k5_intervene-flip_each,host,otomotif.kompas.com,5,1,0.8,0.375535,0.963776
gemma3-12b__reasoning_first/test__rag_k5_intervene-flip_each,host,otomotif.sindonews.com,4,2,1.0,0.510109,1.0
gemma3-12b__reasoning_first/test__rag_k5_intervene-flip_each,host,money.kompas.com,1,0,1.0,0.206549,1.0
gemma3-12b__reasoning_first/test__rag_k5_intervene-flip_each,host,edukasi.sindonews.com,5,2,1.0,0.565518,1.0
gemma3-12b__reasoning_first/test__rag_k5_intervene-flip_each,host,surabaya.kompas.com,1,0,1.0,0.206549,1.0
gemma3-12b__reasoning_first/test__rag_k5_intervene-flip_each,host,travel.tempo.co,5,0,1.0,0.565518,1.0
gemma3-12b__reasoning_first/test__rag_k5_intervene-flip_each,host,food.detik.com,6,1,0.833333,0.436497,0.969947
gemma3-12b__reasoning_first/test__rag_k5_intervene-flip_each,host,daerah.sindonews.com,3,0,0.666667,0.20766,0.938508
gemma3-12b__reasoning_first/test__rag_k5_intervene-flip_each,host,gaya.tempo.co,6,0,1.0,0.609666,1.0
gemma3-12b__reasoning_first/test__rag_k5_intervene-flip_each,host,finance.detik.com,4,0,1.0,0.510109,1.0
gemma3-12b__reasoning_first/test__rag_k5_intervene-flip_each,host,dunia.tempo.co,1,0,1.0,0.206549,1.0
gemma3-12b__reasoning_first/test__rag_k5_intervene-flip_each,host,seleb.tempo.co,2,0,1.0,0.34238,1.0
gemma3-12b__reasoning_first/test__rag_k5_intervene-flip_each,host,sport.detik.com,2,0,1.0,0.34238,1.0
gemma3-12b__reasoning_first/test__rag_k5_intervene-flip_each,host,wolipop.detik.com,1,0,1.0,0.206549,1.0
gemma3-12b__reasoning_first/test__rag_k5_intervene-flip_each,host,ekbis.sindonews.com,2,1,1.0,0.34238,1.0
gemma3-12b__reasoning_first/test__rag_k5_intervene-flip_each,host,tekno.kompas.com,1,0,1.0,0.206549,1.0
gemma3-12b__reasoning_first/test__rag_k5_intervene-flip_each,host,nasional.kompas.com,1,0,1.0,0.206549,1.0
gemma3-12b__reasoning_first/test__rag_k5_intervene-flip_each,host,regional.kompas.com,1,0,1.0,0.206549,1.0
gemma3-12b__reasoning_first/test__rag_k5_intervene-flip_each,section,global,4,0,1.0,0.510109,1.0
gemma3-12b__reasoning_first/test__rag_k5_intervene-flip_each,section,skola,6,0,1.0,0.609666,1.0
gemma3-12b__reasoning_first/test__rag_k5_intervene-flip_each,section,sports,45,1,1.0,0.921348,1.0
gemma3-12b__reasoning_first/test__rag_k5_intervene-flip_each,section,biz,96,96,1.0,0.961524,1.0
gemma3-12b__reasoning_first/test__rag_k5_intervene-flip_each,section,sport,8,0,1.0,0.675592,1.0
gemma3-12b__reasoning_first/test__rag_k5_intervene-flip_each,section,tekno,18,7,0.833333,0.60778,0.941634
gemma3-12b__reasoning_first/test__rag_k5_intervene-flip_each,section,homey,1,0,1.0,0.206549,1.0
gemma3-12b__reasoning_first/test__rag_k5_intervene-flip_each,section,tren,2,0,1.0,0.34238,1.0
gemma3-12b__reasoning_first/test__rag_k5_intervene-flip_each,section,siaran-pers,53,53,1.0,0.932418,1.0
gemma3-12b__reasoning_first/test__rag_k5_intervene-flip_each,section,lifestyle,11,0,1.0,0.741167,1.0
gemma3-12b__reasoning_first/test__rag_k5_intervene-flip_each,section,news,35,1,1.0,0.901099,1.0
gemma3-12b__reasoning_first/test__rag_k5_intervene-flip_each,section,globenewswire,87,87,1.0,0.957712,1.0
gemma3-12b__reasoning_first/test__rag_k5_intervene-flip_each,section,oto,4,0,1.0,0.510109,1.0
gemma3-12b__reasoning_first/test__rag_k5_intervene-flip_each,section,otomotif,13,3,0.846154,0.577654,0.956742
gemma3-12b__reasoning_first/test__rag_k5_intervene-flip_each,section,entertainment,2,0,1.0,0.34238,1.0
gemma3-12b__reasoning_first/test__rag_k5_intervene-flip_each,section,metro,2,0,1.0,0.34238,1.0
gemma3-12b__reasoning_first/test__rag_k5_intervene-flip_each,section,bola,6,0,1.0,0.609666,1.0
gemma3-12b__reasoning_first/test__rag_k5_intervene-flip_each,section,health,8,1,0.875,0.529112,0.977583
gemma3-12b__reasoning_first/test__rag_k5_intervene-flip_each,section,bisnis,3,0,1.0,0.438503,1.0
gemma3-12b__reasoning_first/test__rag_k5_intervene-flip_each,section,business,8,0,0.875,0.529112,0.977583
gemma3-12b__reasoning_first/test__rag_k5_intervene-flip_each,section,digital,4,1,0.75,0.300642,0.954413
gemma3-12b__reasoning_first/test__rag_k5_intervene-flip_each,section,megapolitan,2,0,1.0,0.34238,1.0
gemma3-12b__reasoning_first/test__rag_k5_intervene-flip_each,section,edukasi,7,2,1.0,0.64567,1.0
gemma3-12b__reasoning_first/test__rag_k5_intervene-flip_each,section,nasional,13,10,0.846154,0.577654,0.956742
gemma3-12b__reasoning_first/test__rag_k5_intervene-flip_each,section,inet,5,2,0.8,0.375535,0.963776
gemma3-12b__reasoning_first/test__rag_k5_intervene-flip_each,section,money,1,0,1.0,0.206549,1.0
gemma3-12b__reasoning_first/test__rag_k5_intervene-flip_each,section,surabaya,1,0,1.0,0.206549,1.0
gemma3-12b__reasoning_first/test__rag_k5_intervene-flip_each,section,travel,5,0,1.0,0.565518,1.0
gemma3-12b__reasoning_first/test__rag_k5_intervene-flip_each,section,food,10,1,0.9,0.59585,0.982124
gemma3-12b__reasoning_first/test__rag_k5_intervene-flip_each,section,daerah,3,0,0.666667,0.20766,0.938508
gemma3-12b__reasoning_first/test__rag_k5_intervene-flip_each,section,gaya,6,0,1.0,0.609666,1.0
gemma3-12b__reasoning_first/test__rag_k5_intervene-flip_each,section,showbiz,10,0,1.0,0.722467,1.0
gemma3-12b__reasoning_first/test__rag_k5_intervene-flip_each,section,berita,3,0,1.0,0.438503,1.0
gemma3-12b__reasoning_first/test__rag_k5_intervene-flip_each,section,properti,2,0,1.0,0.34238,1.0
gemma3-12b__reasoning_first/test__rag_k5_intervene-flip_each,section,finance,4,0,1.0,0.510109,1.0
gemma3-12b__reasoning_first/test__rag_k5_intervene-flip_each,section,trending,1,0,1.0,0.206549,1.0
gemma3-12b__reasoning_first/test__rag_k5_intervene-flip_each,section,dunia,1,0,1.0,0.206549,1.0
gemma3-12b__reasoning_first/test__rag_k5_intervene-flip_each,section,seleb,2,0,1.0,0.34238,1.0
gemma3-12b__reasoning_first/test__rag_k5_intervene-flip_each,section,wolipop,1,0,1.0,0.206549,1.0
gemma3-12b__reasoning_first/test__rag_k5_intervene-flip_each,section,ekbis,2,1,1.0,0.34238,1.0
gemma3-12b__reasoning_first/test__rag_k5_intervene-flip_each,section,politics,1,0,1.0,0.206549,1.0
gemma3-12b__reasoning_first/test__rag_k5_intervene-flip_each,section,opinion,1,0,1.0,0.206549,1.0
gemma3-12b__reasoning_first/test__rag_k5_intervene-flip_each,section,gaya-hidup,1,0,1.0,0.206549,1.0
gemma3-12b__reasoning_first/test__rag_k5_intervene-flip_each,section,regional,1,0,1.0,0.206549,1.0
gemma3-12b__reasoning_first/test__rag_k5_intervene-flip_each,section,ragam,1,0,1.0,0.206549,1.0
gemma3-12b__reasoning_first/test__rag_k5_lang-cross,host,kompas.com,34,0,1.0,0.898485,1.0
gemma3-12b__reasoning_first/test__rag_k5_lang-cross,host,thestar.com,330,178,1.0,0.988493,1.0
gemma3-12b__reasoning_first/test__rag_k5_lang-cross,host,biz.kompas.com,192,192,0.994792,0.971093,0.99908
gemma3-12b__reasoning_first/test__rag_k5_lang-cross,host,sport.tempo.co,9,0,1.0,0.700855,1.0
gemma3-12b__reasoning_first/test__rag_k5_lang-cross,host,tekno.tempo.co,7,2,0.857143,0.486872,0.97432
gemma3-12b__reasoning_first/test__rag_k5_lang-cross,host,viva.co.id,159,100,0.955975,0.911924,0.978513
gemma3-12b__reasoning_first/test__rag_k5_lang-cross,host,lifestyle.sindonews.com,21,2,1.0,0.845361,1.0
gemma3-12b__reasoning_first/test__rag_k5_lang-cross,host,oto.detik.com,5,1,0.8,0.375535,0.963776
gemma3-12b__reasoning_first/test__rag_k5_lang-cross,host,otomotif.tempo.co,6,0,0.833333,0.436497,0.969947
gemma3-12b__reasoning_first/test__rag_k5_lang-cross,host,tekno.sindonews.com,20,9,0.85,0.639581,0.947631
gemma3-12b__reasoning_first/test__rag_k5_lang-cross,host,metro.tempo.co,3,0,1.0,0.438503,1.0
gemma3-12b__reasoning_first/test__rag_k5_lang-cross,host,bola.tempo.co,5,0,1.0,0.565518,1.0
gemma3-12b__reasoning_first/test__rag_k5_lang-cross,host,sports.sindonews.com,2,2,0.5,0.094531,0.905469
gemma3-12b__reasoning_first/test__rag_k5_lang-cross,host,health.detik.com,6,1,0.833333,0.436497,0.969947
gemma3-12b__reasoning_first/test__rag_k5_lang-cross,host,bisnis.tempo.co,9,0,1.0,0.700855,1.0
gemma3-12b__reasoning_first/test__rag_k5_lang-cross,host,health.kompas.com,9,0,1.0,0.700855,1.0
gemma3-12b__reasoning_first/test__rag_k5_lang-cross,host,megapolitan.kompas.com,6,0,1.0,0.609666,1.0
gemma3-12b__reasoning_first/test__rag_k5_lang-cross,host,nasional.sindonews.com,16,14,0.875,0.639772,0.965023
gemma3-12b__reasoning_first/test__rag_k5_lang-cross,host,lifestyle.kompas.com,9,0,1.0,0.700855,1.0
gemma3-12b__reasoning_first/test__rag_k5_lang-cross,host,inet.detik.com,7,2,0.857143,0.486872,0.97432
gemma3-12b__reasoning_first/test__rag_k5_lang-cross,host,news.detik.com,9,2,1.0,0.700855,1.0
gemma3-12b__reasoning_first/test__rag_k5_lang-cross,host,otomotif.kompas.com,12,1,0.833333,0.551969,0.953035
gemma3-12b__reasoning_first/test__rag_k5_lang-cross,host,otomotif.sindonews.com,9,5,1.0,0.700855,1.0
gemma3-12b__reasoning_first/test__rag_k5_lang-cross,host,money.kompas.com,4,0,1.0,0.510109,1.0
gemma3-12b__reasoning_first/test__rag_k5_lang-cross,host,edukasi.sindonews.com,6,2,1.0,0.609666,1.0
gemma3-12b__reasoning_first/test__rag_k5_lang-cross,host,surabaya.kompas.com,1,0,1.0,0.206549,1.0
gemma3-12b__reasoning_first/test__rag_k5_lang-cross,host,travel.tempo.co,12,0,1.0,0.757506,1.0
gemma3-12b__reasoning_first/test__rag_k5_lang-cross,host,food.detik.com,17,2,0.941176,0.73018,0.98954
gemma3-12b__reasoning_first/test__rag_k5_lang-cross,host,daerah.sindonews.com,4,0,0.75,0.300642,0.954413
gemma3-12b__reasoning_first/test__rag_k5_lang-cross,host,gaya.tempo.co,12,0,1.0,0.757506,1.0
gemma3-12b__reasoning_first/test__rag_k5_lang-cross,host,finance.detik.com,13,2,0.923077,0.66686,0.98629
gemma3-12b__reasoning_first/test__rag_k5_lang-cross,host,dunia.tempo.co,3,0,1.0,0.438503,1.0
gemma3-12b__reasoning_first/test__rag_k5_lang-cross,host,seleb.tempo.co,4,0,1.0,0.510109,1.0
gemma3-12b__reasoning_first/test__rag_k5_lang-cross,host,sport.detik.com,6,0,1.0,0.609666,1.0
gemma3-12b__reasoning_first/test__rag_k5_lang-cross,host,wolipop.detik.com,5,0,1.0,0.565518,1.0
gemma3-12b__reasoning_first/test__rag_k5_lang-cross,host,ekbis.sindonews.com,5,1,0.8,0.375535,0.963776
gemma3-12b__reasoning_first/test__rag_k5_lang-cross,host,tekno.kompas.com,2,1,1.0,0.34238,1.0
gemma3-12b__reasoning_first/test__rag_k5_lang-cross,host,nasional.kompas.com,4,0,1.0,0.510109,1.0
gemma3-12b__reasoning_first/test__rag_k5_lang-cross,host,regional.kompas.com,3,0,1.0,0.438503,1.0
gemma3-12b__reasoning_first/test__rag_k5_lang-cross,host,international.sindonews.com,3,0,1.0,0.438503,1.0
gemma3-12b__reasoning_first/test__rag_k5_lang-cross,host,hot.detik.com,5,1,0.8,0.375535,0.963776
gemma3-12b__reasoning_first/test__rag_k5_lang-cross,host,makassar.kompas.com,1,0,1.0,0.206549,1.0
gemma3-12b__reasoning_first/test__rag_k5_lang-cross,host,sains.sindonews.com,3,0,1.0,0.438503,1.0
gemma3-12b__reasoning_first/test__rag_k5_lang-cross,host,go.kompas.com,1,1,1.0,0.206549,1.0
gemma3-12b__reasoning_first/test__rag_k5_lang-cross,host,bola.kompas.com,1,0,1.0,0.206549,1.0
gemma3-12b__reasoning_first/test__rag_k5_lang-cross,section,global,5,0,1.0,0.565518,1.0
gemma3-12b__reasoning_first/test__rag_k5_lang-cross,section,skola,7,0,1.0,0.64567,1.0
gemma3-12b__reasoning_first/test__rag_k5_lang-cross,section,sports,74,2,0.986486,0.927346,0.997611
gemma3-12b__reasoning_first/test__rag_k5_lang-cross,section,biz,192,192,0.994792,0.971093,0.99908
gemma3-12b__reasoning_first/test__rag_k5_lang-cross,section,sport,18,0,1.0,0.824121,1.0
gemma3-12b__reasoning_first/test__rag_k5_lang-cross,section,tekno,29,12,0.862069,0.69441,0.945026
gemma3-12b__reasoning_first/test__rag_k5_lang-cross,section,homey,3,0,1.0,0.438503,1.0
gemma3-12b__reasoning_first/test__rag_k5_lang-cross,section,tren,4,0,1.0,0.510109,1.0
gemma3-12b__reasoning_first/test__rag_k5_lang-cross,section,siaran-pers,95,95,0.968421,0.911229,0.989203
gemma3-12b__reasoning_first/test__rag_k5_lang-cross,section,lifestyle,30,2,1.0,0.886487,1.0
gemma3-12b__reasoning_first/test__rag_k5_lang-cross,section,news,66,2,1.0,0.944997,1.0
gemma3-12b__reasoning_first/test__rag_k5_lang-cross,section,globenewswire,178,178,1.0,0.978875,1.0
gemma3-12b__reasoning_first/test__rag_k5_lang-cross,section,oto,5,1,0.8,0.375535,0.963776
gemma3-12b__reasoning_first/test__rag_k5_lang-cross,section,otomotif,28,6,0.892857,0.728041,0.962882
gemma3-12b__reasoning_first/test__rag_k5_lang-cross,section,entertainment,4,0,1.0,0.510109,1.0
gemma3-12b__reasoning_first/test__rag_k5_lang-cross,section,metro,3,0,1.0,0.438503,1.0
gemma3-12b__reasoning_first/test__rag_k5_lang-cross,section,bola,13,0,1.0,0.771905,1.0
gemma3-12b__reasoning_first/test__rag_k5_lang-cross,section,health,15,1,0.933333,0.701835,0.988133
gemma3-12b__reasoning_first/test__rag_k5_lang-cross,section,bisnis,9,0,1.0,0.700855,1.0
gemma3-12b__reasoning_first/test__rag_k5_lang-cross,section,business,11,0,1.0,0.741167,1.0
gemma3-12b__reasoning_first/test__rag_k5_lang-cross,section,digital,9,4,0.888889,0.565,0.980109
gemma3-12b__reasoning_first/test__rag_k5_lang-cross,section,megapolitan,6,0,1.0,0.609666,1.0
gemma3-12b__reasoning_first/test__rag_k5_lang-cross,section,edukasi,12,2,1.0,0.757506,1.0
gemma3-12b__reasoning_first/test__rag_k5_lang-cross,section,nasional,20,14,0.9,0.698966,0.972134
gemma3-12b__reasoning_first/test__rag_k5_lang-cross,section,inet,7,2,0.857143,0.486872,0.97432
gemma3-12b__reasoning_first/test__rag_k5_lang-cross,section,money,4,0,1.0,0.510109,1.0
gemma3-12b__reasoning_first/test__rag_k5_lang-cross,section,surabaya,1,0,1.0,0.206549,1.0
gemma3-12b__reasoning_first/test__rag_k5_lang-cross,section,travel,12,0,1.0,0.757506,1.0
gemma3-12b__reasoning_first/test__rag_k5_lang-cross,section,food,24,2,0.958333,0.797582,0.992607
gemma3-12b__reasoning_first/test__rag_k5_lang-cross,section,daerah,4,0,0.75,0.300642,0.954413
gemma3-12b__reasoning_first/test__rag_k5_lang-cross,section,gaya,12,0,1.0,0.757506,1.0
gemma3-12b__reasoning_first/test__rag_k5_lang-cross,section,showbiz,12,0,1.0,0.757506,1.0
gemma3-12b__reasoning_first/test__rag_k5_lang-cross,section,berita,9,0,0.888889,0.565,0.980109
gemma3-12b__reasoning_first/test__rag_k5_lang-cross,section,properti,6,0,1.0,0.609666,1.0
gemma3-12b__reasoning_first/test__rag_k5_lang-cross,section,finance,13,2,0.923077,0.66686,0.98629
gemma3-12b__reasoning_first/test__rag_k5_lang-cross,section,trending,3,0,1.0,0.438503,1.0
gemma3-12b__reasoning_first/test__rag_k5_lang-cross,section,dunia,3,0,1.0,0.438503,1.0
gemma3-12b__reasoning_first/test__rag_k5_lang-cross,section,seleb,4,0,1.0,0.510109,1.0
gemma3-12b__reasoning_first/test__rag_k5_lang-cross,section,wolipop,5,0,1.0,0.565518,1.0
gemma3-12b__reasoning_first/test__rag_k5_lang-cross,section,ekbis,5,1,0.8,0.375535,0.963776
gemma3-12b__reasoning_first/test__rag_k5_lang-cross,section,politics,7,0,1.0,0.64567,1.0
gemma3-12b__reasoning_first/test__rag_k5_lang-cross,section,opinion,1,0,1.0,0.206549,1.0
gemma3-12b__reasoning_first/test__rag_k5_lang-cross,section,gaya-hidup,8,1,0.75,0.409275,0.928521
gemma3-12b__reasoning_first/test__rag_k5_lang-cross,section,regional,3,0,1.0,0.438503,1.0
gemma3-12b__reasoning_first/test__rag_k5_lang-cross,section,ragam,4,0,1.0,0.510109,1.0
gemma3-12b__reasoning_first/test__rag_k5_lang-cross,section,international,3,0,1.0,0.438503,1.0
gemma3-12b__reasoning_first/test__rag_k5_lang-cross,section,hot,5,1,0.8,0.375535,0.963776
gemma3-12b__reasoning_first/test__rag_k5_lang-cross,section,makassar,1,0,1.0,0.206549,1.0
gemma3-12b__reasoning_first/test__rag_k5_lang-cross,section,sains,3,0,1.0,0.438503,1.0
gemma3-12b__reasoning_first/test__rag_k5_lang-cross,section,go,1,1,1.0,0.206549,1.0
gemma3-12b__reasoning_first/test__rag_k5_lang-cross,section,militer,2,0,1.0,0.34238,1.0
gemma3-12b__reasoning_first/test__rag_k5_lang-cross,section,life,2,0,1.0,0.34238,1.0
gemma3-12b__reasoning_first/test__rag_k5_maxsim0.90,host,kompas.com,34,0,1.0,0.898485,1.0
gemma3-12b__reasoning_first/test__rag_k5_maxsim0.90,host,thestar.com,330,178,0.99697,0.983037,0.999465
gemma3-12b__reasoning_first/test__rag_k5_maxsim0.90,host,biz.kompas.com,192,192,1.0,0.980385,1.0
gemma3-12b__reasoning_first/test__rag_k5_maxsim0.90,host,sport.tempo.co,9,0,1.0,0.700855,1.0
gemma3-12b__reasoning_first/test__rag_k5_maxsim0.90,host,tekno.tempo.co,7,2,0.857143,0.486872,0.97432
gemma3-12b__reasoning_first/test__rag_k5_maxsim0.90,host,viva.co.id,159,100,0.968553,0.928506,0.986495
gemma3-12b__reasoning_first/test__rag_k5_maxsim0.90,host,lifestyle.sindonews.com,21,2,0.952381,0.773306,0.991544
gemma3-12b__reasoning_first/test__rag_k5_maxsim0.90,host,oto.detik.com,5,1,1.0,0.565518,1.0
gemma3-12b__reasoning_first/test__rag_k5_maxsim0.90,host,otomotif.tempo.co,6,0,0.833333,0.436497,0.969947
gemma3-12b__reasoning_first/test__rag_k5_maxsim0.90,host,tekno.sindonews.com,20,9,0.85,0.639581,0.947631
gemma3-12b__reasoning_first/test__rag_k5_maxsim0.90,host,metro.tempo.co,3,0,1.0,0.438503,1.0
gemma3-12b__reasoning_first/test__rag_k5_maxsim0.90,host,bola.tempo.co,5,0,1.0,0.565518,1.0
gemma3-12b__reasoning_first/test__rag_k5_maxsim0.90,host,sports.sindonews.com,2,2,0.5,0.094531,0.905469
gemma3-12b__reasoning_first/test__rag_k5_maxsim0.90,host,health.detik.com,6,1,0.833333,0.436497,0.969947
gemma3-12b__reasoning_first/test__rag_k5_maxsim0.90,host,bisnis.tempo.co,9,0,1.0,0.700855,1.0
gemma3-12b__reasoning_first/test__rag_k5_maxsim0.90,host,health.kompas.com,9,0,1.0,0.700855,1.0
gemma3-12b__reasoning_first/test__rag_k5_maxsim0.90,host,megapolitan.kompas.com,6,0,1.0,0.609666,1.0
gemma3-12b__reasoning_first/test__rag_k5_maxsim0.90,host,nasional.sindonews.com,16,14,0.875,0.639772,0.965023
gemma3-12b__reasoning_first/test__rag_k5_maxsim0.90,host,lifestyle.kompas.com,9,0,1.0,0.700855,1.0
gemma3-12b__reasoning_first/test__rag_k5_maxsim0.90,host,inet.detik.com,7,2,0.857143,0.486872,0.97432
gemma3-12b__reasoning_first/test__rag_k5_maxsim0.90,host,news.detik.com,9,2,1.0,0.700855,1.0
gemma3-12b__reasoning_first/test__rag_k5_maxsim0.90,host,otomotif.kompas.com,12,1,0.916667,0.64612,0.985135
gemma3-12b__reasoning_first/test__rag_k5_maxsim0.90,host,otomotif.sindonews.com,9,5,1.0,0.700855,1.0
gemma3-12b__reasoning_first/test__rag_k5_maxsim0.90,host,money.kompas.com,4,0,1.0,0.510109,1.0
gemma3-12b__reasoning_first/test__rag_k5_maxsim0.90,host,edukasi.sindonews.com,6,2,1.0,0.609666,1.0
gemma3-12b__reasoning_first/test__rag_k5_maxsim0.90,host,surabaya.kompas.com,1,0,1.0,0.206549,1.0
gemma3-12b__reasoning_first/test__rag_k5_maxsim0.90,host,travel.tempo.co,12,0,1.0,0.757506,1.0
gemma3-12b__reasoning_first/test__rag_k5_maxsim0.90,host,food.detik.com,17,2,0.941176,0.73018,0.98954
gemma3-12b__reasoning_first/test__rag_k5_maxsim0.90,host,daerah.sindonews.com,4,0,0.75,0.300642,0.954413
gemma3-12b__reasoning_first/test__rag_k5_maxsim0.90,host,gaya.tempo.co,12,0,1.0,0.757506,1.0
gemma3-12b__reasoning_first/test__rag_k5_maxsim0.90,host,finance.detik.com,13,2,0.923077,0.66686,0.98629
gemma3-12b__reasoning_first/test__rag_k5_maxsim0.90,host,dunia.tempo.co,3,0,1.0,0.438503,1.0
gemma3-12b__reasoning_first/test__rag_k5_maxsim0.90,host,seleb.tempo.co,4,0,1.0,0.510109,1.0
gemma3-12b__reasoning_first/test__rag_k5_maxsim0.90,host,sport.detik.com,6,0,1.0,0.609666,1.0
gemma3-12b__reasoning_first/test__rag_k5_maxsim0.90,host,wolipop.detik.com,5,0,1.0,0.565518,1.0
gemma3-12b__reasoning_first/test__rag_k5_maxsim0.90,host,ekbis.sindonews.com,5,1,1.0,0.565518,1.0
gemma3-12b__reasoning_first/test__rag_k5_maxsim0.90,host,tekno.kompas.com,2,1,1.0,0.34238,1.0
gemma3-12b__reasoning_first/test__rag_k5_maxsim0.90,host,nasional.kompas.com,4,0,1.0,0.510109,1.0
gemma3-12b__reasoning_first/test__rag_k5_maxsim0.90,host,regional.kompas.com,3,0,1.0,0.438503,1.0
gemma3-12b__reasoning_first/test__rag_k5_maxsim0.90,host,international.sindonews.com,3,0,1.0,0.438503,1.0
gemma3-12b__reasoning_first/test__rag_k5_maxsim0.90,host,hot.detik.com,5,1,0.8,0.375535,0.963776
gemma3-12b__reasoning_first/test__rag_k5_maxsim0.90,host,makassar.kompas.com,1,0,1.0,0.206549,1.0
gemma3-12b__reasoning_first/test__rag_k5_maxsim0.90,host,sains.sindonews.com,3,0,1.0,0.438503,1.0
gemma3-12b__reasoning_first/test__rag_k5_maxsim0.90,host,go.kompas.com,1,1,1.0,0.206549,1.0
gemma3-12b__reasoning_first/test__rag_k5_maxsim0.90,host,bola.kompas.com,1,0,1.0,0.206549,1.0
gemma3-12b__reasoning_first/test__rag_k5_maxsim0.90,section,global,5,0,1.0,0.565518,1.0
gemma3-12b__reasoning_first/test__rag_k5_maxsim0.90,section,skola,7,0,1.0,0.64567,1.0
gemma3-12b__reasoning_first/test__rag_k5_maxsim0.90,section,sports,74,2,0.986486,0.927346,0.997611
gemma3-12b__reasoning_first/test__rag_k5_maxsim0.90,section,biz,192,192,1.0,0.980385,1.0
gemma3-12b__reasoning_first/test__rag_k5_maxsim0.90,section,sport,18,0,1.0,0.824121,1.0
gemma3-12b__reasoning_first/test__rag_k5_maxsim0.90,section,tekno,29,12,0.862069,0.69441,0.945026
gemma3-12b__reasoning_first/test__rag_k5_maxsim0.90,section,homey,3,0,1.0,0.438503,1.0
gemma3-12b__reasoning_first/test__rag_k5_maxsim0.90,section,tren,4,0,1.0,0.510109,1.0
gemma3-12b__reasoning_first/test__rag_k5_maxsim0.90,section,siaran-pers,95,95,0.989474,0.942761,0.998139
gemma3-12b__reasoning_first/test__rag_k5_maxsim0.90,section,lifestyle,30,2,0.966667,0.833296,0.994091
gemma3-12b__reasoning_first/test__rag_k5_maxsim0.90,section,news,66,2,1.0,0.944997,1.0
gemma3-12b__reasoning_first/test__rag_k5_maxsim0.90,section,globenewswire,178,178,1.0,0.978875,1.0
gemma3-12b__reasoning_first/test__rag_k5_maxsim0.90,section,oto,5,1,1.0,0.565518,1.0
gemma3-12b__reasoning_first/test__rag_k5_maxsim0.90,section,otomotif,28,6,0.928571,0.773546,0.980188
gemma3-12b__reasoning_first/test__rag_k5_maxsim0.90,section,entertainment,4,0,1.0,0.510109,1.0
gemma3-12b__reasoning_first/test__rag_k5_maxsim0.90,section,metro,3,0,1.0,0.438503,1.0
gemma3-12b__reasoning_first/test__rag_k5_maxsim0.90,section,bola,13,0,1.0,0.771905,1.0
gemma3-12b__reasoning_first/test__rag_k5_maxsim0.90,section,health,15,1,0.933333,0.701835,0.988133
gemma3-12b__reasoning_first/test__rag_k5_maxsim0.90,section,bisnis,9,0,1.0,0.700855,1.0
gemma3-12b__reasoning_first/test__rag_k5_maxsim0.90,section,business,11,0,0.909091,0.622642,0.983768
gemma3-12b__reasoning_first/test__rag_k5_maxsim0.90,section,digital,9,4,0.888889,0.565,0.980109
gemma3-12b__reasoning_first/test__rag_k5_maxsim0.90,section,megapolitan,6,0,1.0,0.609666,1.0
gemma3-12b__reasoning_first/test__rag_k5_maxsim0.90,section,edukasi,12,2,1.0,0.757506,1.0
gemma3-12b__reasoning_first/test__rag_k5_maxsim0.90,section,nasional,20,14,0.9,0.698966,0.972134
gemma3-12b__reasoning_first/test__rag_k5_maxsim0.90,section,inet,7,2,0.857143,0.486872,0.97432
gemma3-12b__reasoning_first/test__rag_k5_maxsim0.90,section,money,4,0,1.0,0.510109,1.0
gemma3-12b__reasoning_first/test__rag_k5_maxsim0.90,section,surabaya,1,0,1.0,0.206549,1.0
gemma3-12b__reasoning_first/test__rag_k5_maxsim0.90,section,travel,12,0,1.0,0.757506,1.0
gemma3-12b__reasoning_first/test__rag_k5_maxsim0.90,section,food,24,2,0.958333,0.797582,0.992607
gemma3-12b__reasoning_first/test__rag_k5_maxsim0.90,section,daerah,4,0,0.75,0.300642,0.954413
gemma3-12b__reasoning_first/test__rag_k5_maxsim0.90,section,gaya,12,0,1.0,0.757506,1.0
gemma3-12b__reasoning_first/test__rag_k5_maxsim0.90,section,showbiz,12,0,1.0,0.757506,1.0
gemma3-12b__reasoning_first/test__rag_k5_maxsim0.90,section,berita,9,0,0.888889,0.565,0.980109
gemma3-12b__reasoning_first/test__rag_k5_maxsim0.90,section,properti,6,0,1.0,0.609666,1.0
gemma3-12b__reasoning_first/test__rag_k5_maxsim0.90,section,finance,13,2,0.923077,0.66686,0.98629
gemma3-12b__reasoning_first/test__rag_k5_maxsim0.90,section,trending,3,0,1.0,0.438503,1.0
gemma3-12b__reasoning_first/test__rag_k5_maxsim0.90,section,dunia,3,0,1.0,0.438503,1.0
gemma3-12b__reasoning_first/test__rag_k5_maxsim0.90,section,seleb,4,0,1.0,0.510109,1.0
gemma3-12b__reasoning_first/test__rag_k5_maxsim0.90,section,wolipop,5,0,1.0,0.565518,1.0
gemma3-12b__reasoning_first/test__rag_k5_maxsim0.90,section,ekbis,5,1,1.0,0.565518,1.0
gemma3-12b__reasoning_first/test__rag_k5_maxsim0.90,section,politics,7,0,1.0,0.64567,1.0
gemma3-12b__reasoning_first/test__rag_k5_maxsim0.90,section,opinion,1,0,1.0,0.206549,1.0
gemma3-12b__reasoning_first/test__rag_k5_maxsim0.90,section,gaya-hidup,8,1,0.75,0.409275,0.928521
gemma3-12b__reasoning_first/test__rag_k5_maxsim0.90,section,regional,3,0,1.0,0.438503,1.0
gemma3-12b__reasoning_first/test__rag_k5_maxsim0.90,section,ragam,4,0,1.0,0.510109,1.0
gemma3-12b__reasoning_first/test__rag_k5_maxsim0.90,section,international,3,0,1.0,0.438503,1.0
gemma3-12b__reasoning_first/test__rag_k5_maxsim0.90,section,hot,5,1,0.8,0.375535,0.963776
gemma3-12b__reasoning_first/test__rag_k5_maxsim0.90,section,makassar,1,0,1.0,0.206549,1.0
gemma3-12b__reasoning_first/test__rag_k5_maxsim0.90,section,sains,3,0,1.0,0.438503,1.0
gemma3-12b__reasoning_first/test__rag_k5_maxsim0.90,section,go,1,1,1.0,0.206549,1.0
gemma3-12b__reasoning_first/test__rag_k5_maxsim0.90,section,militer,2,0,1.0,0.34238,1.0
gemma3-12b__reasoning_first/test__rag_k5_maxsim0.90,section,life,2,0,1.0,0.34238,1.0
gemma3-12b__reasoning_first/test__rag_k5_minilm,host,kompas.com,34,0,1.0,0.898485,1.0
gemma3-12b__reasoning_first/test__rag_k5_minilm,host,thestar.com,330,178,0.99697,0.983037,0.999465
gemma3-12b__reasoning_first/test__rag_k5_minilm,host,biz.kompas.com,192,192,1.0,0.980385,1.0
gemma3-12b__reasoning_first/test__rag_k5_minilm,host,sport.tempo.co,9,0,1.0,0.700855,1.0
gemma3-12b__reasoning_first/test__rag_k5_minilm,host,tekno.tempo.co,7,2,0.857143,0.486872,0.97432
gemma3-12b__reasoning_first/test__rag_k5_minilm,host,viva.co.id,159,100,0.962264,0.920126,0.982593
gemma3-12b__reasoning_first/test__rag_k5_minilm,host,lifestyle.sindonews.com,21,2,0.952381,0.773306,0.991544
gemma3-12b__reasoning_first/test__rag_k5_minilm,host,oto.detik.com,5,1,1.0,0.565518,1.0
gemma3-12b__reasoning_first/test__rag_k5_minilm,host,otomotif.tempo.co,6,0,0.833333,0.436497,0.969947
gemma3-12b__reasoning_first/test__rag_k5_minilm,host,tekno.sindonews.com,20,9,0.9,0.698966,0.972134
gemma3-12b__reasoning_first/test__rag_k5_minilm,host,metro.tempo.co,3,0,1.0,0.438503,1.0
gemma3-12b__reasoning_first/test__rag_k5_minilm,host,bola.tempo.co,5,0,1.0,0.565518,1.0
gemma3-12b__reasoning_first/test__rag_k5_minilm,host,sports.sindonews.com,2,2,0.5,0.094531,0.905469
gemma3-12b__reasoning_first/test__rag_k5_minilm,host,health.detik.com,6,1,0.833333,0.436497,0.969947
gemma3-12b__reasoning_first/test__rag_k5_minilm,host,bisnis.tempo.co,9,0,1.0,0.700855,1.0
gemma3-12b__reasoning_first/test__rag_k5_minilm,host,health.kompas.com,9,0,1.0,0.700855,1.0
gemma3-12b__reasoning_first/test__rag_k5_minilm,host,megapolitan.kompas.com,6,0,1.0,0.609666,1.0
gemma3-12b__reasoning_first/test__rag_k5_minilm,host,nasional.sindonews.com,16,14,0.875,0.639772,0.965023
gemma3-12b__reasoning_first/test__rag_k5_minilm,host,lifestyle.kompas.com,9,0,1.0,0.700855,1.0
gemma3-12b__reasoning_first/test__rag_k5_minilm,host,inet.detik.com,7,2,0.857143,0.486872,0.97432
gemma3-12b__reasoning_first/test__rag_k5_minilm,host,news.detik.com,9,2,1.0,0.700855,1.0
gemma3-12b__reasoning_first/test__rag_k5_minilm,host,otomotif.kompas.com,12,1,0.833333,0.551969,0.953035
gemma3-12b__reasoning_first/test__rag_k5_minilm,host,otomotif.sindonews.com,9,5,1.0,0.700855,1.0
gemma3-12b__reasoning_first/test__rag_k5_minilm,host,money.kompas.com,4,0,1.0,0.510109,1.0
gemma3-12b__reasoning_first/test__rag_k5_minilm,host,edukasi.sindonews.com,6,2,1.0,0.609666,1.0
gemma3-12b__reasoning_first/test__rag_k5_minilm,host,surabaya.kompas.com,1,0,1.0,0.206549,1.0
gemma3-12b__reasoning_first/test__rag_k5_minilm,host,travel.tempo.co,12,0,1.0,0.757506,1.0
gemma3-12b__reasoning_first/test__rag_k5_minilm,host,food.detik.com,17,2,0.941176,0.73018,0.98954
gemma3-12b__reasoning_first/test__rag_k5_minilm,host,daerah.sindonews.com,4,0,0.5,0.150039,0.849961
gemma3-12b__reasoning_first/test__rag_k5_minilm,host,gaya.tempo.co,12,0,1.0,0.757506,1.0
gemma3-12b__reasoning_first/test__rag_k5_minilm,host,finance.detik.com,13,2,0.923077,0.66686,0.98629
gemma3-12b__reasoning_first/test__rag_k5_minilm,host,dunia.tempo.co,3,0,1.0,0.438503,1.0
gemma3-12b__reasoning_first/test__rag_k5_minilm,host,seleb.tempo.co,4,0,1.0,0.510109,1.0
gemma3-12b__reasoning_first/test__rag_k5_minilm,host,sport.detik.com,6,0,1.0,0.609666,1.0
gemma3-12b__reasoning_first/test__rag_k5_minilm,host,wolipop.detik.com,5,0,1.0,0.565518,1.0
gemma3-12b__reasoning_first/test__rag_k5_minilm,host,ekbis.sindonews.com,5,1,1.0,0.565518,1.0
gemma3-12b__reasoning_first/test__rag_k5_minilm,host,tekno.kompas.com,2,1,1.0,0.34238,1.0
gemma3-12b__reasoning_first/test__rag_k5_minilm,host,nasional.kompas.com,4,0,1.0,0.510109,1.0
gemma3-12b__reasoning_first/test__rag_k5_minilm,host,regional.kompas.com,3,0,1.0,0.438503,1.0
gemma3-12b__reasoning_first/test__rag_k5_minilm,host,international.sindonews.com,3,0,1.0,0.438503,1.0
gemma3-12b__reasoning_first/test__rag_k5_minilm,host,hot.detik.com,5,1,0.8,0.375535,0.963776
gemma3-12b__reasoning_first/test__rag_k5_minilm,host,makassar.kompas.com,1,0,1.0,0.206549,1.0
gemma3-12b__reasoning_first/test__rag_k5_minilm,host,sains.sindonews.com,3,0,1.0,0.438503,1.0
gemma3-12b__reasoning_first/test__rag_k5_minilm,host,go.kompas.com,1,1,1.0,0.206549,1.0
gemma3-12b__reasoning_first/test__rag_k5_minilm,host,bola.kompas.com,1,0,1.0,0.206549,1.0
gemma3-12b__reasoning_first/test__rag_k5_minilm,section,global,5,0,1.0,0.565518,1.0
gemma3-12b__reasoning_first/test__rag_k5_minilm,section,skola,7,0,1.0,0.64567,1.0
gemma3-12b__reasoning_first/test__rag_k5_minilm,section,sports,74,2,0.986486,0.927346,0.997611
gemma3-12b__reasoning_first/test__rag_k5_minilm,section,biz,192,192,1.0,0.980385,1.0
gemma3-12b__reasoning_first/test__rag_k5_minilm,section,sport,18,0,1.0,0.824121,1.0
gemma3-12b__reasoning_first/test__rag_k5_minilm,section,tekno,29,12,0.896552,0.736149,0.964185
gemma3-12b__reasoning_first/test__rag_k5_minilm,section,homey,3,0,1.0,0.438503,1.0
gemma3-12b__reasoning_first/test__rag_k5_minilm,section,tren,4,0,1.0,0.510109,1.0
gemma3-12b__reasoning_first/test__rag_k5_minilm,section,siaran-pers,95,95,0.989474,0.942761,0.998139
gemma3-12b__reasoning_first/test__rag_k5_minilm,section,lifestyle,30,2,0.966667,0.833296,0.994091
gemma3-12b__reasoning_first/test__rag_k5_minilm,section,news,66,2,1.0,0.944997,1.0
gemma3-12b__reasoning_first/test__rag_k5_minilm,section,globenewswire,178,178,1.0,0.978875,1.0
gemma3-12b__reasoning_first/test__rag_k5_minilm,section,oto,5,1,1.0,0.565518,1.0
gemma3-12b__reasoning_first/test__rag_k5_minilm,section,otomotif,28,6,0.892857,0.728041,0.962882
gemma3-12b__reasoning_first/test__rag_k5_minilm,section,entertainment,4,0,1.0,0.510109,1.0
gemma3-12b__reasoning_first/test__rag_k5_minilm,section,metro,3,0,1.0,0.438503,1.0
gemma3-12b__reasoning_first/test__rag_k5_minilm,section,bola,13,0,0.923077,0.66686,0.98629
gemma3-12b__reasoning_first/test__rag_k5_minilm,section,health,15,1,0.933333,0.701835,0.988133
gemma3-12b__reasoning_first/test__rag_k5_minilm,section,bisnis,9,0,1.0,0.700855,1.0
gemma3-12b__reasoning_first/test__rag_k5_minilm,section,business,11,0,0.909091,0.622642,0.983768
gemma3-12b__reasoning_first/test__rag_k5_minilm,section,digital,9,4,0.888889,0.565,0.980109
gemma3-12b__reasoning_first/test__rag_k5_minilm,section,megapolitan,6,0,1.0,0.609666,1.0
gemma3-12b__reasoning_first/test__rag_k5_minilm,section,edukasi,12,2,1.0,0.757506,1.0
gemma3-12b__reasoning_first/test__rag_k5_minilm,section,nasional,20,14,0.9,0.698966,0.972134
gemma3-12b__reasoning_first/test__rag_k5_minilm,section,inet,7,2,0.857143,0.486872,0.97432
gemma3-12b__reasoning_first/test__rag_k5_minilm,section,money,4,0,1.0,0.510109,1.0
gemma3-12b__reasoning_first/test__rag_k5_minilm,section,surabaya,1,0,1.0,0.206549,1.0
gemma3-12b__reasoning_first/test__rag_k5_minilm,section,travel,12,0,1.0,0.757506,1.0
gemma3-12b__reasoning_first/test__rag_k5_minilm,section,food,24,2,0.958333,0.797582,0.992607
gemma3-12b__reasoning_first/test__rag_k5_minilm,section,daerah,4,0,0.5,0.150039,0.849961
gemma3-12b__reasoning_first/test__rag_k5_minilm,section,gaya,12,0,1.0,0.757506,1.0
gemma3-12b__reasoning_first/test__rag_k5_minilm,section,showbiz,12,0,1.0,0.757506,1.0
gemma3-12b__reasoning_first/test__rag_k5_minilm,section,berita,9,0,0.888889,0.565,0.980109
gemma3-12b__reasoning_first/test__rag_k5_minilm,section,properti,6,0,1.0,0.609666,1.0
gemma3-12b__reasoning_first/test__rag_k5_minilm,section,finance,13,2,0.923077,0.66686,0.98629
gemma3-12b__reasoning_first/test__rag_k5_minilm,section,trending,3,0,1.0,0.438503,1.0
gemma3-12b__reasoning_first/test__rag_k5_minilm,section,dunia,3,0,1.0,0.438503,1.0
gemma3-12b__reasoning_first/test__rag_k5_minilm,section,seleb,4,0,1.0,0.510109,1.0
gemma3-12b__reasoning_first/test__rag_k5_minilm,section,wolipop,5,0,1.0,0.565518,1.0
gemma3-12b__reasoning_first/test__rag_k5_minilm,section,ekbis,5,1,1.0,0.565518,1.0
gemma3-12b__reasoning_first/test__rag_k5_minilm,section,politics,7,0,1.0,0.64567,1.0
gemma3-12b__reasoning_first/test__rag_k5_minilm,section,opinion,1,0,1.0,0.206549,1.0
gemma3-12b__reasoning_first/test__rag_k5_minilm,section,gaya-hidup,8,1,0.75,0.409275,0.928521
gemma3-12b__reasoning_first/test__rag_k5_minilm,section,regional,3,0,1.0,0.438503,1.0
gemma3-12b__reasoning_first/test__rag_k5_minilm,section,ragam,4,0,1.0,0.510109,1.0
gemma3-12b__reasoning_first/test__rag_k5_minilm,section,international,3,0,1.0,0.438503,1.0
gemma3-12b__reasoning_first/test__rag_k5_minilm,section,hot,5,1,0.8,0.375535,0.963776
gemma3-12b__reasoning_first/test__rag_k5_minilm,section,makassar,1,0,1.0,0.206549,1.0
gemma3-12b__reasoning_first/test__rag_k5_minilm,section,sains,3,0,1.0,0.438503,1.0
gemma3-12b__reasoning_first/test__rag_k5_minilm,section,go,1,1,1.0,0.206549,1.0
gemma3-12b__reasoning_first/test__rag_k5_minilm,section,militer,2,0,1.0,0.34238,1.0
gemma3-12b__reasoning_first/test__rag_k5_minilm,section,life,2,0,1.0,0.34238,1.0
gemma3-12b__reasoning_first/test__rag_k5_nolabels,host,kompas.com,34,0,0.970588,0.850844,0.994789
gemma3-12b__reasoning_first/test__rag_k5_nolabels,host,thestar.com,330,178,0.99697,0.983037,0.999465
gemma3-12b__reasoning_first/test__rag_k5_nolabels,host,biz.kompas.com,192,192,1.0,0.980385,1.0
gemma3-12b__reasoning_first/test__rag_k5_nolabels,host,sport.tempo.co,9,0,1.0,0.700855,1.0
gemma3-12b__reasoning_first/test__rag_k5_nolabels,host,tekno.tempo.co,7,2,0.857143,0.486872,0.97432
gemma3-12b__reasoning_first/test__rag_k5_nolabels,host,viva.co.id,159,100,0.962264,0.920126,0.982593
gemma3-12b__reasoning_first/test__rag_k5_nolabels,host,lifestyle.sindonews.com,21,2,0.952381,0.773306,0.991544
gemma3-12b__reasoning_first/test__rag_k5_nolabels,host,oto.detik.com,5,1,1.0,0.565518,1.0
gemma3-12b__reasoning_first/test__rag_k5_nolabels,host,otomotif.tempo.co,6,0,0.833333,0.436497,0.969947
gemma3-12b__reasoning_first/test__rag_k5_nolabels,host,tekno.sindonews.com,20,9,0.8,0.583983,0.919342
gemma3-12b__reasoning_first/test__rag_k5_nolabels,host,metro.tempo.co,3,0,1.0,0.438503,1.0
gemma3-12b__reasoning_first/test__rag_k5_nolabels,host,bola.tempo.co,5,0,1.0,0.565518,1.0
gemma3-12b__reasoning_first/test__rag_k5_nolabels,host,sports.sindonews.com,2,2,0.5,0.094531,0.905469
gemma3-12b__reasoning_first/test__rag_k5_nolabels,host,health.detik.com,6,1,0.833333,0.436497,0.969947
gemma3-12b__reasoning_first/test__rag_k5_nolabels,host,bisnis.tempo.co,9,0,0.888889,0.565,0.980109
gemma3-12b__reasoning_first/test__rag_k5_nolabels,host,health.kompas.com,9,0,1.0,0.700855,1.0
gemma3-12b__reasoning_first/test__rag_k5_nolabels,host,megapolitan.kompas.com,6,0,1.0,0.609666,1.0
gemma3-12b__reasoning_first/test__rag_k5_nolabels,host,nasional.sindonews.com,16,14,0.875,0.639772,0.965023
gemma3-12b__reasoning_first/test__rag_k5_nolabels,host,lifestyle.kompas.com,9,0,1.0,0.700855,1.0
gemma3-12b__reasoning_first/test__rag_k5_nolabels,host,inet.detik.com,7,2,0.857143,0.486872,0.97432
gemma3-12b__reasoning_first/test__rag_k5_nolabels,host,news.detik.com,9,2,1.0,0.700855,1.0
gemma3-12b__reasoning_first/test__rag_k5_nolabels,host,otomotif.kompas.com,12,1,0.916667,0.64612,0.985135
gemma3-12b__reasoning_first/test__rag_k5_nolabels,host,otomotif.sindonews.com,9,5,1.0,0.700855,1.0
gemma3-12b__reasoning_first/test__rag_k5_nolabels,host,money.kompas.com,4,0,1.0,0.510109,1.0
gemma3-12b__reasoning_first/test__rag_k5_nolabels,host,edukasi.sindonews.com,6,2,1.0,0.609666,1.0
gemma3-12b__reasoning_first/test__rag_k5_nolabels,host,surabaya.kompas.com,1,0,1.0,0.206549,1.0
gemma3-12b__reasoning_first/test__rag_k5_nolabels,host,travel.tempo.co,12,0,1.0,0.757506,1.0
gemma3-12b__reasoning_first/test__rag_k5_nolabels,host,food.detik.com,17,2,0.941176,0.73018,0.98954
gemma3-12b__reasoning_first/test__rag_k5_nolabels,host,daerah.sindonews.com,4,0,0.5,0.150039,0.849961
gemma3-12b__reasoning_first/test__rag_k5_nolabels,host,gaya.tempo.co,12,0,1.0,0.757506,1.0
gemma3-12b__reasoning_first/test__rag_k5_nolabels,host,finance.detik.com,13,2,0.923077,0.66686,0.98629
gemma3-12b__reasoning_first/test__rag_k5_nolabels,host,dunia.tempo.co,3,0,1.0,0.438503,1.0
gemma3-12b__reasoning_first/test__rag_k5_nolabels,host,seleb.tempo.co,4,0,1.0,0.510109,1.0
gemma3-12b__reasoning_first/test__rag_k5_nolabels,host,sport.detik.com,6,0,1.0,0.609666,1.0
gemma3-12b__reasoning_first/test__rag_k5_nolabels,host,wolipop.detik.com,5,0,1.0,0.565518,1.0
gemma3-12b__reasoning_first/test__rag_k5_nolabels,host,ekbis.sindonews.com,5,1,1.0,0.565518,1.0
gemma3-12b__reasoning_first/test__rag_k5_nolabels,host,tekno.kompas.com,2,1,1.0,0.34238,1.0
gemma3-12b__reasoning_first/test__rag_k5_nolabels,host,nasional.kompas.com,4,0,1.0,0.510109,1.0
gemma3-12b__reasoning_first/test__rag_k5_nolabels,host,regional.kompas.com,3,0,1.0,0.438503,1.0
gemma3-12b__reasoning_first/test__rag_k5_nolabels,host,international.sindonews.com,3,0,1.0,0.438503,1.0
gemma3-12b__reasoning_first/test__rag_k5_nolabels,host,hot.detik.com,5,1,0.8,0.375535,0.963776
gemma3-12b__reasoning_first/test__rag_k5_nolabels,host,makassar.kompas.com,1,0,1.0,0.206549,1.0
gemma3-12b__reasoning_first/test__rag_k5_nolabels,host,sains.sindonews.com,3,0,1.0,0.438503,1.0
gemma3-12b__reasoning_first/test__rag_k5_nolabels,host,go.kompas.com,1,1,1.0,0.206549,1.0
gemma3-12b__reasoning_first/test__rag_k5_nolabels,host,bola.kompas.com,1,0,1.0,0.206549,1.0
gemma3-12b__reasoning_first/test__rag_k5_nolabels,section,global,5,0,1.0,0.565518,1.0
gemma3-12b__reasoning_first/test__rag_k5_nolabels,section,skola,7,0,0.857143,0.486872,0.97432
gemma3-12b__reasoning_first/test__rag_k5_nolabels,section,sports,74,2,0.986486,0.927346,0.997611
gemma3-12b__reasoning_first/test__rag_k5_nolabels,section,biz,192,192,1.0,0.980385,1.0
gemma3-12b__reasoning_first/test__rag_k5_nolabels,section,sport,18,0,1.0,0.824121,1.0
gemma3-12b__reasoning_first/test__rag_k5_nolabels,section,tekno,29,12,0.827586,0.654516,0.924021
gemma3-12b__reasoning_first/test__rag_k5_nolabels,section,homey,3,0,1.0,0.438503,1.0
gemma3-12b__reasoning_first/test__rag_k5_nolabels,section,tren,4,0,1.0,0.510109,1.0
gemma3-12b__reasoning_first/test__rag_k5_nolabels,section,siaran-pers,95,95,0.989474,0.942761,0.998139
gemma3-12b__reasoning_first/test__rag_k5_nolabels,section,lifestyle,30,2,0.966667,0.833296,0.994091
gemma3-12b__reasoning_first/test__rag_k5_nolabels,section,news,66,2,1.0,0.944997,1.0
gemma3-12b__reasoning_first/test__rag_k5_nolabels,section,globenewswire,178,178,1.0,0.978875,1.0
gemma3-12b__reasoning_first/test__rag_k5_nolabels,section,oto,5,1,1.0,0.565518,1.0
gemma3-12b__reasoning_first/test__rag_k5_nolabels,section,otomotif,28,6,0.928571,0.773546,0.980188
gemma3-12b__reasoning_first/test__rag_k5_nolabels,section,entertainment,4,0,1.0,0.510109,1.0
gemma3-12b__reasoning_first/test__rag_k5_nolabels,section,metro,3,0,1.0,0.438503,1.0
gemma3-12b__reasoning_first/test__rag_k5_nolabels,section,bola,13,0,1.0,0.771905,1.0
gemma3-12b__reasoning_first/test__rag_k5_nolabels,section,health,15,1,0.933333,0.701835,0.988133
gemma3-12b__reasoning_first/test__rag_k5_nolabels,section,bisnis,9,0,0.888889,0.565,0.980109
gemma3-12b__reasoning_first/test__rag_k5_nolabels,section,business,11,0,0.909091,0.622642,0.983768
gemma3-12b__reasoning_first/test__rag_k5_nolabels,section,digital,9,4,0.888889,0.565,0.980109
gemma3-12b__reasoning_first/test__rag_k5_nolabels,section,megapolitan,6,0,1.0,0.609666,1.0
gemma3-12b__reasoning_first/test__rag_k5_nolabels,section,edukasi,12,2,1.0,0.757506,1.0
gemma3-12b__reasoning_first/test__rag_k5_nolabels,section,nasional,20,14,0.9,0.698966,0.972134
gemma3-12b__reasoning_first/test__rag_k5_nolabels,section,inet,7,2,0.857143,0.486872,0.97432
gemma3-12b__reasoning_first/test__rag_k5_nolabels,section,money,4,0,1.0,0.510109,1.0
gemma3-12b__reasoning_first/test__rag_k5_nolabels,section,surabaya,1,0,1.0,0.206549,1.0
gemma3-12b__reasoning_first/test__rag_k5_nolabels,section,travel,12,0,1.0,0.757506,1.0
gemma3-12b__reasoning_first/test__rag_k5_nolabels,section,food,24,2,0.958333,0.797582,0.992607
gemma3-12b__reasoning_first/test__rag_k5_nolabels,section,daerah,4,0,0.5,0.150039,0.849961
gemma3-12b__reasoning_first/test__rag_k5_nolabels,section,gaya,12,0,1.0,0.757506,1.0
gemma3-12b__reasoning_first/test__rag_k5_nolabels,section,showbiz,12,0,1.0,0.757506,1.0
gemma3-12b__reasoning_first/test__rag_k5_nolabels,section,berita,9,0,0.777778,0.452589,0.936775
gemma3-12b__reasoning_first/test__rag_k5_nolabels,section,properti,6,0,1.0,0.609666,1.0
gemma3-12b__reasoning_first/test__rag_k5_nolabels,section,finance,13,2,0.923077,0.66686,0.98629
gemma3-12b__reasoning_first/test__rag_k5_nolabels,section,trending,3,0,1.0,0.438503,1.0
gemma3-12b__reasoning_first/test__rag_k5_nolabels,section,dunia,3,0,1.0,0.438503,1.0
gemma3-12b__reasoning_first/test__rag_k5_nolabels,section,seleb,4,0,1.0,0.510109,1.0
gemma3-12b__reasoning_first/test__rag_k5_nolabels,section,wolipop,5,0,1.0,0.565518,1.0
gemma3-12b__reasoning_first/test__rag_k5_nolabels,section,ekbis,5,1,1.0,0.565518,1.0
gemma3-12b__reasoning_first/test__rag_k5_nolabels,section,politics,7,0,1.0,0.64567,1.0
gemma3-12b__reasoning_first/test__rag_k5_nolabels,section,opinion,1,0,1.0,0.206549,1.0
gemma3-12b__reasoning_first/test__rag_k5_nolabels,section,gaya-hidup,8,1,0.75,0.409275,0.928521
gemma3-12b__reasoning_first/test__rag_k5_nolabels,section,regional,3,0,1.0,0.438503,1.0
gemma3-12b__reasoning_first/test__rag_k5_nolabels,section,ragam,4,0,1.0,0.510109,1.0
gemma3-12b__reasoning_first/test__rag_k5_nolabels,section,international,3,0,1.0,0.438503,1.0
gemma3-12b__reasoning_first/test__rag_k5_nolabels,section,hot,5,1,0.8,0.375535,0.963776
gemma3-12b__reasoning_first/test__rag_k5_nolabels,section,makassar,1,0,1.0,0.206549,1.0
gemma3-12b__reasoning_first/test__rag_k5_nolabels,section,sains,3,0,1.0,0.438503,1.0
gemma3-12b__reasoning_first/test__rag_k5_nolabels,section,go,1,1,1.0,0.206549,1.0
gemma3-12b__reasoning_first/test__rag_k5_nolabels,section,militer,2,0,1.0,0.34238,1.0
gemma3-12b__reasoning_first/test__rag_k5_nolabels,section,life,2,0,1.0,0.34238,1.0
gemma3-12b__reasoning_first/test__rag_k5_notext,host,kompas.com,34,0,1.0,0.898485,1.0
gemma3-12b__reasoning_first/test__rag_k5_notext,host,thestar.com,330,178,0.99697,0.983037,0.999465
gemma3-12b__reasoning_first/test__rag_k5_notext,host,biz.kompas.com,192,192,0.994792,0.971093,0.99908
gemma3-12b__reasoning_first/test__rag_k5_notext,host,sport.tempo.co,9,0,1.0,0.700855,1.0
gemma3-12b__reasoning_first/test__rag_k5_notext,host,tekno.tempo.co,7,2,0.857143,0.486872,0.97432
gemma3-12b__reasoning_first/test__rag_k5_notext,host,viva.co.id,159,100,0.955975,0.911924,0.978513
gemma3-12b__reasoning_first/test__rag_k5_notext,host,lifestyle.sindonews.com,21,2,0.952381,0.773306,0.991544
gemma3-12b__reasoning_first/test__rag_k5_notext,host,oto.detik.com,5,1,1.0,0.565518,1.0
gemma3-12b__reasoning_first/test__rag_k5_notext,host,otomotif.tempo.co,6,0,0.833333,0.436497,0.969947
gemma3-12b__reasoning_first/test__rag_k5_notext,host,tekno.sindonews.com,20,9,0.85,0.639581,0.947631
gemma3-12b__reasoning_first/test__rag_k5_notext,host,metro.tempo.co,3,0,1.0,0.438503,1.0
gemma3-12b__reasoning_first/test__rag_k5_notext,host,bola.tempo.co,5,0,1.0,0.565518,1.0
gemma3-12b__reasoning_first/test__rag_k5_notext,host,sports.sindonews.com,2,2,0.5,0.094531,0.905469
gemma3-12b__reasoning_first/test__rag_k5_notext,host,health.detik.com,6,1,0.833333,0.436497,0.969947
gemma3-12b__reasoning_first/test__rag_k5_notext,host,bisnis.tempo.co,9,0,1.0,0.700855,1.0
gemma3-12b__reasoning_first/test__rag_k5_notext,host,health.kompas.com,9,0,1.0,0.700855,1.0
gemma3-12b__reasoning_first/test__rag_k5_notext,host,megapolitan.kompas.com,6,0,1.0,0.609666,1.0
gemma3-12b__reasoning_first/test__rag_k5_notext,host,nasional.sindonews.com,16,14,0.875,0.639772,0.965023
gemma3-12b__reasoning_first/test__rag_k5_notext,host,lifestyle.kompas.com,9,0,1.0,0.700855,1.0
gemma3-12b__reasoning_first/test__rag_k5_notext,host,inet.detik.com,7,2,0.857143,0.486872,0.97432
gemma3-12b__reasoning_first/test__rag_k5_notext,host,news.detik.com,9,2,1.0,0.700855,1.0
gemma3-12b__reasoning_first/test__rag_k5_notext,host,otomotif.kompas.com,12,1,0.833333,0.551969,0.953035
gemma3-12b__reasoning_first/test__rag_k5_notext,host,otomotif.sindonews.com,9,5,1.0,0.700855,1.0
gemma3-12b__reasoning_first/test__rag_k5_notext,host,money.kompas.com,4,0,1.0,0.510109,1.0
gemma3-12b__reasoning_first/test__rag_k5_notext,host,edukasi.sindonews.com,6,2,1.0,0.609666,1.0
gemma3-12b__reasoning_first/test__rag_k5_notext,host,surabaya.kompas.com,1,0,1.0,0.206549,1.0
gemma3-12b__reasoning_first/test__rag_k5_notext,host,travel.tempo.co,12,0,1.0,0.757506,1.0
gemma3-12b__reasoning_first/test__rag_k5_notext,host,food.detik.com,17,2,0.941176,0.73018,0.98954
gemma3-12b__reasoning_first/test__rag_k5_notext,host,daerah.sindonews.com,4,0,0.5,0.150039,0.849961
gemma3-12b__reasoning_first/test__rag_k5_notext,host,gaya.tempo.co,12,0,1.0,0.757506,1.0
gemma3-12b__reasoning_first/test__rag_k5_notext,host,finance.detik.com,13,2,0.846154,0.577654,0.956742
gemma3-12b__reasoning_first/test__rag_k5_notext,host,dunia.tempo.co,3,0,1.0,0.438503,1.0
gemma3-12b__reasoning_first/test__rag_k5_notext,host,seleb.tempo.co,4,0,1.0,0.510109,1.0
gemma3-12b__reasoning_first/test__rag_k5_notext,host,sport.detik.com,6,0,1.0,0.609666,1.0
gemma3-12b__reasoning_first/test__rag_k5_notext,host,wolipop.detik.com,5,0,1.0,0.565518,1.0
gemma3-12b__reasoning_first/test__rag_k5_notext,host,ekbis.sindonews.com,5,1,0.8,0.375535,0.963776
gemma3-12b__reasoning_first/test__rag_k5_notext,host,tekno.kompas.com,2,1,1.0,0.34238,1.0
gemma3-12b__reasoning_first/test__rag_k5_notext,host,nasional.kompas.com,4,0,1.0,0.510109,1.0
gemma3-12b__reasoning_first/test__rag_k5_notext,host,regional.kompas.com,3,0,1.0,0.438503,1.0
gemma3-12b__reasoning_first/test__rag_k5_notext,host,international.sindonews.com,3,0,1.0,0.438503,1.0
gemma3-12b__reasoning_first/test__rag_k5_notext,host,hot.detik.com,5,1,0.8,0.375535,0.963776
gemma3-12b__reasoning_first/test__rag_k5_notext,host,makassar.kompas.com,1,0,1.0,0.206549,1.0
gemma3-12b__reasoning_first/test__rag_k5_notext,host,sains.sindonews.com,3,0,1.0,0.438503,1.0
gemma3-12b__reasoning_first/test__rag_k5_notext,host,go.kompas.com,1,1,1.0,0.206549,1.0
gemma3-12b__reasoning_first/test__rag_k5_notext,host,bola.kompas.com,1,0,1.0,0.206549,1.0
gemma3-12b__reasoning_first/test__rag_k5_notext,section,global,5,0,1.0,0.565518,1.0
gemma3-12b__reasoning_first/test__rag_k5_notext,section,skola,7,0,1.0,0.64567,1.0
gemma3-12b__reasoning_first/test__rag_k5_notext,section,sports,74,2,0.986486,0.927346,0.997611
gemma3-12b__reasoning_first/test__rag_k5_notext,section,biz,192,192,0.994792,0.971093,0.99908
gemma3-12b__reasoning_first/test__rag_k5_notext,section,sport,18,0,1.0,0.824121,1.0
gemma3-12b__reasoning_first/test__rag_k5_notext,section,tekno,29,12,0.862069,0.69441,0.945026
gemma3-12b__reasoning_first/test__rag_k5_notext,section,homey,3,0,1.0,0.438503,1.0
gemma3-12b__reasoning_first/test__rag_k5_notext,section,tren,4,0,1.0,0.510109,1.0
gemma3-12b__reasoning_first/test__rag_k5_notext,section,siaran-pers,95,95,0.978947,0.926459,0.994207
gemma3-12b__reasoning_first/test__rag_k5_notext,section,lifestyle,30,2,0.966667,0.833296,0.994091
gemma3-12b__reasoning_first/test__rag_k5_notext,section,news,66,2,1.0,0.944997,1.0
gemma3-12b__reasoning_first/test__rag_k5_notext,section,globenewswire,178,178,1.0,0.978875,1.0
gemma3-12b__reasoning_first/test__rag_k5_notext,section,oto,5,1,1.0,0.565518,1.0
gemma3-12b__reasoning_first/test__rag_k5_notext,section,otomotif,28,6,0.892857,0.728041,0.962882
gemma3-12b__reasoning_first/test__rag_k5_notext,section,entertainment,4,0,1.0,0.510109,1.0
gemma3-12b__reasoning_first/test__rag_k5_notext,section,metro,3,0,1.0,0.438503,1.0
gemma3-12b__reasoning_first/test__rag_k5_notext,section,bola,13,0,1.0,0.771905,1.0
gemma3-12b__reasoning_first/test__rag_k5_notext,section,health,15,1,0.933333,0.701835,0.988133
gemma3-12b__reasoning_first/test__rag_k5_notext,section,bisnis,9,0,1.0,0.700855,1.0
gemma3-12b__reasoning_first/test__rag_k5_notext,section,business,11,0,0.909091,0.622642,0.983768
gemma3-12b__reasoning_first/test__rag_k5_notext,section,digital,9,4,0.888889,0.565,0.980109
gemma3-12b__reasoning_first/test__rag_k5_notext,section,megapolitan,6,0,1.0,0.609666,1.0
gemma3-12b__reasoning_first/test__rag_k5_notext,section,edukasi,12,2,1.0,0.757506,1.0
gemma3-12b__reasoning_first/test__rag_k5_notext,section,nasional,20,14,0.9,0.698966,0.972134
gemma3-12b__reasoning_first/test__rag_k5_notext,section,inet,7,2,0.857143,0.486872,0.97432
gemma3-12b__reasoning_first/test__rag_k5_notext,section,money,4,0,1.0,0.510109,1.0
gemma3-12b__reasoning_first/test__rag_k5_notext,section,surabaya,1,0,1.0,0.206549,1.0
gemma3-12b__reasoning_first/test__rag_k5_notext,section,travel,12,0,1.0,0.757506,1.0
gemma3-12b__reasoning_first/test__rag_k5_notext,section,food,24,2,0.958333,0.797582,0.992607
gemma3-12b__reasoning_first/test__rag_k5_notext,section,daerah,4,0,0.5,0.150039,0.849961
gemma3-12b__reasoning_first/test__rag_k5_notext,section,gaya,12,0,1.0,0.757506,1.0
gemma3-12b__reasoning_first/test__rag_k5_notext,section,showbiz,12,0,1.0,0.757506,1.0
gemma3-12b__reasoning_first/test__rag_k5_notext,section,berita,9,0,0.777778,0.452589,0.936775
gemma3-12b__reasoning_first/test__rag_k5_notext,section,properti,6,0,1.0,0.609666,1.0
gemma3-12b__reasoning_first/test__rag_k5_notext,section,finance,13,2,0.846154,0.577654,0.956742
gemma3-12b__reasoning_first/test__rag_k5_notext,section,trending,3,0,1.0,0.438503,1.0
gemma3-12b__reasoning_first/test__rag_k5_notext,section,dunia,3,0,1.0,0.438503,1.0
gemma3-12b__reasoning_first/test__rag_k5_notext,section,seleb,4,0,1.0,0.510109,1.0
gemma3-12b__reasoning_first/test__rag_k5_notext,section,wolipop,5,0,1.0,0.565518,1.0
gemma3-12b__reasoning_first/test__rag_k5_notext,section,ekbis,5,1,0.8,0.375535,0.963776
gemma3-12b__reasoning_first/test__rag_k5_notext,section,politics,7,0,1.0,0.64567,1.0
gemma3-12b__reasoning_first/test__rag_k5_notext,section,opinion,1,0,1.0,0.206549,1.0
gemma3-12b__reasoning_first/test__rag_k5_notext,section,gaya-hidup,8,1,0.75,0.409275,0.928521
gemma3-12b__reasoning_first/test__rag_k5_notext,section,regional,3,0,1.0,0.438503,1.0
gemma3-12b__reasoning_first/test__rag_k5_notext,section,ragam,4,0,1.0,0.510109,1.0
gemma3-12b__reasoning_first/test__rag_k5_notext,section,international,3,0,1.0,0.438503,1.0
gemma3-12b__reasoning_first/test__rag_k5_notext,section,hot,5,1,0.8,0.375535,0.963776
gemma3-12b__reasoning_first/test__rag_k5_notext,section,makassar,1,0,1.0,0.206549,1.0
gemma3-12b__reasoning_first/test__rag_k5_notext,section,sains,3,0,1.0,0.438503,1.0
gemma3-12b__reasoning_first/test__rag_k5_notext,section,go,1,1,1.0,0.206549,1.0
gemma3-12b__reasoning_first/test__rag_k5_notext,section,militer,2,0,1.0,0.34238,1.0
gemma3-12b__reasoning_first/test__rag_k5_notext,section,life,2,0,1.0,0.34238,1.0
gemma3-12b__reasoning_first/test__rag_k5_random,host,kompas.com,34,0,1.0,0.898485,1.0
gemma3-12b__reasoning_first/test__rag_k5_random,host,thestar.com,330,178,0.99697,0.983037,0.999465
gemma3-12b__reasoning_first/test__rag_k5_random,host,biz.kompas.com,192,192,1.0,0.980385,1.0
gemma3-12b__reasoning_first/test__rag_k5_random,host,sport.tempo.co,9,0,1.0,0.700855,1.0
gemma3-12b__reasoning_first/test__rag_k5_random,host,tekno.tempo.co,7,2,0.857143,0.486872,0.97432
gemma3-12b__reasoning_first/test__rag_k5_random,host,viva.co.id,159,100,0.955975,0.911924,0.978513
gemma3-12b__reasoning_first/test__rag_k5_random,host,lifestyle.sindonews.com,21,2,1.0,0.845361,1.0
gemma3-12b__reasoning_first/test__rag_k5_random,host,oto.detik.com,5,1,0.8,0.375535,0.963776
gemma3-12b__reasoning_first/test__rag_k5_random,host,otomotif.tempo.co,6,0,0.833333,0.436497,0.969947
gemma3-12b__reasoning_first/test__rag_k5_random,host,tekno.sindonews.com,20,9,0.9,0.698966,0.972134
gemma3-12b__reasoning_first/test__rag_k5_random,host,metro.tempo.co,3,0,1.0,0.438503,1.0
gemma3-12b__reasoning_first/test__rag_k5_random,host,bola.tempo.co,5,0,1.0,0.565518,1.0
gemma3-12b__reasoning_first/test__rag_k5_random,host,sports.sindonews.com,2,2,0.5,0.094531,0.905469
gemma3-12b__reasoning_first/test__rag_k5_random,host,health.detik.com,6,1,0.833333,0.436497,0.969947
gemma3-12b__reasoning_first/test__rag_k5_random,host,bisnis.tempo.co,9,0,1.0,0.700855,1.0
gemma3-12b__reasoning_first/test__rag_k5_random,host,health.kompas.com,9,0,1.0,0.700855,1.0
gemma3-12b__reasoning_first/test__rag_k5_random,host,megapolitan.kompas.com,6,0,1.0,0.609666,1.0
gemma3-12b__reasoning_first/test__rag_k5_random,host,nasional.sindonews.com,16,14,0.875,0.639772,0.965023
gemma3-12b__reasoning_first/test__rag_k5_random,host,lifestyle.kompas.com,9,0,1.0,0.700855,1.0
gemma3-12b__reasoning_first/test__rag_k5_random,host,inet.detik.com,7,2,0.857143,0.486872,0.97432
gemma3-12b__reasoning_first/test__rag_k5_random,host,news.detik.com,9,2,1.0,0.700855,1.0
gemma3-12b__reasoning_first/test__rag_k5_random,host,otomotif.kompas.com,12,1,0.833333,0.551969,0.953035
gemma3-12b__reasoning_first/test__rag_k5_random,host,otomotif.sindonews.com,9,5,1.0,0.700855,1.0
gemma3-12b__reasoning_first/test__rag_k5_random,host,money.kompas.com,4,0,1.0,0.510109,1.0
gemma3-12b__reasoning_first/test__rag_k5_random,host,edukasi.sindonews.com,6,2,1.0,0.609666,1.0
gemma3-12b__reasoning_first/test__rag_k5_random,host,surabaya.kompas.com,1,0,1.0,0.206549,1.0
gemma3-12b__reasoning_first/test__rag_k5_random,host,travel.tempo.co,12,0,1.0,0.757506,1.0
gemma3-12b__reasoning_first/test__rag_k5_random,host,food.detik.com,17,2,0.941176,0.73018,0.98954
gemma3-12b__reasoning_first/test__rag_k5_random,host,daerah.sindonews.com,4,0,0.75,0.300642,0.954413
gemma3-12b__reasoning_first/test__rag_k5_random,host,gaya.tempo.co,12,0,1.0,0.757506,1.0
gemma3-12b__reasoning_first/test__rag_k5_random,host,finance.detik.com,13,2,0.923077,0.66686,0.98629
gemma3-12b__reasoning_first/test__rag_k5_random,host,dunia.tempo.co,3,0,1.0,0.438503,1.0
gemma3-12b__reasoning_first/test__rag_k5_random,host,seleb.tempo.co,4,0,1.0,0.510109,1.0
gemma3-12b__reasoning_first/test__rag_k5_random,host,sport.detik.com,6,0,1.0,0.609666,1.0
gemma3-12b__reasoning_first/test__rag_k5_random,host,wolipop.detik.com,5,0,1.0,0.565518,1.0
gemma3-12b__reasoning_first/test__rag_k5_random,host,ekbis.sindonews.com,5,1,1.0,0.565518,1.0
gemma3-12b__reasoning_first/test__rag_k5_random,host,tekno.kompas.com,2,1,1.0,0.34238,1.0
gemma3-12b__reasoning_first/test__rag_k5_random,host,nasional.kompas.com,4,0,1.0,0.510109,1.0
gemma3-12b__reasoning_first/test__rag_k5_random,host,regional.kompas.com,3,0,1.0,0.438503,1.0
gemma3-12b__reasoning_first/test__rag_k5_random,host,international.sindonews.com,3,0,1.0,0.438503,1.0
gemma3-12b__reasoning_first/test__rag_k5_random,host,hot.detik.com,5,1,0.8,0.375535,0.963776
gemma3-12b__reasoning_first/test__rag_k5_random,host,makassar.kompas.com,1,0,1.0,0.206549,1.0
gemma3-12b__reasoning_first/test__rag_k5_random,host,sains.sindonews.com,3,0,1.0,0.438503,1.0
gemma3-12b__reasoning_first/test__rag_k5_random,host,go.kompas.com,1,1,1.0,0.206549,1.0
gemma3-12b__reasoning_first/test__rag_k5_random,host,bola.kompas.com,1,0,1.0,0.206549,1.0
gemma3-12b__reasoning_first/test__rag_k5_random,section,global,5,0,1.0,0.565518,1.0
gemma3-12b__reasoning_first/test__rag_k5_random,section,skola,7,0,1.0,0.64567,1.0
gemma3-12b__reasoning_first/test__rag_k5_random,section,sports,74,2,0.986486,0.927346,0.997611
gemma3-12b__reasoning_first/test__rag_k5_random,section,biz,192,192,1.0,0.980385,1.0
gemma3-12b__reasoning_first/test__rag_k5_random,section,sport,18,0,1.0,0.824121,1.0
gemma3-12b__reasoning_first/test__rag_k5_random,section,tekno,29,12,0.896552,0.736149,0.964185
gemma3-12b__reasoning_first/test__rag_k5_random,section,homey,3,0,1.0,0.438503,1.0
gemma3-12b__reasoning_first/test__rag_k5_random,section,tren,4,0,1.0,0.510109,1.0
gemma3-12b__reasoning_first/test__rag_k5_random,section,siaran-pers,95,95,0.978947,0.926459,0.994207
gemma3-12b__reasoning_first/test__rag_k5_random,section,lifestyle,30,2,1.0,0.886487,1.0
gemma3-12b__reasoning_first/test__rag_k5_random,section,news,66,2,1.0,0.944997,1.0
gemma3-12b__reasoning_first/test__rag_k5_random,section,globenewswire,178,178,1.0,0.978875,1.0
gemma3-12b__reasoning_first/test__rag_k5_random,section,oto,5,1,0.8,0.375535,0.963776
gemma3-12b__reasoning_first/test__rag_k5_random,section,otomotif,28,6,0.892857,0.728041,0.962882
gemma3-12b__reasoning_first/test__rag_k5_random,section,entertainment,4,0,1.0,0.510109,1.0
gemma3-12b__reasoning_first/test__rag_k5_random,section,metro,3,0,1.0,0.438503,1.0
gemma3-12b__reasoning_first/test__rag_k5_random,section,bola,13,0,1.0,0.771905,1.0
gemma3-12b__reasoning_first/test__rag_k5_random,section,health,15,1,0.933333,0.701835,0.988133
gemma3-12b__reasoning_first/test__rag_k5_random,section,bisnis,9,0,1.0,0.700855,1.0
gemma3-12b__reasoning_first/test__rag_k5_random,section,business,11,0,0.909091,0.622642,0.983768
gemma3-12b__reasoning_first/test__rag_k5_random,section,digital,9,4,0.777778,0.452589,0.936775
gemma3-12b__reasoning_first/test__rag_k5_random,section,megapolitan,6,0,1.0,0.609666,1.0
gemma3-12b__reasoning_first/test__rag_k5_random,section,edukasi,12,2,1.0,0.757506,1.0
gemma3-12b__reasoning_first/test__rag_k5_random,section,nasional,20,14,0.9,0.698966,0.972134
gemma3-12b__reasoning_first/test__rag_k5_random,section,inet,7,2,0.857143,0.486872,0.97432
gemma3-12b__reasoning_first/test__rag_k5_random,section,money,4,0,1.0,0.510109,1.0
gemma3-12b__reasoning_first/test__rag_k5_random,section,surabaya,1,0,1.0,0.206549,1.0
gemma3-12b__reasoning_first/test__rag_k5_random,section,travel,12,0,1.0,0.757506,1.0
gemma3-12b__reasoning_first/test__rag_k5_random,section,food,24,2,0.958333,0.797582,0.992607
gemma3-12b__reasoning_first/test__rag_k5_random,section,daerah,4,0,0.75,0.300642,0.954413
gemma3-12b__reasoning_first/test__rag_k5_random,section,gaya,12,0,1.0,0.757506,1.0
gemma3-12b__reasoning_first/test__rag_k5_random,section,showbiz,12,0,1.0,0.757506,1.0
gemma3-12b__reasoning_first/test__rag_k5_random,section,berita,9,0,0.888889,0.565,0.980109
gemma3-12b__reasoning_first/test__rag_k5_random,section,properti,6,0,1.0,0.609666,1.0
gemma3-12b__reasoning_first/test__rag_k5_random,section,finance,13,2,0.923077,0.66686,0.98629
gemma3-12b__reasoning_first/test__rag_k5_random,section,trending,3,0,1.0,0.438503,1.0
gemma3-12b__reasoning_first/test__rag_k5_random,section,dunia,3,0,1.0,0.438503,1.0
gemma3-12b__reasoning_first/test__rag_k5_random,section,seleb,4,0,1.0,0.510109,1.0
gemma3-12b__reasoning_first/test__rag_k5_random,section,wolipop,5,0,1.0,0.565518,1.0
gemma3-12b__reasoning_first/test__rag_k5_random,section,ekbis,5,1,1.0,0.565518,1.0
gemma3-12b__reasoning_first/test__rag_k5_random,section,politics,7,0,1.0,0.64567,1.0
gemma3-12b__reasoning_first/test__rag_k5_random,section,opinion,1,0,1.0,0.206549,1.0
gemma3-12b__reasoning_first/test__rag_k5_random,section,gaya-hidup,8,1,0.75,0.409275,0.928521
gemma3-12b__reasoning_first/test__rag_k5_random,section,regional,3,0,1.0,0.438503,1.0
gemma3-12b__reasoning_first/test__rag_k5_random,section,ragam,4,0,1.0,0.510109,1.0
gemma3-12b__reasoning_first/test__rag_k5_random,section,international,3,0,1.0,0.438503,1.0
gemma3-12b__reasoning_first/test__rag_k5_random,section,hot,5,1,0.8,0.375535,0.963776
gemma3-12b__reasoning_first/test__rag_k5_random,section,makassar,1,0,1.0,0.206549,1.0
gemma3-12b__reasoning_first/test__rag_k5_random,section,sains,3,0,1.0,0.438503,1.0
gemma3-12b__reasoning_first/test__rag_k5_random,section,go,1,1,1.0,0.206549,1.0
gemma3-12b__reasoning_first/test__rag_k5_random,section,militer,2,0,1.0,0.34238,1.0
gemma3-12b__reasoning_first/test__rag_k5_random,section,life,2,0,1.0,0.34238,1.0
gemma3-1b__reasoning_first/test__norag,host,kompas.com,79,1,0.936709,0.860251,0.972665
gemma3-1b__reasoning_first/test__norag,host,thestar.com,717,364,0.986053,0.974519,0.992407
gemma3-1b__reasoning_first/test__norag,host,biz.kompas.com,420,420,0.997619,0.986638,0.99958
gemma3-1b__reasoning_first/test__norag,host,sport.tempo.co,14,0,1.0,0.784689,1.0
gemma3-1b__reasoning_first/test__norag,host,tekno.tempo.co,19,2,0.894737,0.686059,0.970641
gemma3-1b__reasoning_first/test__norag,host,viva.co.id,292,177,0.880137,0.837862,0.91254
gemma3-1b__reasoning_first/test__norag,host,lifestyle.sindonews.com,41,4,0.829268,0.687374,0.914747
gemma3-1b__reasoning_first/test__norag,host,oto.detik.com,11,4,0.818182,0.523019,0.948632
gemma3-1b__reasoning_first/test__norag,host,otomotif.tempo.co,13,0,0.923077,0.66686,0.98629
gemma3-1b__reasoning_first/test__norag,host,tekno.sindonews.com,42,19,0.809524,0.666992,0.90018
gemma3-1b__reasoning_first/test__norag,host,metro.tempo.co,7,0,1.0,0.64567,1.0
gemma3-1b__reasoning_first/test__norag,host,bola.tempo.co,10,0,1.0,0.722467,1.0
gemma3-1b__reasoning_first/test__norag,host,sports.sindonews.com,9,9,0.777778,0.452589,0.936775
gemma3-1b__reasoning_first/test__norag,host,health.detik.com,11,1,0.818182,0.523019,0.948632
gemma3-1b__reasoning_first/test__norag,host,bisnis.tempo.co,15,2,0.733333,0.480496,0.891025
gemma3-1b__reasoning_first/test__norag,host,health.kompas.com,21,0,0.904762,0.710859,0.973481
gemma3-1b__reasoning_first/test__norag,host,megapolitan.kompas.com,12,0,0.916667,0.64612,0.985135
gemma3-1b__reasoning_first/test__norag,host,nasional.sindonews.com,38,30,0.815789,0.665811,0.907782
gemma3-1b__reasoning_first/test__norag,host,lifestyle.kompas.com,18,1,0.944444,0.742427,0.990125
gemma3-1b__reasoning_first/test__norag,host,inet.detik.com,26,6,0.923077,0.758584,0.978645
gemma3-1b__reasoning_first/test__norag,host,news.detik.com,29,6,0.896552,0.736149,0.964185
gemma3-1b__reasoning_first/test__norag,host,otomotif.kompas.com,21,5,0.714286,0.500436,0.861861
gemma3-1b__reasoning_first/test__norag,host,otomotif.sindonews.com,18,6,1.0,0.824121,1.0
gemma3-1b__reasoning_first/test__norag,host,money.kompas.com,8,0,0.375,0.136844,0.694258
gemma3-1b__reasoning_first/test__norag,host,edukasi.sindonews.com,23,8,0.826087,0.628624,0.930213
gemma3-1b__reasoning_first/test__norag,host,surabaya.kompas.com,1,0,1.0,0.206549,1.0
gemma3-1b__reasoning_first/test__norag,host,travel.tempo.co,21,1,0.857143,0.653639,0.95019
gemma3-1b__reasoning_first/test__norag,host,food.detik.com,31,2,0.935484,0.792814,0.982125
gemma3-1b__reasoning_first/test__norag,host,daerah.sindonews.com,12,0,0.5,0.253782,0.746218
gemma3-1b__reasoning_first/test__norag,host,gaya.tempo.co,23,0,0.869565,0.678725,0.954623
gemma3-1b__reasoning_first/test__norag,host,finance.detik.com,35,8,0.657143,0.491519,0.791683
gemma3-1b__reasoning_first/test__norag,host,dunia.tempo.co,7,0,1.0,0.64567,1.0
gemma3-1b__reasoning_first/test__norag,host,seleb.tempo.co,11,0,1.0,0.741167,1.0
gemma3-1b__reasoning_first/test__norag,host,sport.detik.com,20,0,0.95,0.763869,0.991119
gemma3-1b__reasoning_first/test__norag,host,wolipop.detik.com,10,0,0.9,0.59585,0.982124
gemma3-1b__reasoning_first/test__norag,host,ekbis.sindonews.com,13,2,0.769231,0.497436,0.918205
gemma3-1b__reasoning_first/test__norag,host,tekno.kompas.com,6,1,1.0,0.609666,1.0
gemma3-1b__reasoning_first/test__norag,host,nasional.kompas.com,7,0,0.714286,0.358934,0.917781
gemma3-1b__reasoning_first/test__norag,host,regional.kompas.com,6,0,1.0,0.609666,1.0
gemma3-1b__reasoning_first/test__norag,host,international.sindonews.com,11,0,0.909091,0.622642,0.983768
gemma3-1b__reasoning_first/test__norag,host,hot.detik.com,17,1,0.941176,0.73018,0.98954
gemma3-1b__reasoning_first/test__norag,host,makassar.kompas.com,1,0,0.0,0.0,0.793451
gemma3-1b__reasoning_first/test__norag,host,sains.sindonews.com,13,0,0.923077,0.66686,0.98629
gemma3-1b__reasoning_first/test__norag,host,go.kompas.com,1,1,1.0,0.206549,1.0
gemma3-1b__reasoning_first/test__norag,host,bola.kompas.com,3,0,1.0,0.438503,1.0
gemma3-1b__reasoning_first/test__norag,host,nasional.tempo.co,1,0,1.0,0.206549,1.0
gemma3-1b__reasoning_first/test__norag,host,bandung.kompas.com,1,0,1.0,0.206549,1.0
gemma3-1b__reasoning_first/test__norag,section,global,13,0,0.923077,0.66686,0.98629
gemma3-1b__reasoning_first/test__norag,section,skola,9,0,1.0,0.700855,1.0
gemma3-1b__reasoning_first/test__norag,section,sports,179,9,0.988827,0.960183,0.996931
gemma3-1b__reasoning_first/test__norag,section,biz,420,420,0.997619,0.986638,0.99958
gemma3-1b__reasoning_first/test__norag,section,sport,40,0,0.975,0.871186,0.995573
gemma3-1b__reasoning_first/test__norag,section,tekno,67,22,0.850746,0.746596,0.916857
gemma3-1b__reasoning_first/test__norag,section,homey,10,1,1.0,0.722467,1.0
gemma3-1b__reasoning_first/test__norag,section,tren,9,0,0.888889,0.565,0.980109
gemma3-1b__reasoning_first/test__norag,section,siaran-pers,170,170,0.970588,0.933006,0.987373
gemma3-1b__reasoning_first/test__norag,section,lifestyle,59,5,0.864407,0.754603,0.929658
gemma3-1b__reasoning_first/test__norag,section,news,158,6,0.981013,0.945669,0.993522
gemma3-1b__reasoning_first/test__norag,section,globenewswire,364,364,1.0,0.989557,1.0
gemma3-1b__reasoning_first/test__norag,section,oto,11,4,0.818182,0.523019,0.948632
gemma3-1b__reasoning_first/test__norag,section,otomotif,55,12,0.872727,0.75983,0.936958
gemma3-1b__reasoning_first/test__norag,section,entertainment,9,0,1.0,0.700855,1.0
gemma3-1b__reasoning_first/test__norag,section,metro,7,0,1.0,0.64567,1.0
gemma3-1b__reasoning_first/test__norag,section,bola,29,0,1.0,0.88303,1.0
gemma3-1b__reasoning_first/test__norag,section,health,32,1,0.875,0.719317,0.950299
gemma3-1b__reasoning_first/test__norag,section,bisnis,15,2,0.733333,0.480496,0.891025
gemma3-1b__reasoning_first/test__norag,section,business,16,0,0.6875,0.444044,0.858354
gemma3-1b__reasoning_first/test__norag,section,digital,17,4,0.411765,0.216111,0.639946
gemma3-1b__reasoning_first/test__norag,section,megapolitan,12,0,0.916667,0.64612,0.985135
gemma3-1b__reasoning_first/test__norag,section,edukasi,33,8,0.727273,0.557824,0.849326
gemma3-1b__reasoning_first/test__norag,section,nasional,46,30,0.804348,0.668287,0.893494
gemma3-1b__reasoning_first/test__norag,section,inet,26,6,0.923077,0.758584,0.978645
gemma3-1b__reasoning_first/test__norag,section,money,8,0,0.375,0.136844,0.694258
gemma3-1b__reasoning_first/test__norag,section,surabaya,1,0,1.0,0.206549,1.0
gemma3-1b__reasoning_first/test__norag,section,travel,21,1,0.857143,0.653639,0.95019
gemma3-1b__reasoning_first/test__norag,section,food,52,2,0.961538,0.870188,0.989388
gemma3-1b__reasoning_first/test__norag,section,daerah,12,0,0.5,0.253782,0.746218
gemma3-1b__reasoning_first/test__norag,section,gaya,23,0,0.869565,0.678725,0.954623
gemma3-1b__reasoning_first/test__norag,section,showbiz,24,1,0.916667,0.741512,0.976841
gemma3-1b__reasoning_first/test__norag,section,berita,13,0,0.538462,0.291438,0.767939
gemma3-1b__reasoning_first/test__norag,section,properti,10,0,0.7,0.396778,0.892209
gemma3-1b__reasoning_first/test__norag,section,finance,35,8,0.657143,0.491519,0.791683
gemma3-1b__reasoning_first/test__norag,section,trending,4,0,1.0,0.510109,1.0
gemma3-1b__reasoning_first/test__norag,section,dunia,7,0,1.0,0.64567,1.0
gemma3-1b__reasoning_first/test__norag,section,seleb,11,0,1.0,0.741167,1.0
gemma3-1b__reasoning_first/test__norag,section,wolipop,10,0,0.9,0.59585,0.982124
gemma3-1b__reasoning_first/test__norag,section,ekbis,13,2,0.769231,0.497436,0.918205
gemma3-1b__reasoning_first/test__norag,section,politics,16,0,1.0,0.806392,1.0
gemma3-1b__reasoning_first/test__norag,section,opinion,9,0,0.777778,0.452589,0.936775
gemma3-1b__reasoning_first/test__norag,section,gaya-hidup,16,1,0.5625,0.331786,0.769013
gemma3-1b__reasoning_first/test__norag,section,regional,6,0,1.0,0.609666,1.0
gemma3-1b__reasoning_first/test__norag,section,ragam,11,0,1.0,0.741167,1.0
gemma3-1b__reasoning_first/test__norag,section,international,11,0,0.909091,0.622642,0.983768
gemma3-1b__reasoning_first/test__norag,section,hot,17,1,0.941176,0.73018,0.98954
gemma3-1b__reasoning_first/test__norag,section,makassar,1,0,0.0,0.0,0.793451
gemma3-1b__reasoning_first/test__norag,section,sains,13,0,0.923077,0.66686,0.98629
gemma3-1b__reasoning_first/test__norag,section,go,1,1,1.0,0.206549,1.0
gemma3-1b__reasoning_first/test__norag,section,militer,2,0,1.0,0.34238,1.0
gemma3-1b__reasoning_first/test__norag,section,life,7,0,0.714286,0.358934,0.917781
gemma3-1b__reasoning_first/test__norag,section,sponsored-sections,1,0,0.0,0.0,0.793451
gemma3-1b__reasoning_first/test__norag,section,badminton,1,0,1.0,0.206549,1.0
gemma3-1b__reasoning_first/test__norag,section,edu,2,0,1.0,0.34238,1.0
gemma3-1b__reasoning_first/test__norag,section,bandung,1,0,1.0,0.206549,1.0
gemma3-1b__reasoning_first/test__rag_k5,host,kompas.com,79,1,0.949367,0.876923,0.980136
gemma3-1b__reasoning_first/test__rag_k5,host,thestar.com,717,364,0.987448,0.976318,0.993382
gemma3-1b__reasoning_first/test__rag_k5,host,biz.kompas.com,420,420,0.995238,0.982806,0.998693
gemma3-1b__reasoning_first/test__rag_k5,host,sport.tempo.co,14,0,1.0,0.784689,1.0
gemma3-1b__reasoning_first/test__rag_k5,host,tekno.tempo.co,19,2,0.894737,0.686059,0.970641
gemma3-1b__reasoning_first/test__rag_k5,host,viva.co.id,292,177,0.890411,0.849387,0.921296
gemma3-1b__reasoning_first/test__rag_k5,host,lifestyle.sindonews.com,41,4,0.902439,0.774523,0.961403
gemma3-1b__reasoning_first/test__rag_k5,host,oto.detik.com,11,4,0.818182,0.523019,0.948632
gemma3-1b__reasoning_first/test__rag_k5,host,otomotif.tempo.co,13,0,0.923077,0.66686,0.98629
gemma3-1b__reasoning_first/test__rag_k5,host,tekno.sindonews.com,42,19,0.809524,0.666992,0.90018
gemma3-1b__reasoning_first/test__rag_k5,host,metro.tempo.co,7,0,1.0,0.64567,1.0
gemma3-1b__reasoning_first/test__rag_k5,host,bola.tempo.co,10,0,1.0,0.722467,1.0
gemma3-1b__reasoning_first/test__rag_k5,host,sports.sindonews.com,9,9,0.777778,0.452589,0.936775
gemma3-1b__reasoning_first/test__rag_k5,host,health.detik.com,11,1,1.0,0.741167,1.0
gemma3-1b__reasoning_first/test__rag_k5,host,bisnis.tempo.co,15,2,0.733333,0.480496,0.891025
gemma3-1b__reasoning_first/test__rag_k5,host,health.kompas.com,21,0,1.0,0.845361,1.0
gemma3-1b__reasoning_first/test__rag_k5,host,megapolitan.kompas.com,12,0,0.916667,0.64612,0.985135
gemma3-1b__reasoning_first/test__rag_k5,host,nasional.sindonews.com,38,30,0.789474,0.636542,0.889252
gemma3-1b__reasoning_first/test__rag_k5,host,lifestyle.kompas.com,18,1,0.944444,0.742427,0.990125
gemma3-1b__reasoning_first/test__rag_k5,host,inet.detik.com,26,6,0.923077,0.758584,0.978645
gemma3-1b__reasoning_first/test__rag_k5,host,news.detik.com,29,6,0.862069,0.69441,0.945026
gemma3-1b__reasoning_first/test__rag_k5,host,otomotif.kompas.com,21,5,0.761905,0.549088,0.89372
gemma3-1b__reasoning_first/test__rag_k5,host,otomotif.sindonews.com,18,6,0.944444,0.742427,0.990125
gemma3-1b__reasoning_first/test__rag_k5,host,money.kompas.com,8,0,0.625,0.305742,0.863156
gemma3-1b__reasoning_first/test__rag_k5,host,edukasi.sindonews.com,23,8,0.869565,0.678725,0.954623
gemma3-1b__reasoning_first/test__rag_k5,host,surabaya.kompas.com,1,0,1.0,0.206549,1.0
gemma3-1b__reasoning_first/test__rag_k5,host,travel.tempo.co,21,1,0.952381,0.773306,0.991544
gemma3-1b__reasoning_first/test__rag_k5,host,food.detik.com,31,2,0.967742,0.838059,0.994283
gemma3-1b__reasoning_first/test__rag_k5,host,daerah.sindonews.com,12,0,0.75,0.467695,0.911058
gemma3-1b__reasoning_first/test__rag_k5,host,gaya.tempo.co,23,0,1.0,0.856883,1.0
gemma3-1b__reasoning_first/test__rag_k5,host,finance.detik.com,35,8,0.657143,0.491519,0.791683
gemma3-1b__reasoning_first/test__rag_k5,host,dunia.tempo.co,7,0,1.0,0.64567,1.0
gemma3-1b__reasoning_first/test__rag_k5,host,seleb.tempo.co,11,0,1.0,0.741167,1.0
gemma3-1b__reasoning_first/test__rag_k5,host,sport.detik.com,20,0,1.0,0.838875,1.0
gemma3-1b__reasoning_first/test__rag_k5,host,wolipop.detik.com,10,0,1.0,0.722467,1.0
gemma3-1b__reasoning_first/test__rag_k5,host,ekbis.sindonews.com,13,2,0.846154,0.577654,0.956742
gemma3-1b__reasoning_first/test__rag_k5,host,tekno.kompas.com,6,1,1.0,0.609666,1.0
gemma3-1b__reasoning_first/test__rag_k5,host,nasional.kompas.com,7,0,0.714286,0.358934,0.917781
gemma3-1b__reasoning_first/test__rag_k5,host,regional.kompas.com,6,0,1.0,0.609666,1.0
gemma3-1b__reasoning_first/test__rag_k5,host,international.sindonews.com,11,0,1.0,0.741167,1.0
gemma3-1b__reasoning_first/test__rag_k5,host,hot.detik.com,17,1,0.941176,0.73018,0.98954
gemma3-1b__reasoning_first/test__rag_k5,host,makassar.kompas.com,1,0,1.0,0.206549,1.0
gemma3-1b__reasoning_first/test__rag_k5,host,sains.sindonews.com,13,0,0.923077,0.66686,0.98629
gemma3-1b__reasoning_first/test__rag_k5,host,go.kompas.com,1,1,1.0,0.206549,1.0
gemma3-1b__reasoning_first/test__rag_k5,host,bola.kompas.com,3,0,1.0,0.438503,1.0
gemma3-1b__reasoning_first/test__rag_k5,host,nasional.tempo.co,1,0,0.0,0.0,0.793451
gemma3-1b__reasoning_first/test__rag_k5,host,bandung.kompas.com,1,0,1.0,0.206549,1.0
gemma3-1b__reasoning_first/test__rag_k5,section,global,13,0,1.0,0.771905,1.0
gemma3-1b__reasoning_first/test__rag_k5,section,skola,9,0,1.0,0.700855,1.0
gemma3-1b__reasoning_first/test__rag_k5,section,sports,179,9,0.988827,0.960183,0.996931
gemma3-1b__reasoning_first/test__rag_k5,section,biz,420,420,0.995238,0.982806,0.998693
gemma3-1b__reasoning_first/test__rag_k5,section,sport,40,0,1.0,0.912378,1.0
gemma3-1b__reasoning_first/test__rag_k5,section,tekno,67,22,0.850746,0.746596,0.916857
gemma3-1b__reasoning_first/test__rag_k5,section,homey,10,1,1.0,0.722467,1.0
gemma3-1b__reasoning_first/test__rag_k5,section,tren,9,0,1.0,0.700855,1.0
gemma3-1b__reasoning_first/test__rag_k5,section,siaran-pers,170,170,0.970588,0.933006,0.987373
gemma3-1b__reasoning_first/test__rag_k5,section,lifestyle,59,5,0.915254,0.816482,0.963258
gemma3-1b__reasoning_first/test__rag_k5,section,news,158,6,0.974684,0.936721,0.990112
gemma3-1b__reasoning_first/test__rag_k5,section,globenewswire,364,364,1.0,0.989557,1.0
gemma3-1b__reasoning_first/test__rag_k5,section,oto,11,4,0.818182,0.523019,0.948632
gemma3-1b__reasoning_first/test__rag_k5,section,otomotif,55,12,0.854545,0.738391,0.924407
gemma3-1b__reasoning_first/test__rag_k5,section,entertainment,9,0,1.0,0.700855,1.0
gemma3-1b__reasoning_first/test__rag_k5,section,metro,7,0,1.0,0.64567,1.0
gemma3-1b__reasoning_first/test__rag_k5,section,bola,29,0,0.965517,0.828245,0.993887
gemma3-1b__reasoning_first/test__rag_k5,section,health,32,1,1.0,0.892821,1.0
gemma3-1b__reasoning_first/test__rag_k5,section,bisnis,15,2,0.733333,0.480496,0.891025
gemma3-1b__reasoning_first/test__rag_k5,section,business,16,0,0.6875,0.444044,0.858354
gemma3-1b__reasoning_first/test__rag_k5,section,digital,17,4,0.470588,0.261651,0.690368
gemma3-1b__reasoning_first/test__rag_k5,section,megapolitan,12,0,0.916667,0.64612,0.985135
gemma3-1b__reasoning_first/test__rag_k5,section,edukasi,33,8,0.787879,0.622484,0.89324
gemma3-1b__reasoning_first/test__rag_k5,section,nasional,46,30,0.76087,0.620649,0.860878
gemma3-1b__reasoning_first/test__rag_k5,section,inet,26,6,0.923077,0.758584,0.978645
gemma3-1b__reasoning_first/test__rag_k5,section,money,8,0,0.625,0.305742,0.863156
gemma3-1b__reasoning_first/test__rag_k5,section,surabaya,1,0,1.0,0.206549,1.0
gemma3-1b__reasoning_first/test__rag_k5,section,travel,21,1,0.952381,0.773306,0.991544
gemma3-1b__reasoning_first/test__rag_k5,section,food,52,2,0.980769,0.898795,0.996597
gemma3-1b__reasoning_first/test__rag_k5,section,daerah,12,0,0.75,0.467695,0.911058
gemma3-1b__reasoning_first/test__rag_k5,section,gaya,23,0,1.0,0.856883,1.0
gemma3-1b__reasoning_first/test__rag_k5,section,showbiz,24,1,0.916667,0.741512,0.976841
gemma3-1b__reasoning_first/test__rag_k5,section,berita,13,0,0.692308,0.423693,0.873193
gemma3-1b__reasoning_first/test__rag_k5,section,properti,10,0,0.7,0.396778,0.892209
gemma3-1b__reasoning_first/test__rag_k5,section,finance,35,8,0.657143,0.491519,0.791683
gemma3-1b__reasoning_first/test__rag_k5,section,trending,4,0,1.0,0.510109,1.0
gemma3-1b__reasoning_first/test__rag_k5,section,dunia,7,0,1.0,0.64567,1.0
gemma3-1b__reasoning_first/test__rag_k5,section,seleb,11,0,1.0,0.741167,1.0
gemma3-1b__reasoning_first/test__rag_k5,section,wolipop,10,0,1.0,0.722467,1.0
gemma3-1b__reasoning_first/test__rag_k5,section,ekbis,13,2,0.846154,0.577654,0.956742
gemma3-1b__reasoning_first/test__rag_k5,section,politics,16,0,1.0,0.806392,1.0
gemma3-1b__reasoning_first/test__rag_k5,section,opinion,9,0,0.777778,0.452589,0.936775
gemma3-1b__reasoning_first/test__rag_k5,section,gaya-hidup,16,1,0.625,0.38641,0.815188
gemma3-1b__reasoning_first/test__rag_k5,section,regional,6,0,1.0,0.609666,1.0
gemma3-1b__reasoning_first/test__rag_k5,section,ragam,11,0,1.0,0.741167,1.0
gemma3-1b__reasoning_first/test__rag_k5,section,international,11,0,1.0,0.741167,1.0
gemma3-1b__reasoning_first/test__rag_k5,section,hot,17,1,0.941176,0.73018,0.98954
gemma3-1b__reasoning_first/test__rag_k5,section,makassar,1,0,1.0,0.206549,1.0
gemma3-1b__reasoning_first/test__rag_k5,section,sains,13,0,0.923077,0.66686,0.98629
gemma3-1b__reasoning_first/test__rag_k5,section,go,1,1,1.0,0.206549,1.0
gemma3-1b__reasoning_first/test__rag_k5,section,militer,2,0,1.0,0.34238,1.0
gemma3-1b__reasoning_first/test__rag_k5,section,life,7,0,0.857143,0.486872,0.97432
gemma3-1b__reasoning_first/test__rag_k5,section,sponsored-sections,1,0,0.0,0.0,0.793451
gemma3-1b__reasoning_first/test__rag_k5,section,badminton,1,0,1.0,0.206549,1.0
gemma3-1b__reasoning_first/test__rag_k5,section,edu,2,0,0.5,0.094531,0.905469
gemma3-1b__reasoning_first/test__rag_k5,section,bandung,1,0,1.0,0.206549,1.0
gemma3-270m__reasoning_first/test__norag,host,kompas.com,79,1,0.936709,0.860251,0.972665
gemma3-270m__reasoning_first/test__norag,host,thestar.com,717,364,0.988842,0.978139,0.994336
gemma3-270m__reasoning_first/test__norag,host,biz.kompas.com,420,420,0.992857,0.979212,0.997568
gemma3-270m__reasoning_first/test__norag,host,sport.tempo.co,14,0,1.0,0.784689,1.0
gemma3-270m__reasoning_first/test__norag,host,tekno.tempo.co,19,2,0.894737,0.686059,0.970641
gemma3-270m__reasoning_first/test__norag,host,viva.co.id,292,177,0.90411,0.864903,0.932822
gemma3-270m__reasoning_first/test__norag,host,lifestyle.sindonews.com,41,4,0.878049,0.744558,0.946767
gemma3-270m__reasoning_first/test__norag,host,oto.detik.com,11,4,0.727273,0.434355,0.902539
gemma3-270m__reasoning_first/test__norag,host,otomotif.tempo.co,13,0,0.923077,0.66686,0.98629
gemma3-270m__reasoning_first/test__norag,host,tekno.sindonews.com,42,19,0.809524,0.666992,0.90018
gemma3-270m__reasoning_first/test__norag,host,metro.tempo.co,7,0,0.428571,0.15822,0.749542
gemma3-270m__reasoning_first/test__norag,host,bola.tempo.co,10,0,0.9,0.59585,0.982124
gemma3-270m__reasoning_first/test__norag,host,sports.sindonews.com,9,9,0.777778,0.452589,0.936775
gemma3-270m__reasoning_first/test__norag,host,health.detik.com,11,1,0.727273,0.434355,0.902539
gemma3-270m__reasoning_first/test__norag,host,bisnis.tempo.co,15,2,0.733333,0.480496,0.891025
gemma3-270m__reasoning_first/test__norag,host,health.kompas.com,21,0,0.857143,0.653639,0.95019
gemma3-270m__reasoning_first/test__norag,host,megapolitan.kompas.com,12,0,1.0,0.757506,1.0
gemma3-270m__reasoning_first/test__norag,host,nasional.sindonews.com,38,30,0.736842,0.579912,0.850284
gemma3-270m__reasoning_first/test__norag,host,lifestyle.kompas.com,18,1,1.0,0.824121,1.0
gemma3-270m__reasoning_first/test__norag,host,inet.detik.com,26,6,0.884615,0.710241,0.959968
gemma3-270m__reasoning_first/test__norag,host,news.detik.com,29,6,0.862069,0.69441,0.945026
gemma3-270m__reasoning_first/test__norag,host,otomotif.kompas.com,21,5,0.714286,0.500436,0.861861
gemma3-270m__reasoning_first/test__norag,host,otomotif.sindonews.com,18,6,0.944444,0.742427,0.990125
gemma3-270m__reasoning_first/test__norag,host,money.kompas.com,8,0,0.5,0.215216,0.784784
gemma3-270m__reasoning_first/test__norag,host,edukasi.sindonews.com,23,8,0.869565,0.678725,0.954623
gemma3-270m__reasoning_first/test__norag,host,surabaya.kompas.com,1,0,1.0,0.206549,1.0
gemma3-270m__reasoning_first/test__norag,host,travel.tempo.co,21,1,0.904762,0.710859,0.973481
gemma3-270m__reasoning_first/test__norag,host,food.detik.com,31,2,0.967742,0.838059,0.994283
gemma3-270m__reasoning_first/test__norag,host,daerah.sindonews.com,12,0,0.666667,0.390622,0.86188
gemma3-270m__reasoning_first/test__norag,host,gaya.tempo.co,23,0,0.869565,0.678725,0.954623
gemma3-270m__reasoning_first/test__norag,host,finance.detik.com,35,8,0.771429,0.609827,0.879341
gemma3-270m__reasoning_first/test__norag,host,dunia.tempo.co,7,0,1.0,0.64567,1.0
gemma3-270m__reasoning_first/test__norag,host,seleb.tempo.co,11,0,0.818182,0.523019,0.948632
gemma3-270m__reasoning_first/test__norag,host,sport.detik.com,20,0,1.0,0.838875,1.0
gemma3-270m__reasoning_first/test__norag,host,wolipop.detik.com,10,0,1.0,0.722467,1.0
gemma3-270m__reasoning_first/test__norag,host,ekbis.sindonews.com,13,2,0.769231,0.497436,0.918205
gemma3-270m__reasoning_first/test__norag,host,tekno.kompas.com,6,1,1.0,0.609666,1.0
gemma3-270m__reasoning_first/test__norag,host,nasional.kompas.com,7,0,0.714286,0.358934,0.917781
gemma3-270m__reasoning_first/test__norag,host,regional.kompas.com,6,0,1.0,0.609666,1.0
gemma3-270m__reasoning_first/test__norag,host,international.sindonews.com,11,0,0.909091,0.622642,0.983768
gemma3-270m__reasoning_first/test__norag,host,hot.detik.com,17,1,0.882353,0.656636,0.96712
gemma3-270m__reasoning_first/test__norag,host,makassar.kompas.com,1,0,1.0,0.206549,1.0
gemma3-270m__reasoning_first/test__norag,host,sains.sindonews.com,13,0,1.0,0.771905,1.0
gemma3-270m__reasoning_first/test__norag,host,go.kompas.com,1,1,1.0,0.206549,1.0
gemma3-270m__reasoning_first/test__norag,host,bola.kompas.com,3,0,0.666667,0.20766,0.938508
gemma3-270m__reasoning_first/test__norag,host,nasional.tempo.co,1,0,0.0,0.0,0.793451
gemma3-270m__reasoning_first/test__norag,host,bandung.kompas.com,1,0,1.0,0.206549,1.0
gemma3-270m__reasoning_first/test__norag,section,global,13,0,0.923077,0.66686,0.98629
gemma3-270m__reasoning_first/test__norag,section,skola,9,0,0.888889,0.565,0.980109
gemma3-270m__reasoning_first/test__norag,section,sports,179,9,0.988827,0.960183,0.996931
gemma3-270m__reasoning_first/test__norag,section,biz,420,420,0.992857,0.979212,0.997568
gemma3-270m__reasoning_first/test__norag,section,sport,40,0,0.95,0.834961,0.986179
gemma3-270m__reasoning_first/test__norag,section,tekno,67,22,0.850746,0.746596,0.916857
gemma3-270m__reasoning_first/test__norag,section,homey,10,1,1.0,0.722467,1.0
gemma3-270m__reasoning_first/test__norag,section,tren,9,0,0.888889,0.565,0.980109
gemma3-270m__reasoning_first/test__norag,section,siaran-pers,170,170,0.982353,0.949408,0.993981
gemma3-270m__reasoning_first/test__norag,section,lifestyle,59,5,0.915254,0.816482,0.963258
gemma3-270m__reasoning_first/test__norag,section,news,158,6,0.974684,0.936721,0.990112
gemma3-270m__reasoning_first/test__norag,section,globenewswire,364,364,1.0,0.989557,1.0
gemma3-270m__reasoning_first/test__norag,section,oto,11,4,0.727273,0.434355,0.902539
gemma3-270m__reasoning_first/test__norag,section,otomotif,55,12,0.836364,0.717363,0.911446
gemma3-270m__reasoning_first/test__norag,section,entertainment,9,0,1.0,0.700855,1.0
gemma3-270m__reasoning_first/test__norag,section,metro,7,0,0.428571,0.15822,0.749542
gemma3-270m__reasoning_first/test__norag,section,bola,29,0,0.896552,0.736149,0.964185
gemma3-270m__reasoning_first/test__norag,section,health,32,1,0.8125,0.646908,0.911105
gemma3-270m__reasoning_first/test__norag,section,bisnis,15,2,0.733333,0.480496,0.891025
gemma3-270m__reasoning_first/test__norag,section,business,16,0,0.75,0.505017,0.898179
gemma3-270m__reasoning_first/test__norag,section,digital,17,4,0.588235,0.360054,0.783889
gemma3-270m__reasoning_first/test__norag,section,megapolitan,12,0,1.0,0.757506,1.0
gemma3-270m__reasoning_first/test__norag,section,edukasi,33,8,0.818182,0.656118,0.913892
gemma3-270m__reasoning_first/test__norag,section,nasional,46,30,0.717391,0.574514,0.826758
gemma3-270m__reasoning_first/test__norag,section,inet,26,6,0.884615,0.710241,0.959968
gemma3-270m__reasoning_first/test__norag,section,money,8,0,0.5,0.215216,0.784784
gemma3-270m__reasoning_first/test__norag,section,surabaya,1,0,1.0,0.206549,1.0
gemma3-270m__reasoning_first/test__norag,section,travel,21,1,0.904762,0.710859,0.973481
gemma3-270m__reasoning_first/test__norag,section,food,52,2,0.980769,0.898795,0.996597
gemma3-270m__reasoning_first/test__norag,section,daerah,12,0,0.666667,0.390622,0.86188
gemma3-270m__reasoning_first/test__norag,section,gaya,23,0,0.869565,0.678725,0.954623
gemma3-270m__reasoning_first/test__norag,section,showbiz,24,1,0.875,0.689961,0.956557
gemma3-270m__reasoning_first/test__norag,section,berita,13,0,0.692308,0.423693,0.873193
gemma3-270m__reasoning_first/test__norag,section,properti,10,0,0.8,0.490162,0.943318
gemma3-270m__reasoning_first/test__norag,section,finance,35,8,0.771429,0.609827,0.879341
gemma3-270m__reasoning_first/test__norag,section,trending,4,0,1.0,0.510109,1.0
gemma3-270m__reasoning_first/test__norag,section,dunia,7,0,1.0,0.64567,1.0
gemma3-270m__reasoning_first/test__norag,section,seleb,11,0,0.818182,0.523019,0.948632
gemma3-270m__reasoning_first/test__norag,section,wolipop,10,0,1.0,0.722467,1.0
gemma3-270m__reasoning_first/test__norag,section,ekbis,13,2,0.769231,0.497436,0.918205
gemma3-270m__reasoning_first/test__norag,section,politics,16,0,1.0,0.806392,1.0
gemma3-270m__reasoning_first/test__norag,section,opinion,9,0,0.777778,0.452589,0.936775
gemma3-270m__reasoning_first/test__norag,section,gaya-hidup,16,1,0.8125,0.569911,0.934084
gemma3-270m__reasoning_first/test__norag,section,regional,6,0,1.0,0.609666,1.0
gemma3-270m__reasoning_first/test__norag,section,ragam,11,0,0.909091,0.622642,0.983768
gemma3-270m__reasoning_first/test__norag,section,international,11,0,0.909091,0.622642,0.983768
gemma3-270m__reasoning_first/test__norag,section,hot,17,1,0.882353,0.656636,0.96712
gemma3-270m__reasoning_first/test__norag,section,makassar,1,0,1.0,0.206549,1.0
gemma3-270m__reasoning_first/test__norag,section,sains,13,0,1.0,0.771905,1.0
gemma3-270m__reasoning_first/test__norag,section,go,1,1,1.0,0.206549,1.0
gemma3-270m__reasoning_first/test__norag,section,militer,2,0,1.0,0.34238,1.0
gemma3-270m__reasoning_first/test__norag,section,life,7,0,0.857143,0.486872,0.97432
gemma3-270m__reasoning_first/test__norag,section,sponsored-sections,1,0,0.0,0.0,0.793451
gemma3-270m__reasoning_first/test__norag,section,badminton,1,0,1.0,0.206549,1.0
gemma3-270m__reasoning_first/test__norag,section,edu,2,0,1.0,0.34238,1.0
gemma3-270m__reasoning_first/test__norag,section,bandung,1,0,1.0,0.206549,1.0
gemma3-270m__reasoning_first/test__rag_k5,host,kompas.com,79,1,0.936709,0.860251,0.972665
gemma3-270m__reasoning_first/test__rag_k5,host,thestar.com,717,364,0.977685,0.96406,0.986218
gemma3-270m__reasoning_first/test__rag_k5,host,biz.kompas.com,420,420,0.995238,0.982806,0.998693
gemma3-270m__reasoning_first/test__rag_k5,host,sport.tempo.co,14,0,1.0,0.784689,1.0
gemma3-270m__reasoning_first/test__rag_k5,host,tekno.tempo.co,19,2,0.894737,0.686059,0.970641
gemma3-270m__reasoning_first/test__rag_k5,host,viva.co.id,292,177,0.89726,0.857122,0.927082
gemma3-270m__reasoning_first/test__rag_k5,host,lifestyle.sindonews.com,41,4,0.878049,0.744558,0.946767
gemma3-270m__reasoning_first/test__rag_k5,host,oto.detik.com,11,4,0.818182,0.523019,0.948632
gemma3-270m__reasoning_first/test__rag_k5,host,otomotif.tempo.co,13,0,0.923077,0.66686,0.98629
gemma3-270m__reasoning_first/test__rag_k5,host,tekno.sindonews.com,42,19,0.785714,0.640602,0.882942
gemma3-270m__reasoning_first/test__rag_k5,host,metro.tempo.co,7,0,0.714286,0.358934,0.917781
gemma3-270m__reasoning_first/test__rag_k5,host,bola.tempo.co,10,0,1.0,0.722467,1.0
gemma3-270m__reasoning_first/test__rag_k5,host,sports.sindonews.com,9,9,0.777778,0.452589,0.936775
gemma3-270m__reasoning_first/test__rag_k5,host,health.detik.com,11,1,0.727273,0.434355,0.902539
gemma3-270m__reasoning_first/test__rag_k5,host,bisnis.tempo.co,15,2,0.8,0.548146,0.929525
gemma3-270m__reasoning_first/test__rag_k5,host,health.kompas.com,21,0,0.857143,0.653639,0.95019
gemma3-270m__reasoning_first/test__rag_k5,host,megapolitan.kompas.com,12,0,0.666667,0.390622,0.86188
gemma3-270m__reasoning_first/test__rag_k5,host,nasional.sindonews.com,38,30,0.789474,0.636542,0.889252
gemma3-270m__reasoning_first/test__rag_k5,host,lifestyle.kompas.com,18,1,0.833333,0.60778,0.941634
gemma3-270m__reasoning_first/test__rag_k5,host,inet.detik.com,26,6,0.961538,0.811072,0.993178
gemma3-270m__reasoning_first/test__rag_k5,host,news.detik.com,29,6,0.862069,0.69441,0.945026
gemma3-270m__reasoning_first/test__rag_k5,host,otomotif.kompas.com,21,5,0.761905,0.549088,0.89372
gemma3-270m__reasoning_first/test__rag_k5,host,otomotif.sindonews.com,18,6,0.888889,0.672002,0.96898
gemma3-270m__reasoning_first/test__rag_k5,host,money.kompas.com,8,0,0.625,0.305742,0.863156
gemma3-270m__reasoning_first/test__rag_k5,host,edukasi.sindonews.com,23,8,0.869565,0.678725,0.954623
gemma3-270m__reasoning_first/test__rag_k5,host,surabaya.kompas.com,1,0,1.0,0.206549,1.0
gemma3-270m__reasoning_first/test__rag_k5,host,travel.tempo.co,21,1,0.904762,0.710859,0.973481
gemma3-270m__reasoning_first/test__rag_k5,host,food.detik.com,31,2,0.903226,0.751001,0.966535
gemma3-270m__reasoning_first/test__rag_k5,host,daerah.sindonews.com,12,0,0.833333,0.551969,0.953035
gemma3-270m__reasoning_first/test__rag_k5,host,gaya.tempo.co,23,0,0.913043,0.73204,0.97582
gemma3-270m__reasoning_first/test__rag_k5,host,finance.detik.com,35,8,0.771429,0.609827,0.879341
gemma3-270m__reasoning_first/test__rag_k5,host,dunia.tempo.co,7,0,1.0,0.64567,1.0
gemma3-270m__reasoning_first/test__rag_k5,host,seleb.tempo.co,11,0,0.727273,0.434355,0.902539
gemma3-270m__reasoning_first/test__rag_k5,host,sport.detik.com,20,0,1.0,0.838875,1.0
gemma3-270m__reasoning_first/test__rag_k5,host,wolipop.detik.com,10,0,1.0,0.722467,1.0
gemma3-270m__reasoning_first/test__rag_k5,host,ekbis.sindonews.com,13,2,0.846154,0.577654,0.956742
gemma3-270m__reasoning_first/test__rag_k5,host,tekno.kompas.com,6,1,1.0,0.609666,1.0
gemma3-270m__reasoning_first/test__rag_k5,host,nasional.kompas.com,7,0,0.714286,0.358934,0.917781
gemma3-270m__reasoning_first/test__rag_k5,host,regional.kompas.com,6,0,0.833333,0.436497,0.969947
gemma3-270m__reasoning_first/test__rag_k5,host,international.sindonews.com,11,0,0.909091,0.622642,0.983768
gemma3-270m__reasoning_first/test__rag_k5,host,hot.detik.com,17,1,0.941176,0.73018,0.98954
gemma3-270m__reasoning_first/test__rag_k5,host,makassar.kompas.com,1,0,1.0,0.206549,1.0
gemma3-270m__reasoning_first/test__rag_k5,host,sains.sindonews.com,13,0,0.923077,0.66686,0.98629
gemma3-270m__reasoning_first/test__rag_k5,host,go.kompas.com,1,1,1.0,0.206549,1.0
gemma3-270m__reasoning_first/test__rag_k5,host,bola.kompas.com,3,0,0.666667,0.20766,0.938508
gemma3-270m__reasoning_first/test__rag_k5,host,nasional.tempo.co,1,0,0.0,0.0,0.793451
gemma3-270m__reasoning_first/test__rag_k5,host,bandung.kompas.com,1,0,1.0,0.206549,1.0
gemma3-270m__reasoning_first/test__rag_k5,section,global,13,0,0.923077,0.66686,0.98629
gemma3-270m__reasoning_first/test__rag_k5,section,skola,9,0,1.0,0.700855,1.0
gemma3-270m__reasoning_first/test__rag_k5,section,sports,179,9,0.98324,0.951891,0.994284
gemma3-270m__reasoning_first/test__rag_k5,section,biz,420,420,0.995238,0.982806,0.998693
gemma3-270m__reasoning_first/test__rag_k5,section,sport,40,0,1.0,0.912378,1.0
gemma3-270m__reasoning_first/test__rag_k5,section,tekno,67,22,0.835821,0.729447,0.905774
gemma3-270m__reasoning_first/test__rag_k5,section,homey,10,1,0.9,0.59585,0.982124
gemma3-270m__reasoning_first/test__rag_k5,section,tren,9,0,1.0,0.700855,1.0
gemma3-270m__reasoning_first/test__rag_k5,section,siaran-pers,170,170,0.964706,0.925148,0.983726
gemma3-270m__reasoning_first/test__rag_k5,section,lifestyle,59,5,0.864407,0.754603,0.929658
gemma3-270m__reasoning_first/test__rag_k5,section,news,158,6,0.955696,0.911384,0.978376
gemma3-270m__reasoning_first/test__rag_k5,section,globenewswire,364,364,1.0,0.989557,1.0
gemma3-270m__reasoning_first/test__rag_k5,section,oto,11,4,0.818182,0.523019,0.948632
gemma3-270m__reasoning_first/test__rag_k5,section,otomotif,55,12,0.854545,0.738391,0.924407
gemma3-270m__reasoning_first/test__rag_k5,section,entertainment,9,0,1.0,0.700855,1.0
gemma3-270m__reasoning_first/test__rag_k5,section,metro,7,0,0.714286,0.358934,0.917781
gemma3-270m__reasoning_first/test__rag_k5,section,bola,29,0,0.931034,0.780354,0.980879
gemma3-270m__reasoning_first/test__rag_k5,section,health,32,1,0.8125,0.646908,0.911105
gemma3-270m__reasoning_first/test__rag_k5,section,bisnis,15,2,0.8,0.548146,0.929525
gemma3-270m__reasoning_first/test__rag_k5,section,business,16,0,0.5625,0.331786,0.769013
gemma3-270m__reasoning_first/test__rag_k5,section,digital,17,4,0.588235,0.360054,0.783889
gemma3-270m__reasoning_first/test__rag_k5,section,megapolitan,12,0,0.666667,0.390622,0.86188
gemma3-270m__reasoning_first/test__rag_k5,section,edukasi,33,8,0.818182,0.656118,0.913892
gemma3-270m__reasoning_first/test__rag_k5,section,nasional,46,30,0.76087,0.620649,0.860878
gemma3-270m__reasoning_first/test__rag_k5,section,inet,26,6,0.961538,0.811072,0.993178
gemma3-270m__reasoning_first/test__rag_k5,section,money,8,0,0.625,0.305742,0.863156
gemma3-270m__reasoning_first/test__rag_k5,section,surabaya,1,0,1.0,0.206549,1.0
gemma3-270m__reasoning_first/test__rag_k5,section,travel,21,1,0.904762,0.710859,0.973481
gemma3-270m__reasoning_first/test__rag_k5,section,food,52,2,0.923077,0.818264,0.969681
gemma3-270m__reasoning_first/test__rag_k5,section,daerah,12,0,0.833333,0.551969,0.953035
gemma3-270m__reasoning_first/test__rag_k5,section,gaya,23,0,0.913043,0.73204,0.97582
gemma3-270m__reasoning_first/test__rag_k5,section,showbiz,24,1,0.916667,0.741512,0.976841
gemma3-270m__reasoning_first/test__rag_k5,section,berita,13,0,0.615385,0.355229,0.822903
gemma3-270m__reasoning_first/test__rag_k5,section,properti,10,0,0.8,0.490162,0.943318
gemma3-270m__reasoning_first/test__rag_k5,section,finance,35,8,0.771429,0.609827,0.879341
gemma3-270m__reasoning_first/test__rag_k5,section,trending,4,0,1.0,0.510109,1.0
gemma3-270m__reasoning_first/test__rag_k5,section,dunia,7,0,1.0,0.64567,1.0
gemma3-270m__reasoning_first/test__rag_k5,section,seleb,11,0,0.727273,0.434355,0.902539
gemma3-270m__reasoning_first/test__rag_k5,section,wolipop,10,0,1.0,0.722467,1.0
gemma3-270m__reasoning_first/test__rag_k5,section,ekbis,13,2,0.846154,0.577654,0.956742
gemma3-270m__reasoning_first/test__rag_k5,section,politics,16,0,1.0,0.806392,1.0
gemma3-270m__reasoning_first/test__rag_k5,section,opinion,9,0,0.777778,0.452589,0.936775
gemma3-270m__reasoning_first/test__rag_k5,section,gaya-hidup,16,1,0.625,0.38641,0.815188
gemma3-270m__reasoning_first/test__rag_k5,section,regional,6,0,0.833333,0.436497,0.969947
gemma3-270m__reasoning_first/test__rag_k5,section,ragam,11,0,1.0,0.741167,1.0
gemma3-270m__reasoning_first/test__rag_k5,section,international,11,0,0.909091,0.622642,0.983768
gemma3-270m__reasoning_first/test__rag_k5,section,hot,17,1,0.941176,0.73018,0.98954
gemma3-270m__reasoning_first/test__rag_k5,section,makassar,1,0,1.0,0.206549,1.0
gemma3-270m__reasoning_first/test__rag_k5,section,sains,13,0,0.923077,0.66686,0.98629
gemma3-270m__reasoning_first/test__rag_k5,section,go,1,1,1.0,0.206549,1.0
gemma3-270m__reasoning_first/test__rag_k5,section,militer,2,0,1.0,0.34238,1.0
gemma3-270m__reasoning_first/test__rag_k5,section,life,7,0,0.714286,0.358934,0.917781
gemma3-270m__reasoning_first/test__rag_k5,section,sponsored-sections,1,0,0.0,0.0,0.793451
gemma3-270m__reasoning_first/test__rag_k5,section,badminton,1,0,1.0,0.206549,1.0
gemma3-270m__reasoning_first/test__rag_k5,section,edu,2,0,1.0,0.34238,1.0
gemma3-270m__reasoning_first/test__rag_k5,section,bandung,1,0,1.0,0.206549,1.0
gemma3-4b__reasoning_first/test__norag,host,kompas.com,79,1,0.974684,0.912314,0.99303
gemma3-4b__reasoning_first/test__norag,host,thestar.com,717,364,0.987448,0.976318,0.993382
gemma3-4b__reasoning_first/test__norag,host,biz.kompas.com,420,420,1.0,0.990937,1.0
gemma3-4b__reasoning_first/test__norag,host,sport.tempo.co,14,0,1.0,0.784689,1.0
gemma3-4b__reasoning_first/test__norag,host,tekno.tempo.co,19,2,0.894737,0.686059,0.970641
gemma3-4b__reasoning_first/test__norag,host,viva.co.id,292,177,0.938356,0.904673,0.960655
gemma3-4b__reasoning_first/test__norag,host,lifestyle.sindonews.com,41,4,0.878049,0.744558,0.946767
gemma3-4b__reasoning_first/test__norag,host,oto.detik.com,11,4,0.909091,0.622642,0.983768
gemma3-4b__reasoning_first/test__norag,host,otomotif.tempo.co,13,0,0.923077,0.66686,0.98629
gemma3-4b__reasoning_first/test__norag,host,tekno.sindonews.com,42,19,0.785714,0.640602,0.882942
gemma3-4b__reasoning_first/test__norag,host,metro.tempo.co,7,0,1.0,0.64567,1.0
gemma3-4b__reasoning_first/test__norag,host,bola.tempo.co,10,0,1.0,0.722467,1.0
gemma3-4b__reasoning_first/test__norag,host,sports.sindonews.com,9,9,0.666667,0.354202,0.879416
gemma3-4b__reasoning_first/test__norag,host,health.detik.com,11,1,0.909091,0.622642,0.983768
gemma3-4b__reasoning_first/test__norag,host,bisnis.tempo.co,15,2,0.866667,0.62118,0.962639
gemma3-4b__reasoning_first/test__norag,host,health.kompas.com,21,0,0.904762,0.710859,0.973481
gemma3-4b__reasoning_first/test__norag,host,megapolitan.kompas.com,12,0,1.0,0.757506,1.0
gemma3-4b__reasoning_first/test__norag,host,nasional.sindonews.com,38,30,0.842105,0.695832,0.925561
gemma3-4b__reasoning_first/test__norag,host,lifestyle.kompas.com,18,1,0.944444,0.742427,0.990125
gemma3-4b__reasoning_first/test__norag,host,inet.detik.com,26,6,0.769231,0.579484,0.889662
gemma3-4b__reasoning_first/test__norag,host,news.detik.com,29,6,0.862069,0.69441,0.945026
gemma3-4b__reasoning_first/test__norag,host,otomotif.kompas.com,21,5,0.761905,0.549088,0.89372
gemma3-4b__reasoning_first/test__norag,host,otomotif.sindonews.com,18,6,1.0,0.824121,1.0
gemma3-4b__reasoning_first/test__norag,host,money.kompas.com,8,0,0.625,0.305742,0.863156
gemma3-4b__reasoning_first/test__norag,host,edukasi.sindonews.com,23,8,0.956522,0.790088,0.992283
gemma3-4b__reasoning_first/test__norag,host,surabaya.kompas.com,1,0,1.0,0.206549,1.0
gemma3-4b__reasoning_first/test__norag,host,travel.tempo.co,21,1,0.952381,0.773306,0.991544
gemma3-4b__reasoning_first/test__norag,host,food.detik.com,31,2,0.935484,0.792814,0.982125
gemma3-4b__reasoning_first/test__norag,host,daerah.sindonews.com,12,0,0.666667,0.390622,0.86188
gemma3-4b__reasoning_first/test__norag,host,gaya.tempo.co,23,0,1.0,0.856883,1.0
gemma3-4b__reasoning_first/test__norag,host,finance.detik.com,35,8,0.771429,0.609827,0.879341
gemma3-4b__reasoning_first/test__norag,host,dunia.tempo.co,7,0,1.0,0.64567,1.0
gemma3-4b__reasoning_first/test__norag,host,seleb.tempo.co,11,0,1.0,0.741167,1.0
gemma3-4b__reasoning_first/test__norag,host,sport.detik.com,20,0,1.0,0.838875,1.0
gemma3-4b__reasoning_first/test__norag,host,wolipop.detik.com,10,0,1.0,0.722467,1.0
gemma3-4b__reasoning_first/test__norag,host,ekbis.sindonews.com,13,2,0.769231,0.497436,0.918205
gemma3-4b__reasoning_first/test__norag,host,tekno.kompas.com,6,1,1.0,0.609666,1.0
gemma3-4b__reasoning_first/test__norag,host,nasional.kompas.com,7,0,0.571429,0.250458,0.84178
gemma3-4b__reasoning_first/test__norag,host,regional.kompas.com,6,0,1.0,0.609666,1.0
gemma3-4b__reasoning_first/test__norag,host,international.sindonews.com,11,0,1.0,0.741167,1.0
gemma3-4b__reasoning_first/test__norag,host,hot.detik.com,17,1,0.941176,0.73018,0.98954
gemma3-4b__reasoning_first/test__norag,host,makassar.kompas.com,1,0,1.0,0.206549,1.0
gemma3-4b__reasoning_first/test__norag,host,sains.sindonews.com,13,0,0.923077,0.66686,0.98629
gemma3-4b__reasoning_first/test__norag,host,go.kompas.com,1,1,1.0,0.206549,1.0
gemma3-4b__reasoning_first/test__norag,host,bola.kompas.com,3,0,1.0,0.438503,1.0
gemma3-4b__reasoning_first/test__norag,host,nasional.tempo.co,1,0,1.0,0.206549,1.0
gemma3-4b__reasoning_first/test__norag,host,bandung.kompas.com,1,0,1.0,0.206549,1.0
gemma3-4b__reasoning_first/test__norag,section,global,13,0,1.0,0.771905,1.0
gemma3-4b__reasoning_first/test__norag,section,skola,9,0,1.0,0.700855,1.0
gemma3-4b__reasoning_first/test__norag,section,sports,179,9,0.98324,0.951891,0.994284
gemma3-4b__reasoning_first/test__norag,section,biz,420,420,1.0,0.990937,1.0
gemma3-4b__reasoning_first/test__norag,section,sport,40,0,0.975,0.871186,0.995573
gemma3-4b__reasoning_first/test__norag,section,tekno,67,22,0.835821,0.729447,0.905774
gemma3-4b__reasoning_first/test__norag,section,homey,10,1,0.9,0.59585,0.982124
gemma3-4b__reasoning_first/test__norag,section,tren,9,0,1.0,0.700855,1.0
gemma3-4b__reasoning_first/test__norag,section,siaran-pers,170,170,1.0,0.977903,1.0
gemma3-4b__reasoning_first/test__norag,section,lifestyle,59,5,0.898305,0.795362,0.952552
gemma3-4b__reasoning_first/test__norag,section,news,158,6,0.968354,0.928067,0.986409
gemma3-4b__reasoning_first/test__norag,section,globenewswire,364,364,1.0,0.989557,1.0
gemma3-4b__reasoning_first/test__norag,section,oto,11,4,0.909091,0.622642,0.983768
gemma3-4b__reasoning_first/test__norag,section,otomotif,55,12,0.872727,0.75983,0.936958
gemma3-4b__reasoning_first/test__norag,section,entertainment,9,0,0.888889,0.565,0.980109
gemma3-4b__reasoning_first/test__norag,section,metro,7,0,1.0,0.64567,1.0
gemma3-4b__reasoning_first/test__norag,section,bola,29,0,1.0,0.88303,1.0
gemma3-4b__reasoning_first/test__norag,section,health,32,1,0.90625,0.757818,0.967598
gemma3-4b__reasoning_first/test__norag,section,bisnis,15,2,0.866667,0.62118,0.962639
gemma3-4b__reasoning_first/test__norag,section,business,16,0,0.875,0.639772,0.965023
gemma3-4b__reasoning_first/test__norag,section,digital,17,4,0.705882,0.468669,0.8672
gemma3-4b__reasoning_first/test__norag,section,megapolitan,12,0,1.0,0.757506,1.0
gemma3-4b__reasoning_first/test__norag,section,edukasi,33,8,0.939394,0.803938,0.983219
gemma3-4b__reasoning_first/test__norag,section,nasional,46,30,0.804348,0.668287,0.893494
gemma3-4b__reasoning_first/test__norag,section,inet,26,6,0.769231,0.579484,0.889662
gemma3-4b__reasoning_first/test__norag,section,money,8,0,0.625,0.305742,0.863156
gemma3-4b__reasoning_first/test__norag,section,surabaya,1,0,1.0,0.206549,1.0
gemma3-4b__reasoning_first/test__norag,section,travel,21,1,0.952381,0.773306,0.991544
gemma3-4b__reasoning_first/test__norag,section,food,52,2,0.961538,0.870188,0.989388
gemma3-4b__reasoning_first/test__norag,section,daerah,12,0,0.666667,0.390622,0.86188
gemma3-4b__reasoning_first/test__norag,section,gaya,23,0,1.0,0.856883,1.0
gemma3-4b__reasoning_first/test__norag,section,showbiz,24,1,0.958333,0.797582,0.992607
gemma3-4b__reasoning_first/test__norag,section,berita,13,0,0.692308,0.423693,0.873193
gemma3-4b__reasoning_first/test__norag,section,properti,10,0,0.9,0.59585,0.982124
gemma3-4b__reasoning_first/test__norag,section,finance,35,8,0.771429,0.609827,0.879341
gemma3-4b__reasoning_first/test__norag,section,trending,4,0,1.0,0.510109,1.0
gemma3-4b__reasoning_first/test__norag,section,dunia,7,0,1.0,0.64567,1.0
gemma3-4b__reasoning_first/test__norag,section,seleb,11,0,1.0,0.741167,1.0
gemma3-4b__reasoning_first/test__norag,section,wolipop,10,0,1.0,0.722467,1.0
gemma3-4b__reasoning_first/test__norag,section,ekbis,13,2,0.769231,0.497436,0.918205
gemma3-4b__reasoning_first/test__norag,section,politics,16,0,1.0,0.806392,1.0
gemma3-4b__reasoning_first/test__norag,section,opinion,9,0,0.777778,0.452589,0.936775
gemma3-4b__reasoning_first/test__norag,section,gaya-hidup,16,1,0.6875,0.444044,0.858354
gemma3-4b__reasoning_first/test__norag,section,regional,6,0,1.0,0.609666,1.0
gemma3-4b__reasoning_first/test__norag,section,ragam,11,0,1.0,0.741167,1.0
gemma3-4b__reasoning_first/test__norag,section,international,11,0,1.0,0.741167,1.0
gemma3-4b__reasoning_first/test__norag,section,hot,17,1,0.941176,0.73018,0.98954
gemma3-4b__reasoning_first/test__norag,section,makassar,1,0,1.0,0.206549,1.0
gemma3-4b__reasoning_first/test__norag,section,sains,13,0,0.923077,0.66686,0.98629
gemma3-4b__reasoning_first/test__norag,section,go,1,1,1.0,0.206549,1.0
gemma3-4b__reasoning_first/test__norag,section,militer,2,0,1.0,0.34238,1.0
gemma3-4b__reasoning_first/test__norag,section,life,7,0,0.714286,0.358934,0.917781
gemma3-4b__reasoning_first/test__norag,section,sponsored-sections,1,0,0.0,0.0,0.793451
gemma3-4b__reasoning_first/test__norag,section,badminton,1,0,1.0,0.206549,1.0
gemma3-4b__reasoning_first/test__norag,section,edu,2,0,1.0,0.34238,1.0
gemma3-4b__reasoning_first/test__norag,section,bandung,1,0,1.0,0.206549,1.0
gemma3-4b__reasoning_first/test__rag_k1,host,kompas.com,34,0,1.0,0.898485,1.0
gemma3-4b__reasoning_first/test__rag_k1,host,thestar.com,330,178,0.990909,0.973617,0.996904
gemma3-4b__reasoning_first/test__rag_k1,host,biz.kompas.com,192,192,0.989583,0.962821,0.997139
gemma3-4b__reasoning_first/test__rag_k1,host,sport.tempo.co,9,0,1.0,0.700855,1.0
gemma3-4b__reasoning_first/test__rag_k1,host,tekno.tempo.co,7,2,0.857143,0.486872,0.97432
gemma3-4b__reasoning_first/test__rag_k1,host,viva.co.id,159,100,0.943396,0.895935,0.969938
gemma3-4b__reasoning_first/test__rag_k1,host,lifestyle.sindonews.com,21,2,0.952381,0.773306,0.991544
gemma3-4b__reasoning_first/test__rag_k1,host,oto.detik.com,5,1,1.0,0.565518,1.0
gemma3-4b__reasoning_first/test__rag_k1,host,otomotif.tempo.co,6,0,0.833333,0.436497,0.969947
gemma3-4b__reasoning_first/test__rag_k1,host,tekno.sindonews.com,20,9,0.8,0.583983,0.919342
gemma3-4b__reasoning_first/test__rag_k1,host,metro.tempo.co,3,0,1.0,0.438503,1.0
gemma3-4b__reasoning_first/test__rag_k1,host,bola.tempo.co,5,0,1.0,0.565518,1.0
gemma3-4b__reasoning_first/test__rag_k1,host,sports.sindonews.com,2,2,0.5,0.094531,0.905469
gemma3-4b__reasoning_first/test__rag_k1,host,health.detik.com,6,1,0.833333,0.436497,0.969947
gemma3-4b__reasoning_first/test__rag_k1,host,bisnis.tempo.co,9,0,0.888889,0.565,0.980109
gemma3-4b__reasoning_first/test__rag_k1,host,health.kompas.com,9,0,0.888889,0.565,0.980109
gemma3-4b__reasoning_first/test__rag_k1,host,megapolitan.kompas.com,6,0,0.833333,0.436497,0.969947
gemma3-4b__reasoning_first/test__rag_k1,host,nasional.sindonews.com,16,14,0.875,0.639772,0.965023
gemma3-4b__reasoning_first/test__rag_k1,host,lifestyle.kompas.com,9,0,1.0,0.700855,1.0
gemma3-4b__reasoning_first/test__rag_k1,host,inet.detik.com,7,2,0.714286,0.358934,0.917781
gemma3-4b__reasoning_first/test__rag_k1,host,news.detik.com,9,2,0.888889,0.565,0.980109
gemma3-4b__reasoning_first/test__rag_k1,host,otomotif.kompas.com,12,1,0.916667,0.64612,0.985135
gemma3-4b__reasoning_first/test__rag_k1,host,otomotif.sindonews.com,9,5,0.888889,0.565,0.980109
gemma3-4b__reasoning_first/test__rag_k1,host,money.kompas.com,4,0,1.0,0.510109,1.0
gemma3-4b__reasoning_first/test__rag_k1,host,edukasi.sindonews.com,6,2,1.0,0.609666,1.0
gemma3-4b__reasoning_first/test__rag_k1,host,surabaya.kompas.com,1,0,1.0,0.206549,1.0
gemma3-4b__reasoning_first/test__rag_k1,host,travel.tempo.co,12,0,1.0,0.757506,1.0
gemma3-4b__reasoning_first/test__rag_k1,host,food.detik.com,17,2,0.941176,0.73018,0.98954
gemma3-4b__reasoning_first/test__rag_k1,host,daerah.sindonews.com,4,0,0.5,0.150039,0.849961
gemma3-4b__reasoning_first/test__rag_k1,host,gaya.tempo.co,12,0,1.0,0.757506,1.0
gemma3-4b__reasoning_first/test__rag_k1,host,finance.detik.com,13,2,0.923077,0.66686,0.98629
gemma3-4b__reasoning_first/test__rag_k1,host,dunia.tempo.co,3,0,1.0,0.438503,1.0
gemma3-4b__reasoning_first/test__rag_k1,host,seleb.tempo.co,4,0,1.0,0.510109,1.0
gemma3-4b__reasoning_first/test__rag_k1,host,sport.detik.com,6,0,1.0,0.609666,1.0
gemma3-4b__reasoning_first/test__rag_k1,host,wolipop.detik.com,5,0,1.0,0.565518,1.0
gemma3-4b__reasoning_first/test__rag_k1,host,ekbis.sindonews.com,5,1,0.6,0.230724,0.882379
gemma3-4b__reasoning_first/test__rag_k1,host,tekno.kompas.com,2,1,1.0,0.34238,1.0
gemma3-4b__reasoning_first/test__rag_k1,host,nasional.kompas.com,4,0,1.0,0.510109,1.0
gemma3-4b__reasoning_first/test__rag_k1,host,regional.kompas.com,3,0,1.0,0.438503,1.0
gemma3-4b__reasoning_first/test__rag_k1,host,international.sindonews.com,3,0,1.0,0.438503,1.0
gemma3-4b__reasoning_first/test__rag_k1,host,hot.detik.com,5,1,0.8,0.375535,0.963776
gemma3-4b__reasoning_first/test__rag_k1,host,makassar.kompas.com,1,0,1.0,0.206549,1.0
gemma3-4b__reasoning_first/test__rag_k1,host,sains.sindonews.com,3,0,1.0,0.438503,1.0
gemma3-4b__reasoning_first/test__rag_k1,host,go.kompas.com,1,1,1.0,0.206549,1.0
gemma3-4b__reasoning_first/test__rag_k1,host,bola.kompas.com,1,0,1.0,0.206549,1.0
gemma3-4b__reasoning_first/test__rag_k1,section,global,5,0,1.0,0.565518,1.0
gemma3-4b__reasoning_first/test__rag_k1,section,skola,7,0,1.0,0.64567,1.0
gemma3-4b__reasoning_first/test__rag_k1,section,sports,74,2,0.986486,0.927346,0.997611
gemma3-4b__reasoning_first/test__rag_k1,section,biz,192,192,0.989583,0.962821,0.997139
gemma3-4b__reasoning_first/test__rag_k1,section,sport,18,0,1.0,0.824121,1.0
gemma3-4b__reasoning_first/test__rag_k1,section,tekno,29,12,0.827586,0.654516,0.924021
gemma3-4b__reasoning_first/test__rag_k1,section,homey,3,0,1.0,0.438503,1.0
gemma3-4b__reasoning_first/test__rag_k1,section,tren,4,0,1.0,0.510109,1.0
gemma3-4b__reasoning_first/test__rag_k1,section,siaran-pers,95,95,1.0,0.961135,1.0
gemma3-4b__reasoning_first/test__rag_k1,section,lifestyle,30,2,0.966667,0.833296,0.994091
gemma3-4b__reasoning_first/test__rag_k1,section,news,66,2,0.984848,0.919041,0.99732
gemma3-4b__reasoning_first/test__rag_k1,section,globenewswire,178,178,1.0,0.978875,1.0
gemma3-4b__reasoning_first/test__rag_k1,section,oto,5,1,1.0,0.565518,1.0
gemma3-4b__reasoning_first/test__rag_k1,section,otomotif,28,6,0.892857,0.728041,0.962882
gemma3-4b__reasoning_first/test__rag_k1,section,entertainment,4,0,0.75,0.300642,0.954413
gemma3-4b__reasoning_first/test__rag_k1,section,metro,3,0,1.0,0.438503,1.0
gemma3-4b__reasoning_first/test__rag_k1,section,bola,13,0,1.0,0.771905,1.0
gemma3-4b__reasoning_first/test__rag_k1,section,health,15,1,0.866667,0.62118,0.962639
gemma3-4b__reasoning_first/test__rag_k1,section,bisnis,9,0,0.888889,0.565,0.980109
gemma3-4b__reasoning_first/test__rag_k1,section,business,11,0,0.818182,0.523019,0.948632
gemma3-4b__reasoning_first/test__rag_k1,section,digital,9,4,0.666667,0.354202,0.879416
gemma3-4b__reasoning_first/test__rag_k1,section,megapolitan,6,0,0.833333,0.436497,0.969947
gemma3-4b__reasoning_first/test__rag_k1,section,edukasi,12,2,0.916667,0.64612,0.985135
gemma3-4b__reasoning_first/test__rag_k1,section,nasional,20,14,0.9,0.698966,0.972134
gemma3-4b__reasoning_first/test__rag_k1,section,inet,7,2,0.714286,0.358934,0.917781
gemma3-4b__reasoning_first/test__rag_k1,section,money,4,0,1.0,0.510109,1.0
gemma3-4b__reasoning_first/test__rag_k1,section,surabaya,1,0,1.0,0.206549,1.0
gemma3-4b__reasoning_first/test__rag_k1,section,travel,12,0,1.0,0.757506,1.0
gemma3-4b__reasoning_first/test__rag_k1,section,food,24,2,0.958333,0.797582,0.992607
gemma3-4b__reasoning_first/test__rag_k1,section,daerah,4,0,0.5,0.150039,0.849961
gemma3-4b__reasoning_first/test__rag_k1,section,gaya,12,0,1.0,0.757506,1.0
gemma3-4b__reasoning_first/test__rag_k1,section,showbiz,12,0,1.0,0.757506,1.0
gemma3-4b__reasoning_first/test__rag_k1,section,berita,9,0,0.666667,0.354202,0.879416
gemma3-4b__reasoning_first/test__rag_k1,section,properti,6,0,1.0,0.609666,1.0
gemma3-4b__reasoning_first/test__rag_k1,section,finance,13,2,0.923077,0.66686,0.98629
gemma3-4b__reasoning_first/test__rag_k1,section,trending,3,0,1.0,0.438503,1.0
gemma3-4b__reasoning_first/test__rag_k1,section,dunia,3,0,1.0,0.438503,1.0
gemma3-4b__reasoning_first/test__rag_k1,section,seleb,4,0,1.0,0.510109,1.0
gemma3-4b__reasoning_first/test__rag_k1,section,wolipop,5,0,1.0,0.565518,1.0
gemma3-4b__reasoning_first/test__rag_k1,section,ekbis,5,1,0.6,0.230724,0.882379
gemma3-4b__reasoning_first/test__rag_k1,section,politics,7,0,1.0,0.64567,1.0
gemma3-4b__reasoning_first/test__rag_k1,section,opinion,1,0,1.0,0.206549,1.0
gemma3-4b__reasoning_first/test__rag_k1,section,gaya-hidup,8,1,0.75,0.409275,0.928521
gemma3-4b__reasoning_first/test__rag_k1,section,regional,3,0,1.0,0.438503,1.0
gemma3-4b__reasoning_first/test__rag_k1,section,ragam,4,0,1.0,0.510109,1.0
gemma3-4b__reasoning_first/test__rag_k1,section,international,3,0,1.0,0.438503,1.0
gemma3-4b__reasoning_first/test__rag_k1,section,hot,5,1,0.8,0.375535,0.963776
gemma3-4b__reasoning_first/test__rag_k1,section,makassar,1,0,1.0,0.206549,1.0
gemma3-4b__reasoning_first/test__rag_k1,section,sains,3,0,1.0,0.438503,1.0
gemma3-4b__reasoning_first/test__rag_k1,section,go,1,1,1.0,0.206549,1.0
gemma3-4b__reasoning_first/test__rag_k1,section,militer,2,0,1.0,0.34238,1.0
gemma3-4b__reasoning_first/test__rag_k1,section,life,2,0,1.0,0.34238,1.0
gemma3-4b__reasoning_first/test__rag_k10,host,kompas.com,34,0,1.0,0.898485,1.0
gemma3-4b__reasoning_first/test__rag_k10,host,thestar.com,330,178,0.984848,0.965028,0.993511
gemma3-4b__reasoning_first/test__rag_k10,host,biz.kompas.com,192,192,1.0,0.980385,1.0
gemma3-4b__reasoning_first/test__rag_k10,host,sport.tempo.co,9,0,1.0,0.700855,1.0
gemma3-4b__reasoning_first/test__rag_k10,host,tekno.tempo.co,7,2,0.857143,0.486872,0.97432
gemma3-4b__reasoning_first/test__rag_k10,host,viva.co.id,159,100,0.955975,0.911924,0.978513
gemma3-4b__reasoning_first/test__rag_k10,host,lifestyle.sindonews.com,21,2,0.952381,0.773306,0.991544
gemma3-4b__reasoning_first/test__rag_k10,host,oto.detik.com,5,1,1.0,0.565518,1.0
gemma3-4b__reasoning_first/test__rag_k10,host,otomotif.tempo.co,6,0,0.833333,0.436497,0.969947
gemma3-4b__reasoning_first/test__rag_k10,host,tekno.sindonews.com,20,9,0.9,0.698966,0.972134
gemma3-4b__reasoning_first/test__rag_k10,host,metro.tempo.co,3,0,1.0,0.438503,1.0
gemma3-4b__reasoning_first/test__rag_k10,host,bola.tempo.co,5,0,1.0,0.565518,1.0
gemma3-4b__reasoning_first/test__rag_k10,host,sports.sindonews.com,2,2,0.5,0.094531,0.905469
gemma3-4b__reasoning_first/test__rag_k10,host,health.detik.com,6,1,0.833333,0.436497,0.969947
gemma3-4b__reasoning_first/test__rag_k10,host,bisnis.tempo.co,9,0,1.0,0.700855,1.0
gemma3-4b__reasoning_first/test__rag_k10,host,health.kompas.com,9,0,1.0,0.700855,1.0
gemma3-4b__reasoning_first/test__rag_k10,host,megapolitan.kompas.com,6,0,1.0,0.609666,1.0
gemma3-4b__reasoning_first/test__rag_k10,host,nasional.sindonews.com,16,14,0.875,0.639772,0.965023
gemma3-4b__reasoning_first/test__rag_k10,host,lifestyle.kompas.com,9,0,1.0,0.700855,1.0
gemma3-4b__reasoning_first/test__rag_k10,host,inet.detik.com,7,2,0.714286,0.358934,0.917781
gemma3-4b__reasoning_first/test__rag_k10,host,news.detik.com,9,2,1.0,0.700855,1.0
gemma3-4b__reasoning_first/test__rag_k10,host,otomotif.kompas.com,12,1,0.916667,0.64612,0.985135
gemma3-4b__reasoning_first/test__rag_k10,host,otomotif.sindonews.com,9,5,0.888889,0.565,0.980109
gemma3-4b__reasoning_first/test__rag_k10,host,money.kompas.com,4,0,1.0,0.510109,1.0
gemma3-4b__reasoning_first/test__rag_k10,host,edukasi.sindonews.com,6,2,1.0,0.609666,1.0
gemma3-4b__reasoning_first/test__rag_k10,host,surabaya.kompas.com,1,0,1.0,0.206549,1.0
gemma3-4b__reasoning_first/test__rag_k10,host,travel.tempo.co,12,0,1.0,0.757506,1.0
gemma3-4b__reasoning_first/test__rag_k10,host,food.detik.com,17,2,0.941176,0.73018,0.98954
gemma3-4b__reasoning_first/test__rag_k10,host,daerah.sindonews.com,4,0,0.75,0.300642,0.954413
gemma3-4b__reasoning_first/test__rag_k10,host,gaya.tempo.co,12,0,1.0,0.757506,1.0
gemma3-4b__reasoning_first/test__rag_k10,host,finance.detik.com,13,2,0.923077,0.66686,0.98629
gemma3-4b__reasoning_first/test__rag_k10,host,dunia.tempo.co,3,0,1.0,0.438503,1.0
gemma3-4b__reasoning_first/test__rag_k10,host,seleb.tempo.co,4,0,1.0,0.510109,1.0
gemma3-4b__reasoning_first/test__rag_k10,host,sport.detik.com,6,0,1.0,0.609666,1.0
gemma3-4b__reasoning_first/test__rag_k10,host,wolipop.detik.com,5,0,1.0,0.565518,1.0
gemma3-4b__reasoning_first/test__rag_k10,host,ekbis.sindonews.com,5,1,0.8,0.375535,0.963776
gemma3-4b__reasoning_first/test__rag_k10,host,tekno.kompas.com,2,1,1.0,0.34238,1.0
gemma3-4b__reasoning_first/test__rag_k10,host,nasional.kompas.com,4,0,1.0,0.510109,1.0
gemma3-4b__reasoning_first/test__rag_k10,host,regional.kompas.com,3,0,1.0,0.438503,1.0
gemma3-4b__reasoning_first/test__rag_k10,host,international.sindonews.com,3,0,1.0,0.438503,1.0
gemma3-4b__reasoning_first/test__rag_k10,host,hot.detik.com,5,1,0.8,0.375535,0.963776
gemma3-4b__reasoning_first/test__rag_k10,host,makassar.kompas.com,1,0,1.0,0.206549,1.0
gemma3-4b__reasoning_first/test__rag_k10,host,sains.sindonews.com,3,0,1.0,0.438503,1.0
gemma3-4b__reasoning_first/test__rag_k10,host,go.kompas.com,1,1,1.0,0.206549,1.0
gemma3-4b__reasoning_first/test__rag_k10,host,bola.kompas.com,1,0,1.0,0.206549,1.0
gemma3-4b__reasoning_first/test__rag_k10,section,global,5,0,1.0,0.565518,1.0
gemma3-4b__reasoning_first/test__rag_k10,section,skola,7,0,1.0,0.64567,1.0
gemma3-4b__reasoning_first/test__rag_k10,section,sports,74,2,0.986486,0.927346,0.997611
gemma3-4b__reasoning_first/test__rag_k10,section,biz,192,192,1.0,0.980385,1.0
gemma3-4b__reasoning_first/test__rag_k10,section,sport,18,0,1.0,0.824121,1.0
gemma3-4b__reasoning_first/test__rag_k10,section,tekno,29,12,0.896552,0.736149,0.964185
gemma3-4b__reasoning_first/test__rag_k10,section,homey,3,0,1.0,0.438503,1.0
gemma3-4b__reasoning_first/test__rag_k10,section,tren,4,0,1.0,0.510109,1.0
gemma3-4b__reasoning_first/test__rag_k10,section,siaran-pers,95,95,0.989474,0.942761,0.998139
gemma3-4b__reasoning_first/test__rag_k10,section,lifestyle,30,2,0.966667,0.833296,0.994091
gemma3-4b__reasoning_first/test__rag_k10,section,news,66,2,1.0,0.944997,1.0
gemma3-4b__reasoning_first/test__rag_k10,section,globenewswire,178,178,1.0,0.978875,1.0
gemma3-4b__reasoning_first/test__rag_k10,section,oto,5,1,1.0,0.565518,1.0
gemma3-4b__reasoning_first/test__rag_k10,section,otomotif,28,6,0.892857,0.728041,0.962882
gemma3-4b__reasoning_first/test__rag_k10,section,entertainment,4,0,0.5,0.150039,0.849961
gemma3-4b__reasoning_first/test__rag_k10,section,metro,3,0,1.0,0.438503,1.0
gemma3-4b__reasoning_first/test__rag_k10,section,bola,13,0,1.0,0.771905,1.0
gemma3-4b__reasoning_first/test__rag_k10,section,health,15,1,0.933333,0.701835,0.988133
gemma3-4b__reasoning_first/test__rag_k10,section,bisnis,9,0,1.0,0.700855,1.0
gemma3-4b__reasoning_first/test__rag_k10,section,business,11,0,0.818182,0.523019,0.948632
gemma3-4b__reasoning_first/test__rag_k10,section,digital,9,4,0.777778,0.452589,0.936775
gemma3-4b__reasoning_first/test__rag_k10,section,megapolitan,6,0,1.0,0.609666,1.0
gemma3-4b__reasoning_first/test__rag_k10,section,edukasi,12,2,1.0,0.757506,1.0
gemma3-4b__reasoning_first/test__rag_k10,section,nasional,20,14,0.9,0.698966,0.972134
gemma3-4b__reasoning_first/test__rag_k10,section,inet,7,2,0.714286,0.358934,0.917781
gemma3-4b__reasoning_first/test__rag_k10,section,money,4,0,1.0,0.510109,1.0
gemma3-4b__reasoning_first/test__rag_k10,section,surabaya,1,0,1.0,0.206549,1.0
gemma3-4b__reasoning_first/test__rag_k10,section,travel,12,0,1.0,0.757506,1.0
gemma3-4b__reasoning_first/test__rag_k10,section,food,24,2,0.958333,0.797582,0.992607
gemma3-4b__reasoning_first/test__rag_k10,section,daerah,4,0,0.75,0.300642,0.954413
gemma3-4b__reasoning_first/test__rag_k10,section,gaya,12,0,1.0,0.757506,1.0
gemma3-4b__reasoning_first/test__rag_k10,section,showbiz,12,0,1.0,0.757506,1.0
gemma3-4b__reasoning_first/test__rag_k10,section,berita,9,0,0.777778,0.452589,0.936775
gemma3-4b__reasoning_first/test__rag_k10,section,properti,6,0,1.0,0.609666,1.0
gemma3-4b__reasoning_first/test__rag_k10,section,finance,13,2,0.923077,0.66686,0.98629
gemma3-4b__reasoning_first/test__rag_k10,section,trending,3,0,1.0,0.438503,1.0
gemma3-4b__reasoning_first/test__rag_k10,section,dunia,3,0,1.0,0.438503,1.0
gemma3-4b__reasoning_first/test__rag_k10,section,seleb,4,0,1.0,0.510109,1.0
gemma3-4b__reasoning_first/test__rag_k10,section,wolipop,5,0,1.0,0.565518,1.0
gemma3-4b__reasoning_first/test__rag_k10,section,ekbis,5,1,0.8,0.375535,0.963776
gemma3-4b__reasoning_first/test__rag_k10,section,politics,7,0,0.857143,0.486872,0.97432
gemma3-4b__reasoning_first/test__rag_k10,section,opinion,1,0,1.0,0.206549,1.0
gemma3-4b__reasoning_first/test__rag_k10,section,gaya-hidup,8,1,0.75,0.409275,0.928521
gemma3-4b__reasoning_first/test__rag_k10,section,regional,3,0,1.0,0.438503,1.0
gemma3-4b__reasoning_first/test__rag_k10,section,ragam,4,0,1.0,0.510109,1.0
gemma3-4b__reasoning_first/test__rag_k10,section,international,3,0,1.0,0.438503,1.0
gemma3-4b__reasoning_first/test__rag_k10,section,hot,5,1,0.8,0.375535,0.963776
gemma3-4b__reasoning_first/test__rag_k10,section,makassar,1,0,1.0,0.206549,1.0
gemma3-4b__reasoning_first/test__rag_k10,section,sains,3,0,1.0,0.438503,1.0
gemma3-4b__reasoning_first/test__rag_k10,section,go,1,1,1.0,0.206549,1.0
gemma3-4b__reasoning_first/test__rag_k10,section,militer,2,0,1.0,0.34238,1.0
gemma3-4b__reasoning_first/test__rag_k10,section,life,2,0,1.0,0.34238,1.0
gemma3-4b__reasoning_first/test__rag_k3,host,kompas.com,34,0,1.0,0.898485,1.0
gemma3-4b__reasoning_first/test__rag_k3,host,thestar.com,330,178,0.984848,0.965028,0.993511
gemma3-4b__reasoning_first/test__rag_k3,host,biz.kompas.com,192,192,1.0,0.980385,1.0
gemma3-4b__reasoning_first/test__rag_k3,host,sport.tempo.co,9,0,1.0,0.700855,1.0
gemma3-4b__reasoning_first/test__rag_k3,host,tekno.tempo.co,7,2,0.857143,0.486872,0.97432
gemma3-4b__reasoning_first/test__rag_k3,host,viva.co.id,159,100,0.943396,0.895935,0.969938
gemma3-4b__reasoning_first/test__rag_k3,host,lifestyle.sindonews.com,21,2,0.904762,0.710859,0.973481
gemma3-4b__reasoning_first/test__rag_k3,host,oto.detik.com,5,1,1.0,0.565518,1.0
gemma3-4b__reasoning_first/test__rag_k3,host,otomotif.tempo.co,6,0,0.833333,0.436497,0.969947
gemma3-4b__reasoning_first/test__rag_k3,host,tekno.sindonews.com,20,9,0.85,0.639581,0.947631
gemma3-4b__reasoning_first/test__rag_k3,host,metro.tempo.co,3,0,1.0,0.438503,1.0
gemma3-4b__reasoning_first/test__rag_k3,host,bola.tempo.co,5,0,1.0,0.565518,1.0
gemma3-4b__reasoning_first/test__rag_k3,host,sports.sindonews.com,2,2,0.5,0.094531,0.905469
gemma3-4b__reasoning_first/test__rag_k3,host,health.detik.com,6,1,0.833333,0.436497,0.969947
gemma3-4b__reasoning_first/test__rag_k3,host,bisnis.tempo.co,9,0,0.888889,0.565,0.980109
gemma3-4b__reasoning_first/test__rag_k3,host,health.kompas.com,9,0,1.0,0.700855,1.0
gemma3-4b__reasoning_first/test__rag_k3,host,megapolitan.kompas.com,6,0,1.0,0.609666,1.0
gemma3-4b__reasoning_first/test__rag_k3,host,nasional.sindonews.com,16,14,0.875,0.639772,0.965023
gemma3-4b__reasoning_first/test__rag_k3,host,lifestyle.kompas.com,9,0,1.0,0.700855,1.0
gemma3-4b__reasoning_first/test__rag_k3,host,inet.detik.com,7,2,0.714286,0.358934,0.917781
gemma3-4b__reasoning_first/test__rag_k3,host,news.detik.com,9,2,0.888889,0.565,0.980109
gemma3-4b__reasoning_first/test__rag_k3,host,otomotif.kompas.com,12,1,1.0,0.757506,1.0
gemma3-4b__reasoning_first/test__rag_k3,host,otomotif.sindonews.com,9,5,1.0,0.700855,1.0
gemma3-4b__reasoning_first/test__rag_k3,host,money.kompas.com,4,0,1.0,0.510109,1.0
gemma3-4b__reasoning_first/test__rag_k3,host,edukasi.sindonews.com,6,2,1.0,0.609666,1.0
gemma3-4b__reasoning_first/test__rag_k3,host,surabaya.kompas.com,1,0,1.0,0.206549,1.0
gemma3-4b__reasoning_first/test__rag_k3,host,travel.tempo.co,12,0,1.0,0.757506,1.0
gemma3-4b__reasoning_first/test__rag_k3,host,food.detik.com,17,2,0.941176,0.73018,0.98954
gemma3-4b__reasoning_first/test__rag_k3,host,daerah.sindonews.com,4,0,0.5,0.150039,0.849961
gemma3-4b__reasoning_first/test__rag_k3,host,gaya.tempo.co,12,0,1.0,0.757506,1.0
gemma3-4b__reasoning_first/test__rag_k3,host,finance.detik.com,13,2,0.923077,0.66686,0.98629
gemma3-4b__reasoning_first/test__rag_k3,host,dunia.tempo.co,3,0,1.0,0.438503,1.0
gemma3-4b__reasoning_first/test__rag_k3,host,seleb.tempo.co,4,0,1.0,0.510109,1.0
gemma3-4b__reasoning_first/test__rag_k3,host,sport.detik.com,6,0,1.0,0.609666,1.0
gemma3-4b__reasoning_first/test__rag_k3,host,wolipop.detik.com,5,0,1.0,0.565518,1.0
gemma3-4b__reasoning_first/test__rag_k3,host,ekbis.sindonews.com,5,1,0.8,0.375535,0.963776
gemma3-4b__reasoning_first/test__rag_k3,host,tekno.kompas.com,2,1,1.0,0.34238,1.0
gemma3-4b__reasoning_first/test__rag_k3,host,nasional.kompas.com,4,0,1.0,0.510109,1.0
gemma3-4b__reasoning_first/test__rag_k3,host,regional.kompas.com,3,0,1.0,0.438503,1.0
gemma3-4b__reasoning_first/test__rag_k3,host,international.sindonews.com,3,0,1.0,0.438503,1.0
gemma3-4b__reasoning_first/test__rag_k3,host,hot.detik.com,5,1,0.8,0.375535,0.963776
gemma3-4b__reasoning_first/test__rag_k3,host,makassar.kompas.com,1,0,1.0,0.206549,1.0
gemma3-4b__reasoning_first/test__rag_k3,host,sains.sindonews.com,3,0,1.0,0.438503,1.0
gemma3-4b__reasoning_first/test__rag_k3,host,go.kompas.com,1,1,1.0,0.206549,1.0
gemma3-4b__reasoning_first/test__rag_k3,host,bola.kompas.com,1,0,1.0,0.206549,1.0
gemma3-4b__reasoning_first/test__rag_k3,section,global,5,0,1.0,0.565518,1.0
gemma3-4b__reasoning_first/test__rag_k3,section,skola,7,0,1.0,0.64567,1.0
gemma3-4b__reasoning_first/test__rag_k3,section,sports,74,2,0.986486,0.927346,0.997611
gemma3-4b__reasoning_first/test__rag_k3,section,biz,192,192,1.0,0.980385,1.0
gemma3-4b__reasoning_first/test__rag_k3,section,sport,18,0,1.0,0.824121,1.0
gemma3-4b__reasoning_first/test__rag_k3,section,tekno,29,12,0.862069,0.69441,0.945026
gemma3-4b__reasoning_first/test__rag_k3,section,homey,3,0,1.0,0.438503,1.0
gemma3-4b__reasoning_first/test__rag_k3,section,tren,4,0,1.0,0.510109,1.0
gemma3-4b__reasoning_first/test__rag_k3,section,siaran-pers,95,95,1.0,0.961135,1.0
gemma3-4b__reasoning_first/test__rag_k3,section,lifestyle,30,2,0.933333,0.786765,0.981523
gemma3-4b__reasoning_first/test__rag_k3,section,news,66,2,0.984848,0.919041,0.99732
gemma3-4b__reasoning_first/test__rag_k3,section,globenewswire,178,178,1.0,0.978875,1.0
gemma3-4b__reasoning_first/test__rag_k3,section,oto,5,1,1.0,0.565518,1.0
gemma3-4b__reasoning_first/test__rag_k3,section,otomotif,28,6,0.964286,0.822878,0.993667
gemma3-4b__reasoning_first/test__rag_k3,section,entertainment,4,0,0.75,0.300642,0.954413
gemma3-4b__reasoning_first/test__rag_k3,section,metro,3,0,1.0,0.438503,1.0
gemma3-4b__reasoning_first/test__rag_k3,section,bola,13,0,1.0,0.771905,1.0
gemma3-4b__reasoning_first/test__rag_k3,section,health,15,1,0.933333,0.701835,0.988133
gemma3-4b__reasoning_first/test__rag_k3,section,bisnis,9,0,0.888889,0.565,0.980109
gemma3-4b__reasoning_first/test__rag_k3,section,business,11,0,0.727273,0.434355,0.902539
gemma3-4b__reasoning_first/test__rag_k3,section,digital,9,4,0.666667,0.354202,0.879416
gemma3-4b__reasoning_first/test__rag_k3,section,megapolitan,6,0,1.0,0.609666,1.0
gemma3-4b__reasoning_first/test__rag_k3,section,edukasi,12,2,0.916667,0.64612,0.985135
gemma3-4b__reasoning_first/test__rag_k3,section,nasional,20,14,0.9,0.698966,0.972134
gemma3-4b__reasoning_first/test__rag_k3,section,inet,7,2,0.714286,0.358934,0.917781
gemma3-4b__reasoning_first/test__rag_k3,section,money,4,0,1.0,0.510109,1.0
gemma3-4b__reasoning_first/test__rag_k3,section,surabaya,1,0,1.0,0.206549,1.0
gemma3-4b__reasoning_first/test__rag_k3,section,travel,12,0,1.0,0.757506,1.0
gemma3-4b__reasoning_first/test__rag_k3,section,food,24,2,0.958333,0.797582,0.992607
gemma3-4b__reasoning_first/test__rag_k3,section,daerah,4,0,0.5,0.150039,0.849961
gemma3-4b__reasoning_first/test__rag_k3,section,gaya,12,0,1.0,0.757506,1.0
gemma3-4b__reasoning_first/test__rag_k3,section,showbiz,12,0,1.0,0.757506,1.0
gemma3-4b__reasoning_first/test__rag_k3,section,berita,9,0,0.666667,0.354202,0.879416
gemma3-4b__reasoning_first/test__rag_k3,section,properti,6,0,1.0,0.609666,1.0
gemma3-4b__reasoning_first/test__rag_k3,section,finance,13,2,0.923077,0.66686,0.98629
gemma3-4b__reasoning_first/test__rag_k3,section,trending,3,0,1.0,0.438503,1.0
gemma3-4b__reasoning_first/test__rag_k3,section,dunia,3,0,1.0,0.438503,1.0
gemma3-4b__reasoning_first/test__rag_k3,section,seleb,4,0,1.0,0.510109,1.0
gemma3-4b__reasoning_first/test__rag_k3,section,wolipop,5,0,1.0,0.565518,1.0
gemma3-4b__reasoning_first/test__rag_k3,section,ekbis,5,1,0.8,0.375535,0.963776
gemma3-4b__reasoning_first/test__rag_k3,section,politics,7,0,0.857143,0.486872,0.97432
gemma3-4b__reasoning_first/test__rag_k3,section,opinion,1,0,1.0,0.206549,1.0
gemma3-4b__reasoning_first/test__rag_k3,section,gaya-hidup,8,1,0.75,0.409275,0.928521
gemma3-4b__reasoning_first/test__rag_k3,section,regional,3,0,1.0,0.438503,1.0
gemma3-4b__reasoning_first/test__rag_k3,section,ragam,4,0,1.0,0.510109,1.0
gemma3-4b__reasoning_first/test__rag_k3,section,international,3,0,1.0,0.438503,1.0
gemma3-4b__reasoning_first/test__rag_k3,section,hot,5,1,0.8,0.375535,0.963776
gemma3-4b__reasoning_first/test__rag_k3,section,makassar,1,0,1.0,0.206549,1.0
gemma3-4b__reasoning_first/test__rag_k3,section,sains,3,0,1.0,0.438503,1.0
gemma3-4b__reasoning_first/test__rag_k3,section,go,1,1,1.0,0.206549,1.0
gemma3-4b__reasoning_first/test__rag_k3,section,militer,2,0,1.0,0.34238,1.0
gemma3-4b__reasoning_first/test__rag_k3,section,life,2,0,1.0,0.34238,1.0
gemma3-4b__reasoning_first/test__rag_k5,host,kompas.com,79,1,0.974684,0.912314,0.99303
gemma3-4b__reasoning_first/test__rag_k5,host,thestar.com,717,364,0.984658,0.972739,0.991412
gemma3-4b__reasoning_first/test__rag_k5,host,biz.kompas.com,420,420,1.0,0.990937,1.0
gemma3-4b__reasoning_first/test__rag_k5,host,sport.tempo.co,14,0,1.0,0.784689,1.0
gemma3-4b__reasoning_first/test__rag_k5,host,tekno.tempo.co,19,2,0.947368,0.753613,0.990648
gemma3-4b__reasoning_first/test__rag_k5,host,viva.co.id,292,177,0.94863,0.916984,0.968625
gemma3-4b__reasoning_first/test__rag_k5,host,lifestyle.sindonews.com,41,4,0.878049,0.744558,0.946767
gemma3-4b__reasoning_first/test__rag_k5,host,oto.detik.com,11,4,0.727273,0.434355,0.902539
gemma3-4b__reasoning_first/test__rag_k5,host,otomotif.tempo.co,13,0,0.923077,0.66686,0.98629
gemma3-4b__reasoning_first/test__rag_k5,host,tekno.sindonews.com,42,19,0.833333,0.69396,0.916841
gemma3-4b__reasoning_first/test__rag_k5,host,metro.tempo.co,7,0,1.0,0.64567,1.0
gemma3-4b__reasoning_first/test__rag_k5,host,bola.tempo.co,10,0,1.0,0.722467,1.0
gemma3-4b__reasoning_first/test__rag_k5,host,sports.sindonews.com,9,9,0.777778,0.452589,0.936775
gemma3-4b__reasoning_first/test__rag_k5,host,health.detik.com,11,1,0.909091,0.622642,0.983768
gemma3-4b__reasoning_first/test__rag_k5,host,bisnis.tempo.co,15,2,0.866667,0.62118,0.962639
gemma3-4b__reasoning_first/test__rag_k5,host,health.kompas.com,21,0,1.0,0.845361,1.0
gemma3-4b__reasoning_first/test__rag_k5,host,megapolitan.kompas.com,12,0,1.0,0.757506,1.0
gemma3-4b__reasoning_first/test__rag_k5,host,nasional.sindonews.com,38,30,0.763158,0.607932,0.870063
gemma3-4b__reasoning_first/test__rag_k5,host,lifestyle.kompas.com,18,1,0.944444,0.742427,0.990125
gemma3-4b__reasoning_first/test__rag_k5,host,inet.detik.com,26,6,0.846154,0.664688,0.9385
gemma3-4b__reasoning_first/test__rag_k5,host,news.detik.com,29,6,0.896552,0.736149,0.964185
gemma3-4b__reasoning_first/test__rag_k5,host,otomotif.kompas.com,21,5,0.761905,0.549088,0.89372
gemma3-4b__reasoning_first/test__rag_k5,host,otomotif.sindonews.com,18,6,0.944444,0.742427,0.990125
gemma3-4b__reasoning_first/test__rag_k5,host,money.kompas.com,8,0,1.0,0.675592,1.0
gemma3-4b__reasoning_first/test__rag_k5,host,edukasi.sindonews.com,23,8,0.913043,0.73204,0.97582
gemma3-4b__reasoning_first/test__rag_k5,host,surabaya.kompas.com,1,0,1.0,0.206549,1.0
gemma3-4b__reasoning_first/test__rag_k5,host,travel.tempo.co,21,1,0.952381,0.773306,0.991544
gemma3-4b__reasoning_first/test__rag_k5,host,food.detik.com,31,2,0.967742,0.838059,0.994283
gemma3-4b__reasoning_first/test__rag_k5,host,daerah.sindonews.com,12,0,0.833333,0.551969,0.953035
gemma3-4b__reasoning_first/test__rag_k5,host,gaya.tempo.co,23,0,1.0,0.856883,1.0
gemma3-4b__reasoning_first/test__rag_k5,host,finance.detik.com,35,8,0.8,0.641084,0.899576
gemma3-4b__reasoning_first/test__rag_k5,host,dunia.tempo.co,7,0,1.0,0.64567,1.0
gemma3-4b__reasoning_first/test__rag_k5,host,seleb.tempo.co,11,0,1.0,0.741167,1.0
gemma3-4b__reasoning_first/test__rag_k5,host,sport.detik.com,20,0,1.0,0.838875,1.0
gemma3-4b__reasoning_first/test__rag_k5,host,wolipop.detik.com,10,0,1.0,0.722467,1.0
gemma3-4b__reasoning_first/test__rag_k5,host,ekbis.sindonews.com,13,2,0.846154,0.577654,0.956742
gemma3-4b__reasoning_first/test__rag_k5,host,tekno.kompas.com,6,1,1.0,0.609666,1.0
gemma3-4b__reasoning_first/test__rag_k5,host,nasional.kompas.com,7,0,1.0,0.64567,1.0
gemma3-4b__reasoning_first/test__rag_k5,host,regional.kompas.com,6,0,1.0,0.609666,1.0
gemma3-4b__reasoning_first/test__rag_k5,host,international.sindonews.com,11,0,1.0,0.741167,1.0
gemma3-4b__reasoning_first/test__rag_k5,host,hot.detik.com,17,1,0.941176,0.73018,0.98954
gemma3-4b__reasoning_first/test__rag_k5,host,makassar.kompas.com,1,0,1.0,0.206549,1.0
gemma3-4b__reasoning_first/test__rag_k5,host,sains.sindonews.com,13,0,1.0,0.771905,1.0
gemma3-4b__reasoning_first/test__rag_k5,host,go.kompas.com,1,1,1.0,0.206549,1.0
gemma3-4b__reasoning_first/test__rag_k5,host,bola.kompas.com,3,0,1.0,0.438503,1.0
gemma3-4b__reasoning_first/test__rag_k5,host,nasional.tempo.co,1,0,1.0,0.206549,1.0
gemma3-4b__reasoning_first/test__rag_k5,host,bandung.kompas.com,1,0,1.0,0.206549,1.0
gemma3-4b__reasoning_first/test__rag_k5,section,global,13,0,1.0,0.771905,1.0
gemma3-4b__reasoning_first/test__rag_k5,section,skola,9,0,1.0,0.700855,1.0
gemma3-4b__reasoning_first/test__rag_k5,section,sports,179,9,0.988827,0.960183,0.996931
gemma3-4b__reasoning_first/test__rag_k5,section,biz,420,420,1.0,0.990937,1.0
gemma3-4b__reasoning_first/test__rag_k5,section,sport,40,0,0.975,0.871186,0.995573
gemma3-4b__reasoning_first/test__rag_k5,section,tekno,67,22,0.880597,0.78168,0.938238
gemma3-4b__reasoning_first/test__rag_k5,section,homey,10,1,0.9,0.59585,0.982124
gemma3-4b__reasoning_first/test__rag_k5,section,tren,9,0,1.0,0.700855,1.0
gemma3-4b__reasoning_first/test__rag_k5,section,siaran-pers,170,170,1.0,0.977903,1.0
gemma3-4b__reasoning_first/test__rag_k5,section,lifestyle,59,5,0.898305,0.795362,0.952552
gemma3-4b__reasoning_first/test__rag_k5,section,news,158,6,0.968354,0.928067,0.986409
gemma3-4b__reasoning_first/test__rag_k5,section,globenewswire,364,364,1.0,0.989557,1.0
gemma3-4b__reasoning_first/test__rag_k5,section,oto,11,4,0.727273,0.434355,0.902539
gemma3-4b__reasoning_first/test__rag_k5,section,otomotif,55,12,0.854545,0.738391,0.924407
gemma3-4b__reasoning_first/test__rag_k5,section,entertainment,9,0,0.888889,0.565,0.980109
gemma3-4b__reasoning_first/test__rag_k5,section,metro,7,0,1.0,0.64567,1.0
gemma3-4b__reasoning_first/test__rag_k5,section,bola,29,0,1.0,0.88303,1.0
gemma3-4b__reasoning_first/test__rag_k5,section,health,32,1,0.96875,0.842557,0.994462
gemma3-4b__reasoning_first/test__rag_k5,section,bisnis,15,2,0.866667,0.62118,0.962639
gemma3-4b__reasoning_first/test__rag_k5,section,business,16,0,0.75,0.505017,0.898179
gemma3-4b__reasoning_first/test__rag_k5,section,digital,17,4,0.705882,0.468669,0.8672
gemma3-4b__reasoning_first/test__rag_k5,section,megapolitan,12,0,1.0,0.757506,1.0
gemma3-4b__reasoning_first/test__rag_k5,section,edukasi,33,8,0.939394,0.803938,0.983219
gemma3-4b__reasoning_first/test__rag_k5,section,nasional,46,30,0.804348,0.668287,0.893494
gemma3-4b__reasoning_first/test__rag_k5,section,inet,26,6,0.846154,0.664688,0.9385
gemma3-4b__reasoning_first/test__rag_k5,section,money,8,0,1.0,0.675592,1.0
gemma3-4b__reasoning_first/test__rag_k5,section,surabaya,1,0,1.0,0.206549,1.0
gemma3-4b__reasoning_first/test__rag_k5,section,travel,21,1,0.952381,0.773306,0.991544
gemma3-4b__reasoning_first/test__rag_k5,section,food,52,2,0.980769,0.898795,0.996597
gemma3-4b__reasoning_first/test__rag_k5,section,daerah,12,0,0.833333,0.551969,0.953035
gemma3-4b__reasoning_first/test__rag_k5,section,gaya,23,0,1.0,0.856883,1.0
gemma3-4b__reasoning_first/test__rag_k5,section,showbiz,24,1,0.958333,0.797582,0.992607
gemma3-4b__reasoning_first/test__rag_k5,section,berita,13,0,0.769231,0.497436,0.918205
gemma3-4b__reasoning_first/test__rag_k5,section,properti,10,0,0.9,0.59585,0.982124
gemma3-4b__reasoning_first/test__rag_k5,section,finance,35,8,0.8,0.641084,0.899576
gemma3-4b__reasoning_first/test__rag_k5,section,trending,4,0,1.0,0.510109,1.0
gemma3-4b__reasoning_first/test__rag_k5,section,dunia,7,0,1.0,0.64567,1.0
gemma3-4b__reasoning_first/test__rag_k5,section,seleb,11,0,1.0,0.741167,1.0
gemma3-4b__reasoning_first/test__rag_k5,section,wolipop,10,0,1.0,0.722467,1.0
gemma3-4b__reasoning_first/test__rag_k5,section,ekbis,13,2,0.846154,0.577654,0.956742
gemma3-4b__reasoning_first/test__rag_k5,section,politics,16,0,0.9375,0.716713,0.988881
gemma3-4b__reasoning_first/test__rag_k5,section,opinion,9,0,0.888889,0.565,0.980109
gemma3-4b__reasoning_first/test__rag_k5,section,gaya-hidup,16,1,0.75,0.505017,0.898179
gemma3-4b__reasoning_first/test__rag_k5,section,regional,6,0,1.0,0.609666,1.0
gemma3-4b__reasoning_first/test__rag_k5,section,ragam,11,0,1.0,0.741167,1.0
gemma3-4b__reasoning_first/test__rag_k5,section,international,11,0,1.0,0.741167,1.0
gemma3-4b__reasoning_first/test__rag_k5,section,hot,17,1,0.941176,0.73018,0.98954
gemma3-4b__reasoning_first/test__rag_k5,section,makassar,1,0,1.0,0.206549,1.0
gemma3-4b__reasoning_first/test__rag_k5,section,sains,13,0,1.0,0.771905,1.0
gemma3-4b__reasoning_first/test__rag_k5,section,go,1,1,1.0,0.206549,1.0
gemma3-4b__reasoning_first/test__rag_k5,section,militer,2,0,1.0,0.34238,1.0
gemma3-4b__reasoning_first/test__rag_k5,section,life,7,0,0.857143,0.486872,0.97432
gemma3-4b__reasoning_first/test__rag_k5,section,sponsored-sections,1,0,0.0,0.0,0.793451
gemma3-4b__reasoning_first/test__rag_k5,section,badminton,1,0,1.0,0.206549,1.0
gemma3-4b__reasoning_first/test__rag_k5,section,edu,2,0,1.0,0.34238,1.0
gemma3-4b__reasoning_first/test__rag_k5,section,bandung,1,0,1.0,0.206549,1.0
llama3.2-1b__reasoning_first/test__norag,host,kompas.com,79,1,0.936709,0.860251,0.972665
llama3.2-1b__reasoning_first/test__norag,host,thestar.com,717,364,0.980474,0.967494,0.988334
llama3.2-1b__reasoning_first/test__norag,host,biz.kompas.com,420,420,1.0,0.990937,1.0
llama3.2-1b__reasoning_first/test__norag,host,sport.tempo.co,14,0,0.928571,0.685313,0.987278
llama3.2-1b__reasoning_first/test__norag,host,tekno.tempo.co,19,2,0.894737,0.686059,0.970641
llama3.2-1b__reasoning_first/test__norag,host,viva.co.id,292,177,0.938356,0.904673,0.960655
llama3.2-1b__reasoning_first/test__norag,host,lifestyle.sindonews.com,41,4,0.926829,0.805726,0.974802
llama3.2-1b__reasoning_first/test__norag,host,oto.detik.com,11,4,0.909091,0.622642,0.983768
llama3.2-1b__reasoning_first/test__norag,host,otomotif.tempo.co,13,0,0.923077,0.66686,0.98629
llama3.2-1b__reasoning_first/test__norag,host,tekno.sindonews.com,42,19,0.785714,0.640602,0.882942
llama3.2-1b__reasoning_first/test__norag,host,metro.tempo.co,7,0,0.857143,0.486872,0.97432
llama3.2-1b__reasoning_first/test__norag,host,bola.tempo.co,10,0,0.9,0.59585,0.982124
llama3.2-1b__reasoning_first/test__norag,host,sports.sindonews.com,9,9,0.777778,0.452589,0.936775
llama3.2-1b__reasoning_first/test__norag,host,health.detik.com,11,1,0.909091,0.622642,0.983768
llama3.2-1b__reasoning_first/test__norag,host,bisnis.tempo.co,15,2,0.933333,0.701835,0.988133
llama3.2-1b__reasoning_first/test__norag,host,health.kompas.com,21,0,0.952381,0.773306,0.991544
llama3.2-1b__reasoning_first/test__norag,host,megapolitan.kompas.com,12,0,1.0,0.757506,1.0
llama3.2-1b__reasoning_first/test__norag,host,nasional.sindonews.com,38,30,0.815789,0.665811,0.907782
llama3.2-1b__reasoning_first/test__norag,host,lifestyle.kompas.com,18,1,0.944444,0.742427,0.990125
llama3.2-1b__reasoning_first/test__norag,host,inet.detik.com,26,6,0.846154,0.664688,0.9385
llama3.2-1b__reasoning_first/test__norag,host,news.detik.com,29,6,0.827586,0.654516,0.924021
llama3.2-1b__reasoning_first/test__norag,host,otomotif.kompas.com,21,5,0.714286,0.500436,0.861861
llama3.2-1b__reasoning_first/test__norag,host,otomotif.sindonews.com,18,6,0.888889,0.672002,0.96898
llama3.2-1b__reasoning_first/test__norag,host,money.kompas.com,8,0,0.625,0.305742,0.863156
llama3.2-1b__reasoning_first/test__norag,host,edukasi.sindonews.com,23,8,0.956522,0.790088,0.992283
llama3.2-1b__reasoning_first/test__norag,host,surabaya.kompas.com,1,0,1.0,0.206549,1.0
llama3.2-1b__reasoning_first/test__norag,host,travel.tempo.co,21,1,0.904762,0.710859,0.973481
llama3.2-1b__reasoning_first/test__norag,host,food.detik.com,31,2,0.967742,0.838059,0.994283
llama3.2-1b__reasoning_first/test__norag,host,daerah.sindonews.com,12,0,0.666667,0.390622,0.86188
llama3.2-1b__reasoning_first/test__norag,host,gaya.tempo.co,23,0,0.956522,0.790088,0.992283
llama3.2-1b__reasoning_first/test__norag,host,finance.detik.com,35,8,0.657143,0.491519,0.791683
llama3.2-1b__reasoning_first/test__norag,host,dunia.tempo.co,7,0,1.0,0.64567,1.0
llama3.2-1b__reasoning_first/test__norag,host,seleb.tempo.co,11,0,1.0,0.741167,1.0
llama3.2-1b__reasoning_first/test__norag,host,sport.detik.com,20,0,1.0,0.838875,1.0
llama3.2-1b__reasoning_first/test__norag,host,wolipop.detik.com,10,0,1.0,0.722467,1.0
llama3.2-1b__reasoning_first/test__norag,host,ekbis.sindonews.com,13,2,0.769231,0.497436,0.918205
llama3.2-1b__reasoning_first/test__norag,host,tekno.kompas.com,6,1,1.0,0.609666,1.0
llama3.2-1b__reasoning_first/test__norag,host,nasional.kompas.com,7,0,0.857143,0.486872,0.97432
llama3.2-1b__reasoning_first/test__norag,host,regional.kompas.com,6,0,1.0,0.609666,1.0
llama3.2-1b__reasoning_first/test__norag,host,international.sindonews.com,11,0,1.0,0.741167,1.0
llama3.2-1b__reasoning_first/test__norag,host,hot.detik.com,17,1,0.941176,0.73018,0.98954
llama3.2-1b__reasoning_first/test__norag,host,makassar.kompas.com,1,0,1.0,0.206549,1.0
llama3.2-1b__reasoning_first/test__norag,host,sains.sindonews.com,13,0,1.0,0.771905,1.0
llama3.2-1b__reasoning_first/test__norag,host,go.kompas.com,1,1,1.0,0.206549,1.0
llama3.2-1b__reasoning_first/test__norag,host,bola.kompas.com,3,0,1.0,0.438503,1.0
llama3.2-1b__reasoning_first/test__norag,host,nasional.tempo.co,1,0,1.0,0.206549,1.0
llama3.2-1b__reasoning_first/test__norag,host,bandung.kompas.com,1,0,1.0,0.206549,1.0
llama3.2-1b__reasoning_first/test__norag,section,global,13,0,1.0,0.771905,1.0
llama3.2-1b__reasoning_first/test__norag,section,skola,9,0,0.888889,0.565,0.980109
llama3.2-1b__reasoning_first/test__norag,section,sports,179,9,0.977654,0.94396,0.991276
llama3.2-1b__reasoning_first/test__norag,section,biz,420,420,1.0,0.990937,1.0
llama3.2-1b__reasoning_first/test__norag,section,sport,40,0,0.975,0.871186,0.995573
llama3.2-1b__reasoning_first/test__norag,section,tekno,67,22,0.835821,0.729447,0.905774
llama3.2-1b__reasoning_first/test__norag,section,homey,10,1,0.8,0.490162,0.943318
llama3.2-1b__reasoning_first/test__norag,section,tren,9,0,1.0,0.700855,1.0
llama3.2-1b__reasoning_first/test__norag,section,siaran-pers,170,170,0.976471,0.941071,0.990813
llama3.2-1b__reasoning_first/test__norag,section,lifestyle,59,5,0.932203,0.838245,0.973321
llama3.2-1b__reasoning_first/test__norag,section,news,158,6,0.943038,0.895298,0.969746
llama3.2-1b__reasoning_first/test__norag,section,globenewswire,364,364,1.0,0.989557,1.0
llama3.2-1b__reasoning_first/test__norag,section,oto,11,4,0.909091,0.622642,0.983768
llama3.2-1b__reasoning_first/test__norag,section,otomotif,55,12,0.818182,0.696695,0.898123
llama3.2-1b__reasoning_first/test__norag,section,entertainment,9,0,1.0,0.700855,1.0
llama3.2-1b__reasoning_first/test__norag,section,metro,7,0,0.857143,0.486872,0.97432
llama3.2-1b__reasoning_first/test__norag,section,bola,29,0,0.965517,0.828245,0.993887
llama3.2-1b__reasoning_first/test__norag,section,health,32,1,0.9375,0.798529,0.982689
llama3.2-1b__reasoning_first/test__norag,section,bisnis,15,2,0.933333,0.701835,0.988133
llama3.2-1b__reasoning_first/test__norag,section,business,16,0,0.9375,0.716713,0.988881
llama3.2-1b__reasoning_first/test__norag,section,digital,17,4,0.647059,0.413004,0.826903
llama3.2-1b__reasoning_first/test__norag,section,megapolitan,12,0,1.0,0.757506,1.0
llama3.2-1b__reasoning_first/test__norag,section,edukasi,33,8,0.939394,0.803938,0.983219
llama3.2-1b__reasoning_first/test__norag,section,nasional,46,30,0.826087,0.692766,0.909142
llama3.2-1b__reasoning_first/test__norag,section,inet,26,6,0.846154,0.664688,0.9385
llama3.2-1b__reasoning_first/test__norag,section,money,8,0,0.625,0.305742,0.863156
llama3.2-1b__reasoning_first/test__norag,section,surabaya,1,0,1.0,0.206549,1.0
llama3.2-1b__reasoning_first/test__norag,section,travel,21,1,0.904762,0.710859,0.973481
llama3.2-1b__reasoning_first/test__norag,section,food,52,2,0.980769,0.898795,0.996597
llama3.2-1b__reasoning_first/test__norag,section,daerah,12,0,0.666667,0.390622,0.86188
llama3.2-1b__reasoning_first/test__norag,section,gaya,23,0,0.956522,0.790088,0.992283
llama3.2-1b__reasoning_first/test__norag,section,showbiz,24,1,0.958333,0.797582,0.992607
llama3.2-1b__reasoning_first/test__norag,section,berita,13,0,0.769231,0.497436,0.918205
llama3.2-1b__reasoning_first/test__norag,section,properti,10,0,0.8,0.490162,0.943318
llama3.2-1b__reasoning_first/test__norag,section,finance,35,8,0.657143,0.491519,0.791683
llama3.2-1b__reasoning_first/test__norag,section,trending,4,0,1.0,0.510109,1.0
llama3.2-1b__reasoning_first/test__norag,section,dunia,7,0,1.0,0.64567,1.0
llama3.2-1b__reasoning_first/test__norag,section,seleb,11,0,1.0,0.741167,1.0
llama3.2-1b__reasoning_first/test__norag,section,wolipop,10,0,1.0,0.722467,1.0
llama3.2-1b__reasoning_first/test__norag,section,ekbis,13,2,0.769231,0.497436,0.918205
llama3.2-1b__reasoning_first/test__norag,section,politics,16,0,1.0,0.806392,1.0
llama3.2-1b__reasoning_first/test__norag,section,opinion,9,0,0.666667,0.354202,0.879416
llama3.2-1b__reasoning_first/test__norag,section,gaya-hidup,16,1,0.875,0.639772,0.965023
llama3.2-1b__reasoning_first/test__norag,section,regional,6,0,1.0,0.609666,1.0
llama3.2-1b__reasoning_first/test__norag,section,ragam,11,0,1.0,0.741167,1.0
llama3.2-1b__reasoning_first/test__norag,section,international,11,0,1.0,0.741167,1.0
llama3.2-1b__reasoning_first/test__norag,section,hot,17,1,0.941176,0.73018,0.98954
llama3.2-1b__reasoning_first/test__norag,section,makassar,1,0,1.0,0.206549,1.0
llama3.2-1b__reasoning_first/test__norag,section,sains,13,0,1.0,0.771905,1.0
llama3.2-1b__reasoning_first/test__norag,section,go,1,1,1.0,0.206549,1.0
llama3.2-1b__reasoning_first/test__norag,section,militer,2,0,1.0,0.34238,1.0
llama3.2-1b__reasoning_first/test__norag,section,life,7,0,0.571429,0.250458,0.84178
llama3.2-1b__reasoning_first/test__norag,section,sponsored-sections,1,0,0.0,0.0,0.793451
llama3.2-1b__reasoning_first/test__norag,section,badminton,1,0,1.0,0.206549,1.0
llama3.2-1b__reasoning_first/test__norag,section,edu,2,0,1.0,0.34238,1.0
llama3.2-1b__reasoning_first/test__norag,section,bandung,1,0,1.0,0.206549,1.0
llama3.2-1b__reasoning_first/test__rag_k5,host,kompas.com,79,1,0.962025,0.894199,0.987002
llama3.2-1b__reasoning_first/test__rag_k5,host,thestar.com,717,364,0.981869,0.969228,0.989374
llama3.2-1b__reasoning_first/test__rag_k5,host,biz.kompas.com,420,420,0.995238,0.982806,0.998693
llama3.2-1b__reasoning_first/test__rag_k5,host,sport.tempo.co,14,0,1.0,0.784689,1.0
llama3.2-1b__reasoning_first/test__rag_k5,host,tekno.tempo.co,19,2,0.947368,0.753613,0.990648
llama3.2-1b__reasoning_first/test__rag_k5,host,viva.co.id,292,177,0.938356,0.904673,0.960655
llama3.2-1b__reasoning_first/test__rag_k5,host,lifestyle.sindonews.com,41,4,0.902439,0.774523,0.961403
llama3.2-1b__reasoning_first/test__rag_k5,host,oto.detik.com,11,4,0.727273,0.434355,0.902539
llama3.2-1b__reasoning_first/test__rag_k5,host,otomotif.tempo.co,13,0,1.0,0.771905,1.0
llama3.2-1b__reasoning_first/test__rag_k5,host,tekno.sindonews.com,42,19,0.857143,0.721589,0.93284
llama3.2-1b__reasoning_first/test__rag_k5,host,metro.tempo.co,7,0,0.857143,0.486872,0.97432
llama3.2-1b__reasoning_first/test__rag_k5,host,bola.tempo.co,10,0,1.0,0.722467,1.0
llama3.2-1b__reasoning_first/test__rag_k5,host,sports.sindonews.com,9,9,0.777778,0.452589,0.936775
llama3.2-1b__reasoning_first/test__rag_k5,host,health.detik.com,11,1,0.909091,0.622642,0.983768
llama3.2-1b__reasoning_first/test__rag_k5,host,bisnis.tempo.co,15,2,0.866667,0.62118,0.962639
llama3.2-1b__reasoning_first/test__rag_k5,host,health.kompas.com,21,0,0.952381,0.773306,0.991544
llama3.2-1b__reasoning_first/test__rag_k5,host,megapolitan.kompas.com,12,0,0.916667,0.64612,0.985135
llama3.2-1b__reasoning_first/test__rag_k5,host,nasional.sindonews.com,38,30,0.815789,0.665811,0.907782
llama3.2-1b__reasoning_first/test__rag_k5,host,lifestyle.kompas.com,18,1,0.944444,0.742427,0.990125
llama3.2-1b__reasoning_first/test__rag_k5,host,inet.detik.com,26,6,0.884615,0.710241,0.959968
llama3.2-1b__reasoning_first/test__rag_k5,host,news.detik.com,29,6,0.862069,0.69441,0.945026
llama3.2-1b__reasoning_first/test__rag_k5,host,otomotif.kompas.com,21,5,0.809524,0.599994,0.923324
llama3.2-1b__reasoning_first/test__rag_k5,host,otomotif.sindonews.com,18,6,0.944444,0.742427,0.990125
llama3.2-1b__reasoning_first/test__rag_k5,host,money.kompas.com,8,0,0.875,0.529112,0.977583
llama3.2-1b__reasoning_first/test__rag_k5,host,edukasi.sindonews.com,23,8,0.956522,0.790088,0.992283
llama3.2-1b__reasoning_first/test__rag_k5,host,surabaya.kompas.com,1,0,1.0,0.206549,1.0
llama3.2-1b__reasoning_first/test__rag_k5,host,travel.tempo.co,21,1,0.952381,0.773306,0.991544
llama3.2-1b__reasoning_first/test__rag_k5,host,food.detik.com,31,2,0.935484,0.792814,0.982125
llama3.2-1b__reasoning_first/test__rag_k5,host,daerah.sindonews.com,12,0,0.666667,0.390622,0.86188
llama3.2-1b__reasoning_first/test__rag_k5,host,gaya.tempo.co,23,0,0.913043,0.73204,0.97582
llama3.2-1b__reasoning_first/test__rag_k5,host,finance.detik.com,35,8,0.657143,0.491519,0.791683
llama3.2-1b__reasoning_first/test__rag_k5,host,dunia.tempo.co,7,0,1.0,0.64567,1.0
llama3.2-1b__reasoning_first/test__rag_k5,host,seleb.tempo.co,11,0,1.0,0.741167,1.0
llama3.2-1b__reasoning_first/test__rag_k5,host,sport.detik.com,20,0,1.0,0.838875,1.0
llama3.2-1b__reasoning_first/test__rag_k5,host,wolipop.detik.com,10,0,1.0,0.722467,1.0
llama3.2-1b__reasoning_first/test__rag_k5,host,ekbis.sindonews.com,13,2,0.846154,0.577654,0.956742
llama3.2-1b__reasoning_first/test__rag_k5,host,tekno.kompas.com,6,1,1.0,0.609666,1.0
llama3.2-1b__reasoning_first/test__rag_k5,host,nasional.kompas.com,7,0,1.0,0.64567,1.0
llama3.2-1b__reasoning_first/test__rag_k5,host,regional.kompas.com,6,0,0.833333,0.436497,0.969947
llama3.2-1b__reasoning_first/test__rag_k5,host,international.sindonews.com,11,0,1.0,0.741167,1.0
llama3.2-1b__reasoning_first/test__rag_k5,host,hot.detik.com,17,1,0.941176,0.73018,0.98954
llama3.2-1b__reasoning_first/test__rag_k5,host,makassar.kompas.com,1,0,1.0,0.206549,1.0
llama3.2-1b__reasoning_first/test__rag_k5,host,sains.sindonews.com,13,0,1.0,0.771905,1.0
llama3.2-1b__reasoning_first/test__rag_k5,host,go.kompas.com,1,1,1.0,0.206549,1.0
llama3.2-1b__reasoning_first/test__rag_k5,host,bola.kompas.com,3,0,1.0,0.438503,1.0
llama3.2-1b__reasoning_first/test__rag_k5,host,nasional.tempo.co,1,0,1.0,0.206549,1.0
llama3.2-1b__reasoning_first/test__rag_k5,host,bandung.kompas.com,1,0,1.0,0.206549,1.0
llama3.2-1b__reasoning_first/test__rag_k5,section,global,13,0,1.0,0.771905,1.0
llama3.2-1b__reasoning_first/test__rag_k5,section,skola,9,0,1.0,0.700855,1.0
llama3.2-1b__reasoning_first/test__rag_k5,section,sports,179,9,0.988827,0.960183,0.996931
llama3.2-1b__reasoning_first/test__rag_k5,section,biz,420,420,0.995238,0.982806,0.998693
llama3.2-1b__reasoning_first/test__rag_k5,section,sport,40,0,1.0,0.912378,1.0
llama3.2-1b__reasoning_first/test__rag_k5,section,tekno,67,22,0.895522,0.799687,0.948462
llama3.2-1b__reasoning_first/test__rag_k5,section,homey,10,1,0.8,0.490162,0.943318
llama3.2-1b__reasoning_first/test__rag_k5,section,tren,9,0,1.0,0.700855,1.0
llama3.2-1b__reasoning_first/test__rag_k5,section,siaran-pers,170,170,0.976471,0.941071,0.990813
llama3.2-1b__reasoning_first/test__rag_k5,section,lifestyle,59,5,0.915254,0.816482,0.963258
llama3.2-1b__reasoning_first/test__rag_k5,section,news,158,6,0.968354,0.928067,0.986409
llama3.2-1b__reasoning_first/test__rag_k5,section,globenewswire,364,364,1.0,0.989557,1.0
llama3.2-1b__reasoning_first/test__rag_k5,section,oto,11,4,0.727273,0.434355,0.902539
llama3.2-1b__reasoning_first/test__rag_k5,section,otomotif,55,12,0.872727,0.75983,0.936958
llama3.2-1b__reasoning_first/test__rag_k5,section,entertainment,9,0,0.888889,0.565,0.980109
llama3.2-1b__reasoning_first/test__rag_k5,section,metro,7,0,0.857143,0.486872,0.97432
llama3.2-1b__reasoning_first/test__rag_k5,section,bola,29,0,0.965517,0.828245,0.993887
llama3.2-1b__reasoning_first/test__rag_k5,section,health,32,1,0.9375,0.798529,0.982689
llama3.2-1b__reasoning_first/test__rag_k5,section,bisnis,15,2,0.866667,0.62118,0.962639
llama3.2-1b__reasoning_first/test__rag_k5,section,business,16,0,0.8125,0.569911,0.934084
llama3.2-1b__reasoning_first/test__rag_k5,section,digital,17,4,0.647059,0.413004,0.826903
llama3.2-1b__reasoning_first/test__rag_k5,section,megapolitan,12,0,0.916667,0.64612,0.985135
llama3.2-1b__reasoning_first/test__rag_k5,section,edukasi,33,8,0.969697,0.846813,0.994631
llama3.2-1b__reasoning_first/test__rag_k5,section,nasional,46,30,0.847826,0.717759,0.924277
llama3.2-1b__reasoning_first/test__rag_k5,section,inet,26,6,0.884615,0.710241,0.959968
llama3.2-1b__reasoning_first/test__rag_k5,section,money,8,0,0.875,0.529112,0.977583
llama3.2-1b__reasoning_first/test__rag_k5,section,surabaya,1,0,1.0,0.206549,1.0
llama3.2-1b__reasoning_first/test__rag_k5,section,travel,21,1,0.952381,0.773306,0.991544
llama3.2-1b__reasoning_first/test__rag_k5,section,food,52,2,0.961538,0.870188,0.989388
llama3.2-1b__reasoning_first/test__rag_k5,section,daerah,12,0,0.666667,0.390622,0.86188
llama3.2-1b__reasoning_first/test__rag_k5,section,gaya,23,0,0.913043,0.73204,0.97582
llama3.2-1b__reasoning_first/test__rag_k5,section,showbiz,24,1,0.958333,0.797582,0.992607
llama3.2-1b__reasoning_first/test__rag_k5,section,berita,13,0,0.923077,0.66686,0.98629
llama3.2-1b__reasoning_first/test__rag_k5,section,properti,10,0,0.9,0.59585,0.982124
llama3.2-1b__reasoning_first/test__rag_k5,section,finance,35,8,0.657143,0.491519,0.791683
llama3.2-1b__reasoning_first/test__rag_k5,section,trending,4,0,1.0,0.510109,1.0
llama3.2-1b__reasoning_first/test__rag_k5,section,dunia,7,0,1.0,0.64567,1.0
llama3.2-1b__reasoning_first/test__rag_k5,section,seleb,11,0,1.0,0.741167,1.0
llama3.2-1b__reasoning_first/test__rag_k5,section,wolipop,10,0,1.0,0.722467,1.0
llama3.2-1b__reasoning_first/test__rag_k5,section,ekbis,13,2,0.846154,0.577654,0.956742
llama3.2-1b__reasoning_first/test__rag_k5,section,politics,16,0,1.0,0.806392,1.0
llama3.2-1b__reasoning_first/test__rag_k5,section,opinion,9,0,0.666667,0.354202,0.879416
llama3.2-1b__reasoning_first/test__rag_k5,section,gaya-hidup,16,1,0.8125,0.569911,0.934084
llama3.2-1b__reasoning_first/test__rag_k5,section,regional,6,0,0.833333,0.436497,0.969947
llama3.2-1b__reasoning_first/test__rag_k5,section,ragam,11,0,1.0,0.741167,1.0
llama3.2-1b__reasoning_first/test__rag_k5,section,international,11,0,1.0,0.741167,1.0
llama3.2-1b__reasoning_first/test__rag_k5,section,hot,17,1,0.941176,0.73018,0.98954
llama3.2-1b__reasoning_first/test__rag_k5,section,makassar,1,0,1.0,0.206549,1.0
llama3.2-1b__reasoning_first/test__rag_k5,section,sains,13,0,1.0,0.771905,1.0
llama3.2-1b__reasoning_first/test__rag_k5,section,go,1,1,1.0,0.206549,1.0
llama3.2-1b__reasoning_first/test__rag_k5,section,militer,2,0,1.0,0.34238,1.0
llama3.2-1b__reasoning_first/test__rag_k5,section,life,7,0,0.428571,0.15822,0.749542
llama3.2-1b__reasoning_first/test__rag_k5,section,sponsored-sections,1,0,0.0,0.0,0.793451
llama3.2-1b__reasoning_first/test__rag_k5,section,badminton,1,0,1.0,0.206549,1.0
llama3.2-1b__reasoning_first/test__rag_k5,section,edu,2,0,1.0,0.34238,1.0
llama3.2-1b__reasoning_first/test__rag_k5,section,bandung,1,0,1.0,0.206549,1.0
qwen2.5-14b__reasoning_first/test__norag,host,kompas.com,79,1,0.987342,0.931724,0.997762
qwen2.5-14b__reasoning_first/test__norag,host,thestar.com,717,364,0.991632,0.981864,0.996159
qwen2.5-14b__reasoning_first/test__norag,host,biz.kompas.com,420,420,1.0,0.990937,1.0
qwen2.5-14b__reasoning_first/test__norag,host,sport.tempo.co,14,0,1.0,0.784689,1.0
qwen2.5-14b__reasoning_first/test__norag,host,tekno.tempo.co,19,2,0.894737,0.686059,0.970641
qwen2.5-14b__reasoning_first/test__norag,host,viva.co.id,292,177,0.934932,0.900617,0.957951
qwen2.5-14b__reasoning_first/test__norag,host,lifestyle.sindonews.com,41,4,0.902439,0.774523,0.961403
qwen2.5-14b__reasoning_first/test__norag,host,oto.detik.com,11,4,0.727273,0.434355,0.902539
qwen2.5-14b__reasoning_first/test__norag,host,otomotif.tempo.co,13,0,0.923077,0.66686,0.98629
qwen2.5-14b__reasoning_first/test__norag,host,tekno.sindonews.com,42,19,0.738095,0.589313,0.846974
qwen2.5-14b__reasoning_first/test__norag,host,metro.tempo.co,7,0,0.857143,0.486872,0.97432
qwen2.5-14b__reasoning_first/test__norag,host,bola.tempo.co,10,0,1.0,0.722467,1.0
qwen2.5-14b__reasoning_first/test__norag,host,sports.sindonews.com,9,9,0.777778,0.452589,0.936775
qwen2.5-14b__reasoning_first/test__norag,host,health.detik.com,11,1,0.909091,0.622642,0.983768
qwen2.5-14b__reasoning_first/test__norag,host,bisnis.tempo.co,15,2,0.866667,0.62118,0.962639
qwen2.5-14b__reasoning_first/test__norag,host,health.kompas.com,21,0,1.0,0.845361,1.0
qwen2.5-14b__reasoning_first/test__norag,host,megapolitan.kompas.com,12,0,1.0,0.757506,1.0
qwen2.5-14b__reasoning_first/test__norag,host,nasional.sindonews.com,38,30,0.815789,0.665811,0.907782
qwen2.5-14b__reasoning_first/test__norag,host,lifestyle.kompas.com,18,1,0.944444,0.742427,0.990125
qwen2.5-14b__reasoning_first/test__norag,host,inet.detik.com,26,6,0.807692,0.621237,0.914929
qwen2.5-14b__reasoning_first/test__norag,host,news.detik.com,29,6,0.896552,0.736149,0.964185
qwen2.5-14b__reasoning_first/test__norag,host,otomotif.kompas.com,21,5,0.761905,0.549088,0.89372
qwen2.5-14b__reasoning_first/test__norag,host,otomotif.sindonews.com,18,6,0.944444,0.742427,0.990125
qwen2.5-14b__reasoning_first/test__norag,host,money.kompas.com,8,0,1.0,0.675592,1.0
qwen2.5-14b__reasoning_first/test__norag,host,edukasi.sindonews.com,23,8,0.913043,0.73204,0.97582
qwen2.5-14b__reasoning_first/test__norag,host,surabaya.kompas.com,1,0,1.0,0.206549,1.0
qwen2.5-14b__reasoning_first/test__norag,host,travel.tempo.co,21,1,0.952381,0.773306,0.991544
qwen2.5-14b__reasoning_first/test__norag,host,food.detik.com,31,2,0.967742,0.838059,0.994283
qwen2.5-14b__reasoning_first/test__norag,host,daerah.sindonews.com,12,0,0.75,0.467695,0.911058
qwen2.5-14b__reasoning_first/test__norag,host,gaya.tempo.co,23,0,1.0,0.856883,1.0
qwen2.5-14b__reasoning_first/test__norag,host,finance.detik.com,35,8,0.771429,0.609827,0.879341
qwen2.5-14b__reasoning_first/test__norag,host,dunia.tempo.co,7,0,1.0,0.64567,1.0
qwen2.5-14b__reasoning_first/test__norag,host,seleb.tempo.co,11,0,1.0,0.741167,1.0
qwen2.5-14b__reasoning_first/test__norag,host,sport.detik.com,20,0,1.0,0.838875,1.0
qwen2.5-14b__reasoning_first/test__norag,host,wolipop.detik.com,10,0,1.0,0.722467,1.0
qwen2.5-14b__reasoning_first/test__norag,host,ekbis.sindonews.com,13,2,0.846154,0.577654,0.956742
qwen2.5-14b__reasoning_first/test__norag,host,tekno.kompas.com,6,1,0.833333,0.436497,0.969947
qwen2.5-14b__reasoning_first/test__norag,host,nasional.kompas.com,7,0,1.0,0.64567,1.0
qwen2.5-14b__reasoning_first/test__norag,host,regional.kompas.com,6,0,1.0,0.609666,1.0
qwen2.5-14b__reasoning_first/test__norag,host,international.sindonews.com,11,0,1.0,0.741167,1.0
qwen2.5-14b__reasoning_first/test__norag,host,hot.detik.com,17,1,0.941176,0.73018,0.98954
qwen2.5-14b__reasoning_first/test__norag,host,makassar.kompas.com,1,0,1.0,0.206549,1.0
qwen2.5-14b__reasoning_first/test__norag,host,sains.sindonews.com,13,0,1.0,0.771905,1.0
qwen2.5-14b__reasoning_first/test__norag,host,go.kompas.com,1,1,1.0,0.206549,1.0
qwen2.5-14b__reasoning_first/test__norag,host,bola.kompas.com,3,0,1.0,0.438503,1.0
qwen2.5-14b__reasoning_first/test__norag,host,nasional.tempo.co,1,0,1.0,0.206549,1.0
qwen2.5-14b__reasoning_first/test__norag,host,bandung.kompas.com,1,0,1.0,0.206549,1.0
qwen2.5-14b__reasoning_first/test__norag,section,global,13,0,1.0,0.771905,1.0
qwen2.5-14b__reasoning_first/test__norag,section,skola,9,0,1.0,0.700855,1.0
qwen2.5-14b__reasoning_first/test__norag,section,sports,179,9,0.98324,0.951891,0.994284
qwen2.5-14b__reasoning_first/test__norag,section,biz,420,420,1.0,0.990937,1.0
qwen2.5-14b__reasoning_first/test__norag,section,sport,40,0,1.0,0.912378,1.0
qwen2.5-14b__reasoning_first/test__norag,section,tekno,67,22,0.791045,0.679282,0.871243
qwen2.5-14b__reasoning_first/test__norag,section,homey,10,1,0.9,0.59585,0.982124
qwen2.5-14b__reasoning_first/test__norag,section,tren,9,0,1.0,0.700855,1.0
qwen2.5-14b__reasoning_first/test__norag,section,siaran-pers,170,170,0.988235,0.958125,0.996768
qwen2.5-14b__reasoning_first/test__norag,section,lifestyle,59,5,0.915254,0.816482,0.963258
qwen2.5-14b__reasoning_first/test__norag,section,news,158,6,0.981013,0.945669,0.993522
qwen2.5-14b__reasoning_first/test__norag,section,globenewswire,364,364,1.0,0.989557,1.0
qwen2.5-14b__reasoning_first/test__norag,section,oto,11,4,0.727273,0.434355,0.902539
qwen2.5-14b__reasoning_first/test__norag,section,otomotif,55,12,0.854545,0.738391,0.924407
qwen2.5-14b__reasoning_first/test__norag,section,entertainment,9,0,1.0,0.700855,1.0
qwen2.5-14b__reasoning_first/test__norag,section,metro,7,0,0.857143,0.486872,0.97432
qwen2.5-14b__reasoning_first/test__norag,section,bola,29,0,1.0,0.88303,1.0
qwen2.5-14b__reasoning_first/test__norag,section,health,32,1,0.96875,0.842557,0.994462
qwen2.5-14b__reasoning_first/test__norag,section,bisnis,15,2,0.866667,0.62118,0.962639
qwen2.5-14b__reasoning_first/test__norag,section,business,16,0,0.875,0.639772,0.965023
qwen2.5-14b__reasoning_first/test__norag,section,digital,17,4,0.588235,0.360054,0.783889
qwen2.5-14b__reasoning_first/test__norag,section,megapolitan,12,0,1.0,0.757506,1.0
qwen2.5-14b__reasoning_first/test__norag,section,edukasi,33,8,0.939394,0.803938,0.983219
qwen2.5-14b__reasoning_first/test__norag,section,nasional,46,30,0.847826,0.717759,0.924277
qwen2.5-14b__reasoning_first/test__norag,section,inet,26,6,0.807692,0.621237,0.914929
qwen2.5-14b__reasoning_first/test__norag,section,money,8,0,1.0,0.675592,1.0
qwen2.5-14b__reasoning_first/test__norag,section,surabaya,1,0,1.0,0.206549,1.0
qwen2.5-14b__reasoning_first/test__norag,section,travel,21,1,0.952381,0.773306,0.991544
qwen2.5-14b__reasoning_first/test__norag,section,food,52,2,0.980769,0.898795,0.996597
qwen2.5-14b__reasoning_first/test__norag,section,daerah,12,0,0.75,0.467695,0.911058
qwen2.5-14b__reasoning_first/test__norag,section,gaya,23,0,1.0,0.856883,1.0
qwen2.5-14b__reasoning_first/test__norag,section,showbiz,24,1,0.958333,0.797582,0.992607
qwen2.5-14b__reasoning_first/test__norag,section,berita,13,0,0.692308,0.423693,0.873193
qwen2.5-14b__reasoning_first/test__norag,section,properti,10,0,1.0,0.722467,1.0
qwen2.5-14b__reasoning_first/test__norag,section,finance,35,8,0.771429,0.609827,0.879341
qwen2.5-14b__reasoning_first/test__norag,section,trending,4,0,1.0,0.510109,1.0
qwen2.5-14b__reasoning_first/test__norag,section,dunia,7,0,1.0,0.64567,1.0
qwen2.5-14b__reasoning_first/test__norag,section,seleb,11,0,1.0,0.741167,1.0
qwen2.5-14b__reasoning_first/test__norag,section,wolipop,10,0,1.0,0.722467,1.0
qwen2.5-14b__reasoning_first/test__norag,section,ekbis,13,2,0.846154,0.577654,0.956742
qwen2.5-14b__reasoning_first/test__norag,section,politics,16,0,1.0,0.806392,1.0
qwen2.5-14b__reasoning_first/test__norag,section,opinion,9,0,0.888889,0.565,0.980109
qwen2.5-14b__reasoning_first/test__norag,section,gaya-hidup,16,1,0.75,0.505017,0.898179
qwen2.5-14b__reasoning_first/test__norag,section,regional,6,0,1.0,0.609666,1.0
qwen2.5-14b__reasoning_first/test__norag,section,ragam,11,0,1.0,0.741167,1.0
qwen2.5-14b__reasoning_first/test__norag,section,international,11,0,1.0,0.741167,1.0
qwen2.5-14b__reasoning_first/test__norag,section,hot,17,1,0.941176,0.73018,0.98954
qwen2.5-14b__reasoning_first/test__norag,section,makassar,1,0,1.0,0.206549,1.0
qwen2.5-14b__reasoning_first/test__norag,section,sains,13,0,1.0,0.771905,1.0
qwen2.5-14b__reasoning_first/test__norag,section,go,1,1,1.0,0.206549,1.0
qwen2.5-14b__reasoning_first/test__norag,section,militer,2,0,1.0,0.34238,1.0
qwen2.5-14b__reasoning_first/test__norag,section,life,7,0,0.857143,0.486872,0.97432
qwen2.5-14b__reasoning_first/test__norag,section,sponsored-sections,1,0,0.0,0.0,0.793451
qwen2.5-14b__reasoning_first/test__norag,section,badminton,1,0,1.0,0.206549,1.0
qwen2.5-14b__reasoning_first/test__norag,section,edu,2,0,1.0,0.34238,1.0
qwen2.5-14b__reasoning_first/test__norag,section,bandung,1,0,1.0,0.206549,1.0
qwen2.5-14b__reasoning_first/test__rag_k5,host,kompas.com,79,1,0.987342,0.931724,0.997762
qwen2.5-14b__reasoning_first/test__rag_k5,host,thestar.com,717,364,0.994421,0.985744,0.997828
qwen2.5-14b__reasoning_first/test__rag_k5,host,biz.kompas.com,420,420,1.0,0.990937,1.0
qwen2.5-14b__reasoning_first/test__rag_k5,host,sport.tempo.co,14,0,1.0,0.784689,1.0
qwen2.5-14b__reasoning_first/test__rag_k5,host,tekno.tempo.co,19,2,0.894737,0.686059,0.970641
qwen2.5-14b__reasoning_first/test__rag_k5,host,viva.co.id,292,177,0.952055,0.921142,0.971228
qwen2.5-14b__reasoning_first/test__rag_k5,host,lifestyle.sindonews.com,41,4,0.902439,0.774523,0.961403
qwen2.5-14b__reasoning_first/test__rag_k5,host,oto.detik.com,11,4,0.818182,0.523019,0.948632
qwen2.5-14b__reasoning_first/test__rag_k5,host,otomotif.tempo.co,13,0,0.923077,0.66686,0.98629
qwen2.5-14b__reasoning_first/test__rag_k5,host,tekno.sindonews.com,42,19,0.809524,0.666992,0.90018
qwen2.5-14b__reasoning_first/test__rag_k5,host,metro.tempo.co,7,0,1.0,0.64567,1.0
qwen2.5-14b__reasoning_first/test__rag_k5,host,bola.tempo.co,10,0,1.0,0.722467,1.0
qwen2.5-14b__reasoning_first/test__rag_k5,host,sports.sindonews.com,9,9,0.777778,0.452589,0.936775
qwen2.5-14b__reasoning_first/test__rag_k5,host,health.detik.com,11,1,0.909091,0.622642,0.983768
qwen2.5-14b__reasoning_first/test__rag_k5,host,bisnis.tempo.co,15,2,0.8,0.548146,0.929525
qwen2.5-14b__reasoning_first/test__rag_k5,host,health.kompas.com,21,0,1.0,0.845361,1.0
qwen2.5-14b__reasoning_first/test__rag_k5,host,megapolitan.kompas.com,12,0,1.0,0.757506,1.0
qwen2.5-14b__reasoning_first/test__rag_k5,host,nasional.sindonews.com,38,30,0.842105,0.695832,0.925561
qwen2.5-14b__reasoning_first/test__rag_k5,host,lifestyle.kompas.com,18,1,0.944444,0.742427,0.990125
qwen2.5-14b__reasoning_first/test__rag_k5,host,inet.detik.com,26,6,0.807692,0.621237,0.914929
qwen2.5-14b__reasoning_first/test__rag_k5,host,news.detik.com,29,6,0.896552,0.736149,0.964185
qwen2.5-14b__reasoning_first/test__rag_k5,host,otomotif.kompas.com,21,5,0.761905,0.549088,0.89372
qwen2.5-14b__reasoning_first/test__rag_k5,host,otomotif.sindonews.com,18,6,0.944444,0.742427,0.990125
qwen2.5-14b__reasoning_first/test__rag_k5,host,money.kompas.com,8,0,1.0,0.675592,1.0
qwen2.5-14b__reasoning_first/test__rag_k5,host,edukasi.sindonews.com,23,8,0.869565,0.678725,0.954623
qwen2.5-14b__reasoning_first/test__rag_k5,host,surabaya.kompas.com,1,0,1.0,0.206549,1.0
qwen2.5-14b__reasoning_first/test__rag_k5,host,travel.tempo.co,21,1,0.952381,0.773306,0.991544
qwen2.5-14b__reasoning_first/test__rag_k5,host,food.detik.com,31,2,0.967742,0.838059,0.994283
qwen2.5-14b__reasoning_first/test__rag_k5,host,daerah.sindonews.com,12,0,0.916667,0.64612,0.985135
qwen2.5-14b__reasoning_first/test__rag_k5,host,gaya.tempo.co,23,0,1.0,0.856883,1.0
qwen2.5-14b__reasoning_first/test__rag_k5,host,finance.detik.com,35,8,0.742857,0.579307,0.85837
qwen2.5-14b__reasoning_first/test__rag_k5,host,dunia.tempo.co,7,0,1.0,0.64567,1.0
qwen2.5-14b__reasoning_first/test__rag_k5,host,seleb.tempo.co,11,0,1.0,0.741167,1.0
qwen2.5-14b__reasoning_first/test__rag_k5,host,sport.detik.com,20,0,1.0,0.838875,1.0
qwen2.5-14b__reasoning_first/test__rag_k5,host,wolipop.detik.com,10,0,1.0,0.722467,1.0
qwen2.5-14b__reasoning_first/test__rag_k5,host,ekbis.sindonews.com,13,2,0.923077,0.66686,0.98629
qwen2.5-14b__reasoning_first/test__rag_k5,host,tekno.kompas.com,6,1,0.833333,0.436497,0.969947
qwen2.5-14b__reasoning_first/test__rag_k5,host,nasional.kompas.com,7,0,1.0,0.64567,1.0
qwen2.5-14b__reasoning_first/test__rag_k5,host,regional.kompas.com,6,0,1.0,0.609666,1.0
qwen2.5-14b__reasoning_first/test__rag_k5,host,international.sindonews.com,11,0,1.0,0.741167,1.0
qwen2.5-14b__reasoning_first/test__rag_k5,host,hot.detik.com,17,1,0.941176,0.73018,0.98954
qwen2.5-14b__reasoning_first/test__rag_k5,host,makassar.kompas.com,1,0,1.0,0.206549,1.0
qwen2.5-14b__reasoning_first/test__rag_k5,host,sains.sindonews.com,13,0,1.0,0.771905,1.0
qwen2.5-14b__reasoning_first/test__rag_k5,host,go.kompas.com,1,1,1.0,0.206549,1.0
qwen2.5-14b__reasoning_first/test__rag_k5,host,bola.kompas.com,3,0,1.0,0.438503,1.0
qwen2.5-14b__reasoning_first/test__rag_k5,host,nasional.tempo.co,1,0,1.0,0.206549,1.0
qwen2.5-14b__reasoning_first/test__rag_k5,host,bandung.kompas.com,1,0,1.0,0.206549,1.0
qwen2.5-14b__reasoning_first/test__rag_k5,section,global,13,0,1.0,0.771905,1.0
qwen2.5-14b__reasoning_first/test__rag_k5,section,skola,9,0,1.0,0.700855,1.0
qwen2.5-14b__reasoning_first/test__rag_k5,section,sports,179,9,0.988827,0.960183,0.996931
qwen2.5-14b__reasoning_first/test__rag_k5,section,biz,420,420,1.0,0.990937,1.0
qwen2.5-14b__reasoning_first/test__rag_k5,section,sport,40,0,1.0,0.912378,1.0
qwen2.5-14b__reasoning_first/test__rag_k5,section,tekno,67,22,0.835821,0.729447,0.905774
qwen2.5-14b__reasoning_first/test__rag_k5,section,homey,10,1,0.9,0.59585,0.982124
qwen2.5-14b__reasoning_first/test__rag_k5,section,tren,9,0,1.0,0.700855,1.0
qwen2.5-14b__reasoning_first/test__rag_k5,section,siaran-pers,170,170,0.994118,0.967437,0.998961
qwen2.5-14b__reasoning_first/test__rag_k5,section,lifestyle,59,5,0.915254,0.816482,0.963258
qwen2.5-14b__reasoning_first/test__rag_k5,section,news,158,6,0.981013,0.945669,0.993522
qwen2.5-14b__reasoning_first/test__rag_k5,section,globenewswire,364,364,1.0,0.989557,1.0
qwen2.5-14b__reasoning_first/test__rag_k5,section,oto,11,4,0.818182,0.523019,0.948632
qwen2.5-14b__reasoning_first/test__rag_k5,section,otomotif,55,12,0.854545,0.738391,0.924407
qwen2.5-14b__reasoning_first/test__rag_k5,section,entertainment,9,0,1.0,0.700855,1.0
qwen2.5-14b__reasoning_first/test__rag_k5,section,metro,7,0,1.0,0.64567,1.0
qwen2.5-14b__reasoning_first/test__rag_k5,section,bola,29,0,1.0,0.88303,1.0
qwen2.5-14b__reasoning_first/test__rag_k5,section,health,32,1,0.96875,0.842557,0.994462
qwen2.5-14b__reasoning_first/test__rag_k5,section,bisnis,15,2,0.8,0.548146,0.929525
qwen2.5-14b__reasoning_first/test__rag_k5,section,business,16,0,0.8125,0.569911,0.934084
qwen2.5-14b__reasoning_first/test__rag_k5,section,digital,17,4,0.705882,0.468669,0.8672
qwen2.5-14b__reasoning_first/test__rag_k5,section,megapolitan,12,0,1.0,0.757506,1.0
qwen2.5-14b__reasoning_first/test__rag_k5,section,edukasi,33,8,0.909091,0.764274,0.968596
qwen2.5-14b__reasoning_first/test__rag_k5,section,nasional,46,30,0.869565,0.743341,0.938822
qwen2.5-14b__reasoning_first/test__rag_k5,section,inet,26,6,0.807692,0.621237,0.914929
qwen2.5-14b__reasoning_first/test__rag_k5,section,money,8,0,1.0,0.675592,1.0
qwen2.5-14b__reasoning_first/test__rag_k5,section,surabaya,1,0,1.0,0.206549,1.0
qwen2.5-14b__reasoning_first/test__rag_k5,section,travel,21,1,0.952381,0.773306,0.991544
qwen2.5-14b__reasoning_first/test__rag_k5,section,food,52,2,0.980769,0.898795,0.996597
qwen2.5-14b__reasoning_first/test__rag_k5,section,daerah,12,0,0.916667,0.64612,0.985135
qwen2.5-14b__reasoning_first/test__rag_k5,section,gaya,23,0,1.0,0.856883,1.0
qwen2.5-14b__reasoning_first/test__rag_k5,section,showbiz,24,1,0.958333,0.797582,0.992607
qwen2.5-14b__reasoning_first/test__rag_k5,section,berita,13,0,0.692308,0.423693,0.873193
qwen2.5-14b__reasoning_first/test__rag_k5,section,properti,10,0,1.0,0.722467,1.0
qwen2.5-14b__reasoning_first/test__rag_k5,section,finance,35,8,0.742857,0.579307,0.85837
qwen2.5-14b__reasoning_first/test__rag_k5,section,trending,4,0,1.0,0.510109,1.0
qwen2.5-14b__reasoning_first/test__rag_k5,section,dunia,7,0,1.0,0.64567,1.0
qwen2.5-14b__reasoning_first/test__rag_k5,section,seleb,11,0,1.0,0.741167,1.0
qwen2.5-14b__reasoning_first/test__rag_k5,section,wolipop,10,0,1.0,0.722467,1.0
qwen2.5-14b__reasoning_first/test__rag_k5,section,ekbis,13,2,0.923077,0.66686,0.98629
qwen2.5-14b__reasoning_first/test__rag_k5,section,politics,16,0,1.0,0.806392,1.0
qwen2.5-14b__reasoning_first/test__rag_k5,section,opinion,9,0,1.0,0.700855,1.0
qwen2.5-14b__reasoning_first/test__rag_k5,section,gaya-hidup,16,1,0.875,0.639772,0.965023
qwen2.5-14b__reasoning_first/test__rag_k5,section,regional,6,0,1.0,0.609666,1.0
qwen2.5-14b__reasoning_first/test__rag_k5,section,ragam,11,0,1.0,0.741167,1.0
qwen2.5-14b__reasoning_first/test__rag_k5,section,international,11,0,1.0,0.741167,1.0
qwen2.5-14b__reasoning_first/test__rag_k5,section,hot,17,1,0.941176,0.73018,0.98954
qwen2.5-14b__reasoning_first/test__rag_k5,section,makassar,1,0,1.0,0.206549,1.0
qwen2.5-14b__reasoning_first/test__rag_k5,section,sains,13,0,1.0,0.771905,1.0
qwen2.5-14b__reasoning_first/test__rag_k5,section,go,1,1,1.0,0.206549,1.0
qwen2.5-14b__reasoning_first/test__rag_k5,section,militer,2,0,1.0,0.34238,1.0
qwen2.5-14b__reasoning_first/test__rag_k5,section,life,7,0,1.0,0.64567,1.0
qwen2.5-14b__reasoning_first/test__rag_k5,section,sponsored-sections,1,0,0.0,0.0,0.793451
qwen2.5-14b__reasoning_first/test__rag_k5,section,badminton,1,0,1.0,0.206549,1.0
qwen2.5-14b__reasoning_first/test__rag_k5,section,edu,2,0,1.0,0.34238,1.0
qwen2.5-14b__reasoning_first/test__rag_k5,section,bandung,1,0,1.0,0.206549,1.0
qwen3-8b__reasoning_first/test__norag,host,kompas.com,79,1,0.974684,0.912314,0.99303
qwen3-8b__reasoning_first/test__norag,host,thestar.com,717,364,0.997211,0.989887,0.999235
qwen3-8b__reasoning_first/test__norag,host,biz.kompas.com,420,420,1.0,0.990937,1.0
qwen3-8b__reasoning_first/test__norag,host,sport.tempo.co,14,0,1.0,0.784689,1.0
qwen3-8b__reasoning_first/test__norag,host,tekno.tempo.co,19,2,0.894737,0.686059,0.970641
qwen3-8b__reasoning_first/test__norag,host,viva.co.id,292,177,0.945205,0.912855,0.965994
qwen3-8b__reasoning_first/test__norag,host,lifestyle.sindonews.com,41,4,0.926829,0.805726,0.974802
qwen3-8b__reasoning_first/test__norag,host,oto.detik.com,11,4,0.909091,0.622642,0.983768
qwen3-8b__reasoning_first/test__norag,host,otomotif.tempo.co,13,0,0.923077,0.66686,0.98629
qwen3-8b__reasoning_first/test__norag,host,tekno.sindonews.com,42,19,0.785714,0.640602,0.882942
qwen3-8b__reasoning_first/test__norag,host,metro.tempo.co,7,0,0.857143,0.486872,0.97432
qwen3-8b__reasoning_first/test__norag,host,bola.tempo.co,10,0,0.9,0.59585,0.982124
qwen3-8b__reasoning_first/test__norag,host,sports.sindonews.com,9,9,0.777778,0.452589,0.936775
qwen3-8b__reasoning_first/test__norag,host,health.detik.com,11,1,0.909091,0.622642,0.983768
qwen3-8b__reasoning_first/test__norag,host,bisnis.tempo.co,15,2,0.866667,0.62118,0.962639
qwen3-8b__reasoning_first/test__norag,host,health.kompas.com,21,0,1.0,0.845361,1.0
qwen3-8b__reasoning_first/test__norag,host,megapolitan.kompas.com,12,0,1.0,0.757506,1.0
qwen3-8b__reasoning_first/test__norag,host,nasional.sindonews.com,38,30,0.815789,0.665811,0.907782
qwen3-8b__reasoning_first/test__norag,host,lifestyle.kompas.com,18,1,0.944444,0.742427,0.990125
qwen3-8b__reasoning_first/test__norag,host,inet.detik.com,26,6,0.846154,0.664688,0.9385
qwen3-8b__reasoning_first/test__norag,host,news.detik.com,29,6,0.896552,0.736149,0.964185
qwen3-8b__reasoning_first/test__norag,host,otomotif.kompas.com,21,5,0.761905,0.549088,0.89372
qwen3-8b__reasoning_first/test__norag,host,otomotif.sindonews.com,18,6,0.944444,0.742427,0.990125
qwen3-8b__reasoning_first/test__norag,host,money.kompas.com,8,0,0.625,0.305742,0.863156
qwen3-8b__reasoning_first/test__norag,host,edukasi.sindonews.com,23,8,0.956522,0.790088,0.992283
qwen3-8b__reasoning_first/test__norag,host,surabaya.kompas.com,1,0,1.0,0.206549,1.0
qwen3-8b__reasoning_first/test__norag,host,travel.tempo.co,21,1,0.904762,0.710859,0.973481
qwen3-8b__reasoning_first/test__norag,host,food.detik.com,31,2,0.967742,0.838059,0.994283
qwen3-8b__reasoning_first/test__norag,host,daerah.sindonews.com,12,0,0.75,0.467695,0.911058
qwen3-8b__reasoning_first/test__norag,host,gaya.tempo.co,23,0,1.0,0.856883,1.0
qwen3-8b__reasoning_first/test__norag,host,finance.detik.com,35,8,0.742857,0.579307,0.85837
qwen3-8b__reasoning_first/test__norag,host,dunia.tempo.co,7,0,1.0,0.64567,1.0
qwen3-8b__reasoning_first/test__norag,host,seleb.tempo.co,11,0,1.0,0.741167,1.0
qwen3-8b__reasoning_first/test__norag,host,sport.detik.com,20,0,1.0,0.838875,1.0
qwen3-8b__reasoning_first/test__norag,host,wolipop.detik.com,10,0,1.0,0.722467,1.0
qwen3-8b__reasoning_first/test__norag,host,ekbis.sindonews.com,13,2,0.769231,0.497436,0.918205
qwen3-8b__reasoning_first/test__norag,host,tekno.kompas.com,6,1,1.0,0.609666,1.0
qwen3-8b__reasoning_first/test__norag,host,nasional.kompas.com,7,0,1.0,0.64567,1.0
qwen3-8b__reasoning_first/test__norag,host,regional.kompas.com,6,0,1.0,0.609666,1.0
qwen3-8b__reasoning_first/test__norag,host,international.sindonews.com,11,0,1.0,0.741167,1.0
qwen3-8b__reasoning_first/test__norag,host,hot.detik.com,17,1,0.941176,0.73018,0.98954
qwen3-8b__reasoning_first/test__norag,host,makassar.kompas.com,1,0,1.0,0.206549,1.0
qwen3-8b__reasoning_first/test__norag,host,sains.sindonews.com,13,0,0.923077,0.66686,0.98629
qwen3-8b__reasoning_first/test__norag,host,go.kompas.com,1,1,1.0,0.206549,1.0
qwen3-8b__reasoning_first/test__norag,host,bola.kompas.com,3,0,1.0,0.438503,1.0
qwen3-8b__reasoning_first/test__norag,host,nasional.tempo.co,1,0,1.0,0.206549,1.0
qwen3-8b__reasoning_first/test__norag,host,bandung.kompas.com,1,0,1.0,0.206549,1.0
qwen3-8b__reasoning_first/test__norag,section,global,13,0,1.0,0.771905,1.0
qwen3-8b__reasoning_first/test__norag,section,skola,9,0,1.0,0.700855,1.0
qwen3-8b__reasoning_first/test__norag,section,sports,179,9,0.988827,0.960183,0.996931
qwen3-8b__reasoning_first/test__norag,section,biz,420,420,1.0,0.990937,1.0
qwen3-8b__reasoning_first/test__norag,section,sport,40,0,1.0,0.912378,1.0
qwen3-8b__reasoning_first/test__norag,section,tekno,67,22,0.835821,0.729447,0.905774
qwen3-8b__reasoning_first/test__norag,section,homey,10,1,0.9,0.59585,0.982124
qwen3-8b__reasoning_first/test__norag,section,tren,9,0,1.0,0.700855,1.0
qwen3-8b__reasoning_first/test__norag,section,siaran-pers,170,170,0.988235,0.958125,0.996768
qwen3-8b__reasoning_first/test__norag,section,lifestyle,59,5,0.932203,0.838245,0.973321
qwen3-8b__reasoning_first/test__norag,section,news,158,6,0.981013,0.945669,0.993522
qwen3-8b__reasoning_first/test__norag,section,globenewswire,364,364,1.0,0.989557,1.0
qwen3-8b__reasoning_first/test__norag,section,oto,11,4,0.909091,0.622642,0.983768
qwen3-8b__reasoning_first/test__norag,section,otomotif,55,12,0.854545,0.738391,0.924407
qwen3-8b__reasoning_first/test__norag,section,entertainment,9,0,1.0,0.700855,1.0
qwen3-8b__reasoning_first/test__norag,section,metro,7,0,0.857143,0.486872,0.97432
qwen3-8b__reasoning_first/test__norag,section,bola,29,0,0.965517,0.828245,0.993887
qwen3-8b__reasoning_first/test__norag,section,health,32,1,0.96875,0.842557,0.994462
qwen3-8b__reasoning_first/test__norag,section,bisnis,15,2,0.866667,0.62118,0.962639
qwen3-8b__reasoning_first/test__norag,section,business,16,0,0.9375,0.716713,0.988881
qwen3-8b__reasoning_first/test__norag,section,digital,17,4,0.588235,0.360054,0.783889
qwen3-8b__reasoning_first/test__norag,section,megapolitan,12,0,1.0,0.757506,1.0
qwen3-8b__reasoning_first/test__norag,section,edukasi,33,8,0.969697,0.846813,0.994631
qwen3-8b__reasoning_first/test__norag,section,nasional,46,30,0.847826,0.717759,0.924277
qwen3-8b__reasoning_first/test__norag,section,inet,26,6,0.846154,0.664688,0.9385
qwen3-8b__reasoning_first/test__norag,section,money,8,0,0.625,0.305742,0.863156
qwen3-8b__reasoning_first/test__norag,section,surabaya,1,0,1.0,0.206549,1.0
qwen3-8b__reasoning_first/test__norag,section,travel,21,1,0.904762,0.710859,0.973481
qwen3-8b__reasoning_first/test__norag,section,food,52,2,0.980769,0.898795,0.996597
qwen3-8b__reasoning_first/test__norag,section,daerah,12,0,0.75,0.467695,0.911058
qwen3-8b__reasoning_first/test__norag,section,gaya,23,0,1.0,0.856883,1.0
qwen3-8b__reasoning_first/test__norag,section,showbiz,24,1,0.958333,0.797582,0.992607
qwen3-8b__reasoning_first/test__norag,section,berita,13,0,0.846154,0.577654,0.956742
qwen3-8b__reasoning_first/test__norag,section,properti,10,0,0.9,0.59585,0.982124
qwen3-8b__reasoning_first/test__norag,section,finance,35,8,0.742857,0.579307,0.85837
qwen3-8b__reasoning_first/test__norag,section,trending,4,0,1.0,0.510109,1.0
qwen3-8b__reasoning_first/test__norag,section,dunia,7,0,1.0,0.64567,1.0
qwen3-8b__reasoning_first/test__norag,section,seleb,11,0,1.0,0.741167,1.0
qwen3-8b__reasoning_first/test__norag,section,wolipop,10,0,1.0,0.722467,1.0
qwen3-8b__reasoning_first/test__norag,section,ekbis,13,2,0.769231,0.497436,0.918205
qwen3-8b__reasoning_first/test__norag,section,politics,16,0,1.0,0.806392,1.0
qwen3-8b__reasoning_first/test__norag,section,opinion,9,0,1.0,0.700855,1.0
qwen3-8b__reasoning_first/test__norag,section,gaya-hidup,16,1,0.8125,0.569911,0.934084
qwen3-8b__reasoning_first/test__norag,section,regional,6,0,1.0,0.609666,1.0
qwen3-8b__reasoning_first/test__norag,section,ragam,11,0,1.0,0.741167,1.0
qwen3-8b__reasoning_first/test__norag,section,international,11,0,1.0,0.741167,1.0
qwen3-8b__reasoning_first/test__norag,section,hot,17,1,0.941176,0.73018,0.98954
qwen3-8b__reasoning_first/test__norag,section,makassar,1,0,1.0,0.206549,1.0
qwen3-8b__reasoning_first/test__norag,section,sains,13,0,0.923077,0.66686,0.98629
qwen3-8b__reasoning_first/test__norag,section,go,1,1,1.0,0.206549,1.0
qwen3-8b__reasoning_first/test__norag,section,militer,2,0,1.0,0.34238,1.0
qwen3-8b__reasoning_first/test__norag,section,life,7,0,1.0,0.64567,1.0
qwen3-8b__reasoning_first/test__norag,section,sponsored-sections,1,0,0.0,0.0,0.793451
qwen3-8b__reasoning_first/test__norag,section,badminton,1,0,1.0,0.206549,1.0
qwen3-8b__reasoning_first/test__norag,section,edu,2,0,1.0,0.34238,1.0
qwen3-8b__reasoning_first/test__norag,section,bandung,1,0,1.0,0.206549,1.0
qwen3-8b__reasoning_first/test__rag_k5,host,kompas.com,79,1,0.987342,0.931724,0.997762
qwen3-8b__reasoning_first/test__rag_k5,host,thestar.com,717,364,0.995816,0.987771,0.998576
qwen3-8b__reasoning_first/test__rag_k5,host,biz.kompas.com,420,420,1.0,0.990937,1.0
qwen3-8b__reasoning_first/test__rag_k5,host,sport.tempo.co,14,0,1.0,0.784689,1.0
qwen3-8b__reasoning_first/test__rag_k5,host,tekno.tempo.co,19,2,0.947368,0.753613,0.990648
qwen3-8b__reasoning_first/test__rag_k5,host,viva.co.id,292,177,0.955479,0.92533,0.9738
qwen3-8b__reasoning_first/test__rag_k5,host,lifestyle.sindonews.com,41,4,0.902439,0.774523,0.961403
qwen3-8b__reasoning_first/test__rag_k5,host,oto.detik.com,11,4,0.727273,0.434355,0.902539
qwen3-8b__reasoning_first/test__rag_k5,host,otomotif.tempo.co,13,0,0.923077,0.66686,0.98629
qwen3-8b__reasoning_first/test__rag_k5,host,tekno.sindonews.com,42,19,0.857143,0.721589,0.93284
qwen3-8b__reasoning_first/test__rag_k5,host,metro.tempo.co,7,0,1.0,0.64567,1.0
qwen3-8b__reasoning_first/test__rag_k5,host,bola.tempo.co,10,0,1.0,0.722467,1.0
qwen3-8b__reasoning_first/test__rag_k5,host,sports.sindonews.com,9,9,0.777778,0.452589,0.936775
qwen3-8b__reasoning_first/test__rag_k5,host,health.detik.com,11,1,1.0,0.741167,1.0
qwen3-8b__reasoning_first/test__rag_k5,host,bisnis.tempo.co,15,2,0.866667,0.62118,0.962639
qwen3-8b__reasoning_first/test__rag_k5,host,health.kompas.com,21,0,1.0,0.845361,1.0
qwen3-8b__reasoning_first/test__rag_k5,host,megapolitan.kompas.com,12,0,1.0,0.757506,1.0
qwen3-8b__reasoning_first/test__rag_k5,host,nasional.sindonews.com,38,30,0.815789,0.665811,0.907782
qwen3-8b__reasoning_first/test__rag_k5,host,lifestyle.kompas.com,18,1,1.0,0.824121,1.0
qwen3-8b__reasoning_first/test__rag_k5,host,inet.detik.com,26,6,0.846154,0.664688,0.9385
qwen3-8b__reasoning_first/test__rag_k5,host,news.detik.com,29,6,0.896552,0.736149,0.964185
qwen3-8b__reasoning_first/test__rag_k5,host,otomotif.kompas.com,21,5,0.714286,0.500436,0.861861
qwen3-8b__reasoning_first/test__rag_k5,host,otomotif.sindonews.com,18,6,0.944444,0.742427,0.990125
qwen3-8b__reasoning_first/test__rag_k5,host,money.kompas.com,8,0,0.75,0.409275,0.928521
qwen3-8b__reasoning_first/test__rag_k5,host,edukasi.sindonews.com,23,8,0.956522,0.790088,0.992283
qwen3-8b__reasoning_first/test__rag_k5,host,surabaya.kompas.com,1,0,1.0,0.206549,1.0
qwen3-8b__reasoning_first/test__rag_k5,host,travel.tempo.co,21,1,0.952381,0.773306,0.991544
qwen3-8b__reasoning_first/test__rag_k5,host,food.detik.com,31,2,0.967742,0.838059,0.994283
qwen3-8b__reasoning_first/test__rag_k5,host,daerah.sindonews.com,12,0,0.833333,0.551969,0.953035
qwen3-8b__reasoning_first/test__rag_k5,host,gaya.tempo.co,23,0,1.0,0.856883,1.0
qwen3-8b__reasoning_first/test__rag_k5,host,finance.detik.com,35,8,0.742857,0.579307,0.85837
qwen3-8b__reasoning_first/test__rag_k5,host,dunia.tempo.co,7,0,1.0,0.64567,1.0
qwen3-8b__reasoning_first/test__rag_k5,host,seleb.tempo.co,11,0,1.0,0.741167,1.0
qwen3-8b__reasoning_first/test__rag_k5,host,sport.detik.com,20,0,1.0,0.838875,1.0
qwen3-8b__reasoning_first/test__rag_k5,host,wolipop.detik.com,10,0,1.0,0.722467,1.0
qwen3-8b__reasoning_first/test__rag_k5,host,ekbis.sindonews.com,13,2,0.923077,0.66686,0.98629
qwen3-8b__reasoning_first/test__rag_k5,host,tekno.kompas.com,6,1,0.833333,0.436497,0.969947
qwen3-8b__reasoning_first/test__rag_k5,host,nasional.kompas.com,7,0,1.0,0.64567,1.0
qwen3-8b__reasoning_first/test__rag_k5,host,regional.kompas.com,6,0,1.0,0.609666,1.0
qwen3-8b__reasoning_first/test__rag_k5,host,international.sindonews.com,11,0,1.0,0.741167,1.0
qwen3-8b__reasoning_first/test__rag_k5,host,hot.detik.com,17,1,0.941176,0.73018,0.98954
qwen3-8b__reasoning_first/test__rag_k5,host,makassar.kompas.com,1,0,1.0,0.206549,1.0
qwen3-8b__reasoning_first/test__rag_k5,host,sains.sindonews.com,13,0,1.0,0.771905,1.0
qwen3-8b__reasoning_first/test__rag_k5,host,go.kompas.com,1,1,1.0,0.206549,1.0
qwen3-8b__reasoning_first/test__rag_k5,host,bola.kompas.com,3,0,1.0,0.438503,1.0
qwen3-8b__reasoning_first/test__rag_k5,host,nasional.tempo.co,1,0,1.0,0.206549,1.0
qwen3-8b__reasoning_first/test__rag_k5,host,bandung.kompas.com,1,0,1.0,0.206549,1.0
qwen3-8b__reasoning_first/test__rag_k5,section,global,13,0,1.0,0.771905,1.0
qwen3-8b__reasoning_first/test__rag_k5,section,skola,9,0,1.0,0.700855,1.0
qwen3-8b__reasoning_first/test__rag_k5,section,sports,179,9,0.988827,0.960183,0.996931
qwen3-8b__reasoning_first/test__rag_k5,section,biz,420,420,1.0,0.990937,1.0
qwen3-8b__reasoning_first/test__rag_k5,section,sport,40,0,1.0,0.912378,1.0
qwen3-8b__reasoning_first/test__rag_k5,section,tekno,67,22,0.880597,0.78168,0.938238
qwen3-8b__reasoning_first/test__rag_k5,section,homey,10,1,0.9,0.59585,0.982124
qwen3-8b__reasoning_first/test__rag_k5,section,tren,9,0,1.0,0.700855,1.0
qwen3-8b__reasoning_first/test__rag_k5,section,siaran-pers,170,170,1.0,0.977903,1.0
qwen3-8b__reasoning_first/test__rag_k5,section,lifestyle,59,5,0.932203,0.838245,0.973321
qwen3-8b__reasoning_first/test__rag_k5,section,news,158,6,0.981013,0.945669,0.993522
qwen3-8b__reasoning_first/test__rag_k5,section,globenewswire,364,364,1.0,0.989557,1.0
qwen3-8b__reasoning_first/test__rag_k5,section,oto,11,4,0.727273,0.434355,0.902539
qwen3-8b__reasoning_first/test__rag_k5,section,otomotif,55,12,0.836364,0.717363,0.911446
qwen3-8b__reasoning_first/test__rag_k5,section,entertainment,9,0,1.0,0.700855,1.0
qwen3-8b__reasoning_first/test__rag_k5,section,metro,7,0,1.0,0.64567,1.0
qwen3-8b__reasoning_first/test__rag_k5,section,bola,29,0,1.0,0.88303,1.0
qwen3-8b__reasoning_first/test__rag_k5,section,health,32,1,1.0,0.892821,1.0
qwen3-8b__reasoning_first/test__rag_k5,section,bisnis,15,2,0.866667,0.62118,0.962639
qwen3-8b__reasoning_first/test__rag_k5,section,business,16,0,0.875,0.639772,0.965023
qwen3-8b__reasoning_first/test__rag_k5,section,digital,17,4,0.647059,0.413004,0.826903
qwen3-8b__reasoning_first/test__rag_k5,section,megapolitan,12,0,1.0,0.757506,1.0
qwen3-8b__reasoning_first/test__rag_k5,section,edukasi,33,8,0.969697,0.846813,0.994631
qwen3-8b__reasoning_first/test__rag_k5,section,nasional,46,30,0.847826,0.717759,0.924277
qwen3-8b__reasoning_first/test__rag_k5,section,inet,26,6,0.846154,0.664688,0.9385
qwen3-8b__reasoning_first/test__rag_k5,section,money,8,0,0.75,0.409275,0.928521
qwen3-8b__reasoning_first/test__rag_k5,section,surabaya,1,0,1.0,0.206549,1.0
qwen3-8b__reasoning_first/test__rag_k5,section,travel,21,1,0.952381,0.773306,0.991544
qwen3-8b__reasoning_first/test__rag_k5,section,food,52,2,0.980769,0.898795,0.996597
qwen3-8b__reasoning_first/test__rag_k5,section,daerah,12,0,0.833333,0.551969,0.953035
qwen3-8b__reasoning_first/test__rag_k5,section,gaya,23,0,1.0,0.856883,1.0
qwen3-8b__reasoning_first/test__rag_k5,section,showbiz,24,1,0.958333,0.797582,0.992607
qwen3-8b__reasoning_first/test__rag_k5,section,berita,13,0,0.923077,0.66686,0.98629
qwen3-8b__reasoning_first/test__rag_k5,section,properti,10,0,1.0,0.722467,1.0
qwen3-8b__reasoning_first/test__rag_k5,section,finance,35,8,0.742857,0.579307,0.85837
qwen3-8b__reasoning_first/test__rag_k5,section,trending,4,0,1.0,0.510109,1.0
qwen3-8b__reasoning_first/test__rag_k5,section,dunia,7,0,1.0,0.64567,1.0
qwen3-8b__reasoning_first/test__rag_k5,section,seleb,11,0,1.0,0.741167,1.0
qwen3-8b__reasoning_first/test__rag_k5,section,wolipop,10,0,1.0,0.722467,1.0
qwen3-8b__reasoning_first/test__rag_k5,section,ekbis,13,2,0.923077,0.66686,0.98629
qwen3-8b__reasoning_first/test__rag_k5,section,politics,16,0,1.0,0.806392,1.0
qwen3-8b__reasoning_first/test__rag_k5,section,opinion,9,0,1.0,0.700855,1.0
qwen3-8b__reasoning_first/test__rag_k5,section,gaya-hidup,16,1,0.75,0.505017,0.898179
qwen3-8b__reasoning_first/test__rag_k5,section,regional,6,0,1.0,0.609666,1.0
qwen3-8b__reasoning_first/test__rag_k5,section,ragam,11,0,1.0,0.741167,1.0
qwen3-8b__reasoning_first/test__rag_k5,section,international,11,0,1.0,0.741167,1.0
qwen3-8b__reasoning_first/test__rag_k5,section,hot,17,1,0.941176,0.73018,0.98954
qwen3-8b__reasoning_first/test__rag_k5,section,makassar,1,0,1.0,0.206549,1.0
qwen3-8b__reasoning_first/test__rag_k5,section,sains,13,0,1.0,0.771905,1.0
qwen3-8b__reasoning_first/test__rag_k5,section,go,1,1,1.0,0.206549,1.0
qwen3-8b__reasoning_first/test__rag_k5,section,militer,2,0,1.0,0.34238,1.0
qwen3-8b__reasoning_first/test__rag_k5,section,life,7,0,1.0,0.64567,1.0
qwen3-8b__reasoning_first/test__rag_k5,section,sponsored-sections,1,0,0.0,0.0,0.793451
qwen3-8b__reasoning_first/test__rag_k5,section,badminton,1,0,1.0,0.206549,1.0
qwen3-8b__reasoning_first/test__rag_k5,section,edu,2,0,1.0,0.34238,1.0
qwen3-8b__reasoning_first/test__rag_k5,section,bandung,1,0,1.0,0.206549,1.0
qwen3.5-2b__reasoning_first/test__norag,host,kompas.com,79,1,0.949367,0.876923,0.980136
qwen3.5-2b__reasoning_first/test__norag,host,thestar.com,717,364,0.974895,0.960667,0.984062
qwen3.5-2b__reasoning_first/test__norag,host,biz.kompas.com,420,420,1.0,0.990937,1.0
qwen3.5-2b__reasoning_first/test__norag,host,sport.tempo.co,14,0,1.0,0.784689,1.0
qwen3.5-2b__reasoning_first/test__norag,host,tekno.tempo.co,19,2,0.842105,0.624345,0.944795
qwen3.5-2b__reasoning_first/test__norag,host,viva.co.id,292,177,0.938356,0.904673,0.960655
qwen3.5-2b__reasoning_first/test__norag,host,lifestyle.sindonews.com,41,4,0.902439,0.774523,0.961403
qwen3.5-2b__reasoning_first/test__norag,host,oto.detik.com,11,4,0.818182,0.523019,0.948632
qwen3.5-2b__reasoning_first/test__norag,host,otomotif.tempo.co,13,0,1.0,0.771905,1.0
qwen3.5-2b__reasoning_first/test__norag,host,tekno.sindonews.com,42,19,0.785714,0.640602,0.882942
qwen3.5-2b__reasoning_first/test__norag,host,metro.tempo.co,7,0,0.857143,0.486872,0.97432
qwen3.5-2b__reasoning_first/test__norag,host,bola.tempo.co,10,0,0.9,0.59585,0.982124
qwen3.5-2b__reasoning_first/test__norag,host,sports.sindonews.com,9,9,0.777778,0.452589,0.936775
qwen3.5-2b__reasoning_first/test__norag,host,health.detik.com,11,1,0.818182,0.523019,0.948632
qwen3.5-2b__reasoning_first/test__norag,host,bisnis.tempo.co,15,2,0.866667,0.62118,0.962639
qwen3.5-2b__reasoning_first/test__norag,host,health.kompas.com,21,0,0.952381,0.773306,0.991544
qwen3.5-2b__reasoning_first/test__norag,host,megapolitan.kompas.com,12,0,0.916667,0.64612,0.985135
qwen3.5-2b__reasoning_first/test__norag,host,nasional.sindonews.com,38,30,0.789474,0.636542,0.889252
qwen3.5-2b__reasoning_first/test__norag,host,lifestyle.kompas.com,18,1,0.944444,0.742427,0.990125
qwen3.5-2b__reasoning_first/test__norag,host,inet.detik.com,26,6,0.923077,0.758584,0.978645
qwen3.5-2b__reasoning_first/test__norag,host,news.detik.com,29,6,0.862069,0.69441,0.945026
qwen3.5-2b__reasoning_first/test__norag,host,otomotif.kompas.com,21,5,0.666667,0.453735,0.828052
qwen3.5-2b__reasoning_first/test__norag,host,otomotif.sindonews.com,18,6,0.944444,0.742427,0.990125
qwen3.5-2b__reasoning_first/test__norag,host,money.kompas.com,8,0,0.75,0.409275,0.928521
qwen3.5-2b__reasoning_first/test__norag,host,edukasi.sindonews.com,23,8,0.956522,0.790088,0.992283
qwen3.5-2b__reasoning_first/test__norag,host,surabaya.kompas.com,1,0,1.0,0.206549,1.0
qwen3.5-2b__reasoning_first/test__norag,host,travel.tempo.co,21,1,0.952381,0.773306,0.991544
qwen3.5-2b__reasoning_first/test__norag,host,food.detik.com,31,2,0.967742,0.838059,0.994283
qwen3.5-2b__reasoning_first/test__norag,host,daerah.sindonews.com,12,0,0.416667,0.19326,0.680489
qwen3.5-2b__reasoning_first/test__norag,host,gaya.tempo.co,23,0,1.0,0.856883,1.0
qwen3.5-2b__reasoning_first/test__norag,host,finance.detik.com,35,8,0.714286,0.549451,0.836735
qwen3.5-2b__reasoning_first/test__norag,host,dunia.tempo.co,7,0,1.0,0.64567,1.0
qwen3.5-2b__reasoning_first/test__norag,host,seleb.tempo.co,11,0,1.0,0.741167,1.0
qwen3.5-2b__reasoning_first/test__norag,host,sport.detik.com,20,0,1.0,0.838875,1.0
qwen3.5-2b__reasoning_first/test__norag,host,wolipop.detik.com,10,0,1.0,0.722467,1.0
qwen3.5-2b__reasoning_first/test__norag,host,ekbis.sindonews.com,13,2,0.769231,0.497436,0.918205
qwen3.5-2b__reasoning_first/test__norag,host,tekno.kompas.com,6,1,1.0,0.609666,1.0
qwen3.5-2b__reasoning_first/test__norag,host,nasional.kompas.com,7,0,0.714286,0.358934,0.917781
qwen3.5-2b__reasoning_first/test__norag,host,regional.kompas.com,6,0,0.833333,0.436497,0.969947
qwen3.5-2b__reasoning_first/test__norag,host,international.sindonews.com,11,0,1.0,0.741167,1.0
qwen3.5-2b__reasoning_first/test__norag,host,hot.detik.com,17,1,0.941176,0.73018,0.98954
qwen3.5-2b__reasoning_first/test__norag,host,makassar.kompas.com,1,0,0.0,0.0,0.793451
qwen3.5-2b__reasoning_first/test__norag,host,sains.sindonews.com,13,0,0.923077,0.66686,0.98629
qwen3.5-2b__reasoning_first/test__norag,host,go.kompas.com,1,1,1.0,0.206549,1.0
qwen3.5-2b__reasoning_first/test__norag,host,bola.kompas.com,3,0,1.0,0.438503,1.0
qwen3.5-2b__reasoning_first/test__norag,host,nasional.tempo.co,1,0,1.0,0.206549,1.0
qwen3.5-2b__reasoning_first/test__norag,host,bandung.kompas.com,1,0,1.0,0.206549,1.0
qwen3.5-2b__reasoning_first/test__norag,section,global,13,0,1.0,0.771905,1.0
qwen3.5-2b__reasoning_first/test__norag,section,skola,9,0,1.0,0.700855,1.0
qwen3.5-2b__reasoning_first/test__norag,section,sports,179,9,0.988827,0.960183,0.996931
qwen3.5-2b__reasoning_first/test__norag,section,biz,420,420,1.0,0.990937,1.0
qwen3.5-2b__reasoning_first/test__norag,section,sport,40,0,1.0,0.912378,1.0
qwen3.5-2b__reasoning_first/test__norag,section,tekno,67,22,0.820896,0.712525,0.894464
qwen3.5-2b__reasoning_first/test__norag,section,homey,10,1,0.9,0.59585,0.982124
qwen3.5-2b__reasoning_first/test__norag,section,tren,9,0,0.888889,0.565,0.980109
qwen3.5-2b__reasoning_first/test__norag,section,siaran-pers,170,170,0.982353,0.949408,0.993981
qwen3.5-2b__reasoning_first/test__norag,section,lifestyle,59,5,0.915254,0.816482,0.963258
qwen3.5-2b__reasoning_first/test__norag,section,news,158,6,0.93038,0.879645,0.960684
qwen3.5-2b__reasoning_first/test__norag,section,globenewswire,364,364,1.0,0.989557,1.0
qwen3.5-2b__reasoning_first/test__norag,section,oto,11,4,0.818182,0.523019,0.948632
qwen3.5-2b__reasoning_first/test__norag,section,otomotif,55,12,0.836364,0.717363,0.911446
qwen3.5-2b__reasoning_first/test__norag,section,entertainment,9,0,0.888889,0.565,0.980109
qwen3.5-2b__reasoning_first/test__norag,section,metro,7,0,0.857143,0.486872,0.97432
qwen3.5-2b__reasoning_first/test__norag,section,bola,29,0,0.931034,0.780354,0.980879
qwen3.5-2b__reasoning_first/test__norag,section,health,32,1,0.90625,0.757818,0.967598
qwen3.5-2b__reasoning_first/test__norag,section,bisnis,15,2,0.866667,0.62118,0.962639
qwen3.5-2b__reasoning_first/test__norag,section,business,16,0,0.6875,0.444044,0.858354
qwen3.5-2b__reasoning_first/test__norag,section,digital,17,4,0.705882,0.468669,0.8672
qwen3.5-2b__reasoning_first/test__norag,section,megapolitan,12,0,0.916667,0.64612,0.985135
qwen3.5-2b__reasoning_first/test__norag,section,edukasi,33,8,0.939394,0.803938,0.983219
qwen3.5-2b__reasoning_first/test__norag,section,nasional,46,30,0.782609,0.644263,0.877391
qwen3.5-2b__reasoning_first/test__norag,section,inet,26,6,0.923077,0.758584,0.978645
qwen3.5-2b__reasoning_first/test__norag,section,money,8,0,0.75,0.409275,0.928521
qwen3.5-2b__reasoning_first/test__norag,section,surabaya,1,0,1.0,0.206549,1.0
qwen3.5-2b__reasoning_first/test__norag,section,travel,21,1,0.952381,0.773306,0.991544
qwen3.5-2b__reasoning_first/test__norag,section,food,52,2,0.980769,0.898795,0.996597
qwen3.5-2b__reasoning_first/test__norag,section,daerah,12,0,0.416667,0.19326,0.680489
qwen3.5-2b__reasoning_first/test__norag,section,gaya,23,0,1.0,0.856883,1.0
qwen3.5-2b__reasoning_first/test__norag,section,showbiz,24,1,0.916667,0.741512,0.976841
qwen3.5-2b__reasoning_first/test__norag,section,berita,13,0,0.846154,0.577654,0.956742
qwen3.5-2b__reasoning_first/test__norag,section,properti,10,0,0.8,0.490162,0.943318
qwen3.5-2b__reasoning_first/test__norag,section,finance,35,8,0.714286,0.549451,0.836735
qwen3.5-2b__reasoning_first/test__norag,section,trending,4,0,1.0,0.510109,1.0
qwen3.5-2b__reasoning_first/test__norag,section,dunia,7,0,1.0,0.64567,1.0
qwen3.5-2b__reasoning_first/test__norag,section,seleb,11,0,1.0,0.741167,1.0
qwen3.5-2b__reasoning_first/test__norag,section,wolipop,10,0,1.0,0.722467,1.0
qwen3.5-2b__reasoning_first/test__norag,section,ekbis,13,2,0.769231,0.497436,0.918205
qwen3.5-2b__reasoning_first/test__norag,section,politics,16,0,1.0,0.806392,1.0
qwen3.5-2b__reasoning_first/test__norag,section,opinion,9,0,0.666667,0.354202,0.879416
qwen3.5-2b__reasoning_first/test__norag,section,gaya-hidup,16,1,0.8125,0.569911,0.934084
qwen3.5-2b__reasoning_first/test__norag,section,regional,6,0,0.833333,0.436497,0.969947
qwen3.5-2b__reasoning_first/test__norag,section,ragam,11,0,1.0,0.741167,1.0
qwen3.5-2b__reasoning_first/test__norag,section,international,11,0,1.0,0.741167,1.0
qwen3.5-2b__reasoning_first/test__norag,section,hot,17,1,0.941176,0.73018,0.98954
qwen3.5-2b__reasoning_first/test__norag,section,makassar,1,0,0.0,0.0,0.793451
qwen3.5-2b__reasoning_first/test__norag,section,sains,13,0,0.923077,0.66686,0.98629
qwen3.5-2b__reasoning_first/test__norag,section,go,1,1,1.0,0.206549,1.0
qwen3.5-2b__reasoning_first/test__norag,section,militer,2,0,1.0,0.34238,1.0
qwen3.5-2b__reasoning_first/test__norag,section,life,7,0,0.857143,0.486872,0.97432
qwen3.5-2b__reasoning_first/test__norag,section,sponsored-sections,1,0,0.0,0.0,0.793451
qwen3.5-2b__reasoning_first/test__norag,section,badminton,1,0,1.0,0.206549,1.0
qwen3.5-2b__reasoning_first/test__norag,section,edu,2,0,1.0,0.34238,1.0
qwen3.5-2b__reasoning_first/test__norag,section,bandung,1,0,1.0,0.206549,1.0
qwen3.5-2b__reasoning_first/test__rag_k5,host,kompas.com,79,1,0.987342,0.931724,0.997762
qwen3.5-2b__reasoning_first/test__rag_k5,host,thestar.com,717,364,0.988842,0.978139,0.994336
qwen3.5-2b__reasoning_first/test__rag_k5,host,biz.kompas.com,420,420,0.997619,0.986638,0.99958
qwen3.5-2b__reasoning_first/test__rag_k5,host,sport.tempo.co,14,0,1.0,0.784689,1.0
qwen3.5-2b__reasoning_first/test__rag_k5,host,tekno.tempo.co,19,2,0.894737,0.686059,0.970641
qwen3.5-2b__reasoning_first/test__rag_k5,host,viva.co.id,292,177,0.94863,0.916984,0.968625
qwen3.5-2b__reasoning_first/test__rag_k5,host,lifestyle.sindonews.com,41,4,0.926829,0.805726,0.974802
qwen3.5-2b__reasoning_first/test__rag_k5,host,oto.detik.com,11,4,0.818182,0.523019,0.948632
qwen3.5-2b__reasoning_first/test__rag_k5,host,otomotif.tempo.co,13,0,1.0,0.771905,1.0
qwen3.5-2b__reasoning_first/test__rag_k5,host,tekno.sindonews.com,42,19,0.904762,0.779349,0.962338
qwen3.5-2b__reasoning_first/test__rag_k5,host,metro.tempo.co,7,0,1.0,0.64567,1.0
qwen3.5-2b__reasoning_first/test__rag_k5,host,bola.tempo.co,10,0,1.0,0.722467,1.0
qwen3.5-2b__reasoning_first/test__rag_k5,host,sports.sindonews.com,9,9,0.777778,0.452589,0.936775
qwen3.5-2b__reasoning_first/test__rag_k5,host,health.detik.com,11,1,0.909091,0.622642,0.983768
qwen3.5-2b__reasoning_first/test__rag_k5,host,bisnis.tempo.co,15,2,0.866667,0.62118,0.962639
qwen3.5-2b__reasoning_first/test__rag_k5,host,health.kompas.com,21,0,1.0,0.845361,1.0
qwen3.5-2b__reasoning_first/test__rag_k5,host,megapolitan.kompas.com,12,0,0.916667,0.64612,0.985135
qwen3.5-2b__reasoning_first/test__rag_k5,host,nasional.sindonews.com,38,30,0.789474,0.636542,0.889252
qwen3.5-2b__reasoning_first/test__rag_k5,host,lifestyle.kompas.com,18,1,0.944444,0.742427,0.990125
qwen3.5-2b__reasoning_first/test__rag_k5,host,inet.detik.com,26,6,0.923077,0.758584,0.978645
qwen3.5-2b__reasoning_first/test__rag_k5,host,news.detik.com,29,6,0.862069,0.69441,0.945026
qwen3.5-2b__reasoning_first/test__rag_k5,host,otomotif.kompas.com,21,5,0.809524,0.599994,0.923324
qwen3.5-2b__reasoning_first/test__rag_k5,host,otomotif.sindonews.com,18,6,0.944444,0.742427,0.990125
qwen3.5-2b__reasoning_first/test__rag_k5,host,money.kompas.com,8,0,1.0,0.675592,1.0
qwen3.5-2b__reasoning_first/test__rag_k5,host,edukasi.sindonews.com,23,8,0.913043,0.73204,0.97582
qwen3.5-2b__reasoning_first/test__rag_k5,host,surabaya.kompas.com,1,0,1.0,0.206549,1.0
qwen3.5-2b__reasoning_first/test__rag_k5,host,travel.tempo.co,21,1,0.952381,0.773306,0.991544
qwen3.5-2b__reasoning_first/test__rag_k5,host,food.detik.com,31,2,0.967742,0.838059,0.994283
qwen3.5-2b__reasoning_first/test__rag_k5,host,daerah.sindonews.com,12,0,0.666667,0.390622,0.86188
qwen3.5-2b__reasoning_first/test__rag_k5,host,gaya.tempo.co,23,0,1.0,0.856883,1.0
qwen3.5-2b__reasoning_first/test__rag_k5,host,finance.detik.com,35,8,0.742857,0.579307,0.85837
qwen3.5-2b__reasoning_first/test__rag_k5,host,dunia.tempo.co,7,0,1.0,0.64567,1.0
qwen3.5-2b__reasoning_first/test__rag_k5,host,seleb.tempo.co,11,0,1.0,0.741167,1.0
qwen3.5-2b__reasoning_first/test__rag_k5,host,sport.detik.com,20,0,1.0,0.838875,1.0
qwen3.5-2b__reasoning_first/test__rag_k5,host,wolipop.detik.com,10,0,1.0,0.722467,1.0
qwen3.5-2b__reasoning_first/test__rag_k5,host,ekbis.sindonews.com,13,2,0.846154,0.577654,0.956742
qwen3.5-2b__reasoning_first/test__rag_k5,host,tekno.kompas.com,6,1,1.0,0.609666,1.0
qwen3.5-2b__reasoning_first/test__rag_k5,host,nasional.kompas.com,7,0,0.857143,0.486872,0.97432
qwen3.5-2b__reasoning_first/test__rag_k5,host,regional.kompas.com,6,0,1.0,0.609666,1.0
qwen3.5-2b__reasoning_first/test__rag_k5,host,international.sindonews.com,11,0,1.0,0.741167,1.0
qwen3.5-2b__reasoning_first/test__rag_k5,host,hot.detik.com,17,1,0.941176,0.73018,0.98954
qwen3.5-2b__reasoning_first/test__rag_k5,host,makassar.kompas.com,1,0,0.0,0.0,0.793451
qwen3.5-2b__reasoning_first/test__rag_k5,host,sains.sindonews.com,13,0,1.0,0.771905,1.0
qwen3.5-2b__reasoning_first/test__rag_k5,host,go.kompas.com,1,1,1.0,0.206549,1.0
qwen3.5-2b__reasoning_first/test__rag_k5,host,bola.kompas.com,3,0,1.0,0.438503,1.0
qwen3.5-2b__reasoning_first/test__rag_k5,host,nasional.tempo.co,1,0,1.0,0.206549,1.0
qwen3.5-2b__reasoning_first/test__rag_k5,host,bandung.kompas.com,1,0,1.0,0.206549,1.0
qwen3.5-2b__reasoning_first/test__rag_k5,section,global,13,0,1.0,0.771905,1.0
qwen3.5-2b__reasoning_first/test__rag_k5,section,skola,9,0,1.0,0.700855,1.0
qwen3.5-2b__reasoning_first/test__rag_k5,section,sports,179,9,0.988827,0.960183,0.996931
qwen3.5-2b__reasoning_first/test__rag_k5,section,biz,420,420,0.997619,0.986638,0.99958
qwen3.5-2b__reasoning_first/test__rag_k5,section,sport,40,0,1.0,0.912378,1.0
qwen3.5-2b__reasoning_first/test__rag_k5,section,tekno,67,22,0.910448,0.818072,0.958309
qwen3.5-2b__reasoning_first/test__rag_k5,section,homey,10,1,1.0,0.722467,1.0
qwen3.5-2b__reasoning_first/test__rag_k5,section,tren,9,0,1.0,0.700855,1.0
qwen3.5-2b__reasoning_first/test__rag_k5,section,siaran-pers,170,170,0.970588,0.933006,0.987373
qwen3.5-2b__reasoning_first/test__rag_k5,section,lifestyle,59,5,0.932203,0.838245,0.973321
qwen3.5-2b__reasoning_first/test__rag_k5,section,news,158,6,0.962025,0.919636,0.982482
qwen3.5-2b__reasoning_first/test__rag_k5,section,globenewswire,364,364,1.0,0.989557,1.0
qwen3.5-2b__reasoning_first/test__rag_k5,section,oto,11,4,0.818182,0.523019,0.948632
qwen3.5-2b__reasoning_first/test__rag_k5,section,otomotif,55,12,0.890909,0.781745,0.949033
qwen3.5-2b__reasoning_first/test__rag_k5,section,entertainment,9,0,1.0,0.700855,1.0
qwen3.5-2b__reasoning_first/test__rag_k5,section,metro,7,0,1.0,0.64567,1.0
qwen3.5-2b__reasoning_first/test__rag_k5,section,bola,29,0,0.965517,0.828245,0.993887
qwen3.5-2b__reasoning_first/test__rag_k5,section,health,32,1,0.96875,0.842557,0.994462
qwen3.5-2b__reasoning_first/test__rag_k5,section,bisnis,15,2,0.866667,0.62118,0.962639
qwen3.5-2b__reasoning_first/test__rag_k5,section,business,16,0,0.8125,0.569911,0.934084
qwen3.5-2b__reasoning_first/test__rag_k5,section,digital,17,4,0.764706,0.527382,0.90445
qwen3.5-2b__reasoning_first/test__rag_k5,section,megapolitan,12,0,0.916667,0.64612,0.985135
qwen3.5-2b__reasoning_first/test__rag_k5,section,edukasi,33,8,0.939394,0.803938,0.983219
qwen3.5-2b__reasoning_first/test__rag_k5,section,nasional,46,30,0.804348,0.668287,0.893494
qwen3.5-2b__reasoning_first/test__rag_k5,section,inet,26,6,0.923077,0.758584,0.978645
qwen3.5-2b__reasoning_first/test__rag_k5,section,money,8,0,1.0,0.675592,1.0
qwen3.5-2b__reasoning_first/test__rag_k5,section,surabaya,1,0,1.0,0.206549,1.0
qwen3.5-2b__reasoning_first/test__rag_k5,section,travel,21,1,0.952381,0.773306,0.991544
qwen3.5-2b__reasoning_first/test__rag_k5,section,food,52,2,0.980769,0.898795,0.996597
qwen3.5-2b__reasoning_first/test__rag_k5,section,daerah,12,0,0.666667,0.390622,0.86188
qwen3.5-2b__reasoning_first/test__rag_k5,section,gaya,23,0,1.0,0.856883,1.0
qwen3.5-2b__reasoning_first/test__rag_k5,section,showbiz,24,1,0.916667,0.741512,0.976841
qwen3.5-2b__reasoning_first/test__rag_k5,section,berita,13,0,1.0,0.771905,1.0
qwen3.5-2b__reasoning_first/test__rag_k5,section,properti,10,0,0.9,0.59585,0.982124
qwen3.5-2b__reasoning_first/test__rag_k5,section,finance,35,8,0.742857,0.579307,0.85837
qwen3.5-2b__reasoning_first/test__rag_k5,section,trending,4,0,1.0,0.510109,1.0
qwen3.5-2b__reasoning_first/test__rag_k5,section,dunia,7,0,1.0,0.64567,1.0
qwen3.5-2b__reasoning_first/test__rag_k5,section,seleb,11,0,1.0,0.741167,1.0
qwen3.5-2b__reasoning_first/test__rag_k5,section,wolipop,10,0,1.0,0.722467,1.0
qwen3.5-2b__reasoning_first/test__rag_k5,section,ekbis,13,2,0.846154,0.577654,0.956742
qwen3.5-2b__reasoning_first/test__rag_k5,section,politics,16,0,1.0,0.806392,1.0
qwen3.5-2b__reasoning_first/test__rag_k5,section,opinion,9,0,0.888889,0.565,0.980109
qwen3.5-2b__reasoning_first/test__rag_k5,section,gaya-hidup,16,1,0.875,0.639772,0.965023
qwen3.5-2b__reasoning_first/test__rag_k5,section,regional,6,0,1.0,0.609666,1.0
qwen3.5-2b__reasoning_first/test__rag_k5,section,ragam,11,0,1.0,0.741167,1.0
qwen3.5-2b__reasoning_first/test__rag_k5,section,international,11,0,1.0,0.741167,1.0
qwen3.5-2b__reasoning_first/test__rag_k5,section,hot,17,1,0.941176,0.73018,0.98954
qwen3.5-2b__reasoning_first/test__rag_k5,section,makassar,1,0,0.0,0.0,0.793451
qwen3.5-2b__reasoning_first/test__rag_k5,section,sains,13,0,1.0,0.771905,1.0
qwen3.5-2b__reasoning_first/test__rag_k5,section,go,1,1,1.0,0.206549,1.0
qwen3.5-2b__reasoning_first/test__rag_k5,section,militer,2,0,1.0,0.34238,1.0
qwen3.5-2b__reasoning_first/test__rag_k5,section,life,7,0,0.857143,0.486872,0.97432
qwen3.5-2b__reasoning_first/test__rag_k5,section,sponsored-sections,1,0,0.0,0.0,0.793451
qwen3.5-2b__reasoning_first/test__rag_k5,section,badminton,1,0,1.0,0.206549,1.0
qwen3.5-2b__reasoning_first/test__rag_k5,section,edu,2,0,1.0,0.34238,1.0
qwen3.5-2b__reasoning_first/test__rag_k5,section,bandung,1,0,1.0,0.206549,1.0
qwen3.5-9b__reasoning_first/test__norag,host,kompas.com,79,1,0.974684,0.912314,0.99303
qwen3.5-9b__reasoning_first/test__norag,host,thestar.com,717,364,0.995816,0.987771,0.998576
qwen3.5-9b__reasoning_first/test__norag,host,biz.kompas.com,420,420,0.995238,0.982806,0.998693
qwen3.5-9b__reasoning_first/test__norag,host,sport.tempo.co,14,0,1.0,0.784689,1.0
qwen3.5-9b__reasoning_first/test__norag,host,tekno.tempo.co,19,2,0.947368,0.753613,0.990648
qwen3.5-9b__reasoning_first/test__norag,host,viva.co.id,292,177,0.952055,0.921142,0.971228
qwen3.5-9b__reasoning_first/test__norag,host,lifestyle.sindonews.com,41,4,0.926829,0.805726,0.974802
qwen3.5-9b__reasoning_first/test__norag,host,oto.detik.com,11,4,0.818182,0.523019,0.948632
qwen3.5-9b__reasoning_first/test__norag,host,otomotif.tempo.co,13,0,1.0,0.771905,1.0
qwen3.5-9b__reasoning_first/test__norag,host,tekno.sindonews.com,42,19,0.857143,0.721589,0.93284
qwen3.5-9b__reasoning_first/test__norag,host,metro.tempo.co,7,0,1.0,0.64567,1.0
qwen3.5-9b__reasoning_first/test__norag,host,bola.tempo.co,10,0,1.0,0.722467,1.0
qwen3.5-9b__reasoning_first/test__norag,host,sports.sindonews.com,9,9,0.777778,0.452589,0.936775
qwen3.5-9b__reasoning_first/test__norag,host,health.detik.com,11,1,0.909091,0.622642,0.983768
qwen3.5-9b__reasoning_first/test__norag,host,bisnis.tempo.co,15,2,0.866667,0.62118,0.962639
qwen3.5-9b__reasoning_first/test__norag,host,health.kompas.com,21,0,1.0,0.845361,1.0
qwen3.5-9b__reasoning_first/test__norag,host,megapolitan.kompas.com,12,0,1.0,0.757506,1.0
qwen3.5-9b__reasoning_first/test__norag,host,nasional.sindonews.com,38,30,0.710526,0.552429,0.829967
qwen3.5-9b__reasoning_first/test__norag,host,lifestyle.kompas.com,18,1,0.944444,0.742427,0.990125
qwen3.5-9b__reasoning_first/test__norag,host,inet.detik.com,26,6,0.884615,0.710241,0.959968
qwen3.5-9b__reasoning_first/test__norag,host,news.detik.com,29,6,0.896552,0.736149,0.964185
qwen3.5-9b__reasoning_first/test__norag,host,otomotif.kompas.com,21,5,0.619048,0.408787,0.79249
qwen3.5-9b__reasoning_first/test__norag,host,otomotif.sindonews.com,18,6,0.944444,0.742427,0.990125
qwen3.5-9b__reasoning_first/test__norag,host,money.kompas.com,8,0,1.0,0.675592,1.0
qwen3.5-9b__reasoning_first/test__norag,host,edukasi.sindonews.com,23,8,0.956522,0.790088,0.992283
qwen3.5-9b__reasoning_first/test__norag,host,surabaya.kompas.com,1,0,1.0,0.206549,1.0
qwen3.5-9b__reasoning_first/test__norag,host,travel.tempo.co,21,1,0.952381,0.773306,0.991544
qwen3.5-9b__reasoning_first/test__norag,host,food.detik.com,31,2,0.967742,0.838059,0.994283
qwen3.5-9b__reasoning_first/test__norag,host,daerah.sindonews.com,12,0,0.916667,0.64612,0.985135
qwen3.5-9b__reasoning_first/test__norag,host,gaya.tempo.co,23,0,1.0,0.856883,1.0
qwen3.5-9b__reasoning_first/test__norag,host,finance.detik.com,35,8,0.742857,0.579307,0.85837
qwen3.5-9b__reasoning_first/test__norag,host,dunia.tempo.co,7,0,1.0,0.64567,1.0
qwen3.5-9b__reasoning_first/test__norag,host,seleb.tempo.co,11,0,1.0,0.741167,1.0
qwen3.5-9b__reasoning_first/test__norag,host,sport.detik.com,20,0,1.0,0.838875,1.0
qwen3.5-9b__reasoning_first/test__norag,host,wolipop.detik.com,10,0,1.0,0.722467,1.0
qwen3.5-9b__reasoning_first/test__norag,host,ekbis.sindonews.com,13,2,0.923077,0.66686,0.98629
qwen3.5-9b__reasoning_first/test__norag,host,tekno.kompas.com,6,1,1.0,0.609666,1.0
qwen3.5-9b__reasoning_first/test__norag,host,nasional.kompas.com,7,0,1.0,0.64567,1.0
qwen3.5-9b__reasoning_first/test__norag,host,regional.kompas.com,6,0,1.0,0.609666,1.0
qwen3.5-9b__reasoning_first/test__norag,host,international.sindonews.com,11,0,1.0,0.741167,1.0
qwen3.5-9b__reasoning_first/test__norag,host,hot.detik.com,17,1,0.941176,0.73018,0.98954
qwen3.5-9b__reasoning_first/test__norag,host,makassar.kompas.com,1,0,1.0,0.206549,1.0
qwen3.5-9b__reasoning_first/test__norag,host,sains.sindonews.com,13,0,1.0,0.771905,1.0
qwen3.5-9b__reasoning_first/test__norag,host,go.kompas.com,1,1,1.0,0.206549,1.0
qwen3.5-9b__reasoning_first/test__norag,host,bola.kompas.com,3,0,1.0,0.438503,1.0
qwen3.5-9b__reasoning_first/test__norag,host,nasional.tempo.co,1,0,1.0,0.206549,1.0
qwen3.5-9b__reasoning_first/test__norag,host,bandung.kompas.com,1,0,1.0,0.206549,1.0
qwen3.5-9b__reasoning_first/test__norag,section,global,13,0,1.0,0.771905,1.0
qwen3.5-9b__reasoning_first/test__norag,section,skola,9,0,1.0,0.700855,1.0
qwen3.5-9b__reasoning_first/test__norag,section,sports,179,9,0.988827,0.960183,0.996931
qwen3.5-9b__reasoning_first/test__norag,section,biz,420,420,0.995238,0.982806,0.998693
qwen3.5-9b__reasoning_first/test__norag,section,sport,40,0,1.0,0.912378,1.0
qwen3.5-9b__reasoning_first/test__norag,section,tekno,67,22,0.895522,0.799687,0.948462
qwen3.5-9b__reasoning_first/test__norag,section,homey,10,1,0.9,0.59585,0.982124
qwen3.5-9b__reasoning_first/test__norag,section,tren,9,0,1.0,0.700855,1.0
qwen3.5-9b__reasoning_first/test__norag,section,siaran-pers,170,170,0.976471,0.941071,0.990813
qwen3.5-9b__reasoning_first/test__norag,section,lifestyle,59,5,0.932203,0.838245,0.973321
qwen3.5-9b__reasoning_first/test__norag,section,news,158,6,0.981013,0.945669,0.993522
qwen3.5-9b__reasoning_first/test__norag,section,globenewswire,364,364,1.0,0.989557,1.0
qwen3.5-9b__reasoning_first/test__norag,section,oto,11,4,0.818182,0.523019,0.948632
qwen3.5-9b__reasoning_first/test__norag,section,otomotif,55,12,0.818182,0.696695,0.898123
qwen3.5-9b__reasoning_first/test__norag,section,entertainment,9,0,1.0,0.700855,1.0
qwen3.5-9b__reasoning_first/test__norag,section,metro,7,0,1.0,0.64567,1.0
qwen3.5-9b__reasoning_first/test__norag,section,bola,29,0,1.0,0.88303,1.0
qwen3.5-9b__reasoning_first/test__norag,section,health,32,1,0.96875,0.842557,0.994462
qwen3.5-9b__reasoning_first/test__norag,section,bisnis,15,2,0.866667,0.62118,0.962639
qwen3.5-9b__reasoning_first/test__norag,section,business,16,0,0.875,0.639772,0.965023
qwen3.5-9b__reasoning_first/test__norag,section,digital,17,4,0.705882,0.468669,0.8672
qwen3.5-9b__reasoning_first/test__norag,section,megapolitan,12,0,1.0,0.757506,1.0
qwen3.5-9b__reasoning_first/test__norag,section,edukasi,33,8,0.969697,0.846813,0.994631
qwen3.5-9b__reasoning_first/test__norag,section,nasional,46,30,0.76087,0.620649,0.860878
qwen3.5-9b__reasoning_first/test__norag,section,inet,26,6,0.884615,0.710241,0.959968
qwen3.5-9b__reasoning_first/test__norag,section,money,8,0,1.0,0.675592,1.0
qwen3.5-9b__reasoning_first/test__norag,section,surabaya,1,0,1.0,0.206549,1.0
qwen3.5-9b__reasoning_first/test__norag,section,travel,21,1,0.952381,0.773306,0.991544
qwen3.5-9b__reasoning_first/test__norag,section,food,52,2,0.980769,0.898795,0.996597
qwen3.5-9b__reasoning_first/test__norag,section,daerah,12,0,0.916667,0.64612,0.985135
qwen3.5-9b__reasoning_first/test__norag,section,gaya,23,0,1.0,0.856883,1.0
qwen3.5-9b__reasoning_first/test__norag,section,showbiz,24,1,0.958333,0.797582,0.992607
qwen3.5-9b__reasoning_first/test__norag,section,berita,13,0,0.923077,0.66686,0.98629
qwen3.5-9b__reasoning_first/test__norag,section,properti,10,0,0.9,0.59585,0.982124
qwen3.5-9b__reasoning_first/test__norag,section,finance,35,8,0.742857,0.579307,0.85837
qwen3.5-9b__reasoning_first/test__norag,section,trending,4,0,1.0,0.510109,1.0
qwen3.5-9b__reasoning_first/test__norag,section,dunia,7,0,1.0,0.64567,1.0
qwen3.5-9b__reasoning_first/test__norag,section,seleb,11,0,1.0,0.741167,1.0
qwen3.5-9b__reasoning_first/test__norag,section,wolipop,10,0,1.0,0.722467,1.0
qwen3.5-9b__reasoning_first/test__norag,section,ekbis,13,2,0.923077,0.66686,0.98629
qwen3.5-9b__reasoning_first/test__norag,section,politics,16,0,1.0,0.806392,1.0
qwen3.5-9b__reasoning_first/test__norag,section,opinion,9,0,1.0,0.700855,1.0
qwen3.5-9b__reasoning_first/test__norag,section,gaya-hidup,16,1,0.875,0.639772,0.965023
qwen3.5-9b__reasoning_first/test__norag,section,regional,6,0,1.0,0.609666,1.0
qwen3.5-9b__reasoning_first/test__norag,section,ragam,11,0,1.0,0.741167,1.0
qwen3.5-9b__reasoning_first/test__norag,section,international,11,0,1.0,0.741167,1.0
qwen3.5-9b__reasoning_first/test__norag,section,hot,17,1,0.941176,0.73018,0.98954
qwen3.5-9b__reasoning_first/test__norag,section,makassar,1,0,1.0,0.206549,1.0
qwen3.5-9b__reasoning_first/test__norag,section,sains,13,0,1.0,0.771905,1.0
qwen3.5-9b__reasoning_first/test__norag,section,go,1,1,1.0,0.206549,1.0
qwen3.5-9b__reasoning_first/test__norag,section,militer,2,0,1.0,0.34238,1.0
qwen3.5-9b__reasoning_first/test__norag,section,life,7,0,1.0,0.64567,1.0
qwen3.5-9b__reasoning_first/test__norag,section,sponsored-sections,1,0,0.0,0.0,0.793451
qwen3.5-9b__reasoning_first/test__norag,section,badminton,1,0,1.0,0.206549,1.0
qwen3.5-9b__reasoning_first/test__norag,section,edu,2,0,1.0,0.34238,1.0
qwen3.5-9b__reasoning_first/test__norag,section,bandung,1,0,1.0,0.206549,1.0
qwen3.5-9b__reasoning_first/test__rag_k5,host,kompas.com,79,1,0.974684,0.912314,0.99303
qwen3.5-9b__reasoning_first/test__rag_k5,host,thestar.com,717,364,0.995816,0.987771,0.998576
qwen3.5-9b__reasoning_first/test__rag_k5,host,biz.kompas.com,420,420,1.0,0.990937,1.0
qwen3.5-9b__reasoning_first/test__rag_k5,host,sport.tempo.co,14,0,1.0,0.784689,1.0
qwen3.5-9b__reasoning_first/test__rag_k5,host,tekno.tempo.co,19,2,0.947368,0.753613,0.990648
qwen3.5-9b__reasoning_first/test__rag_k5,host,viva.co.id,292,177,0.965753,0.938118,0.981293
qwen3.5-9b__reasoning_first/test__rag_k5,host,lifestyle.sindonews.com,41,4,0.97561,0.874049,0.995681
qwen3.5-9b__reasoning_first/test__rag_k5,host,oto.detik.com,11,4,0.818182,0.523019,0.948632
qwen3.5-9b__reasoning_first/test__rag_k5,host,otomotif.tempo.co,13,0,1.0,0.771905,1.0
qwen3.5-9b__reasoning_first/test__rag_k5,host,tekno.sindonews.com,42,19,0.904762,0.779349,0.962338
qwen3.5-9b__reasoning_first/test__rag_k5,host,metro.tempo.co,7,0,1.0,0.64567,1.0
qwen3.5-9b__reasoning_first/test__rag_k5,host,bola.tempo.co,10,0,1.0,0.722467,1.0
qwen3.5-9b__reasoning_first/test__rag_k5,host,sports.sindonews.com,9,9,0.777778,0.452589,0.936775
qwen3.5-9b__reasoning_first/test__rag_k5,host,health.detik.com,11,1,1.0,0.741167,1.0
qwen3.5-9b__reasoning_first/test__rag_k5,host,bisnis.tempo.co,15,2,0.866667,0.62118,0.962639
qwen3.5-9b__reasoning_first/test__rag_k5,host,health.kompas.com,21,0,1.0,0.845361,1.0
qwen3.5-9b__reasoning_first/test__rag_k5,host,megapolitan.kompas.com,12,0,0.916667,0.64612,0.985135
qwen3.5-9b__reasoning_first/test__rag_k5,host,nasional.sindonews.com,38,30,0.789474,0.636542,0.889252
qwen3.5-9b__reasoning_first/test__rag_k5,host,lifestyle.kompas.com,18,1,0.944444,0.742427,0.990125
qwen3.5-9b__reasoning_first/test__rag_k5,host,inet.detik.com,26,6,0.923077,0.758584,0.978645
qwen3.5-9b__reasoning_first/test__rag_k5,host,news.detik.com,29,6,0.862069,0.69441,0.945026
qwen3.5-9b__reasoning_first/test__rag_k5,host,otomotif.kompas.com,21,5,0.666667,0.453735,0.828052
qwen3.5-9b__reasoning_first/test__rag_k5,host,otomotif.sindonews.com,18,6,1.0,0.824121,1.0
qwen3.5-9b__reasoning_first/test__rag_k5,host,money.kompas.com,8,0,1.0,0.675592,1.0
qwen3.5-9b__reasoning_first/test__rag_k5,host,edukasi.sindonews.com,23,8,0.913043,0.73204,0.97582
qwen3.5-9b__reasoning_first/test__rag_k5,host,surabaya.kompas.com,1,0,1.0,0.206549,1.0
qwen3.5-9b__reasoning_first/test__rag_k5,host,travel.tempo.co,21,1,0.952381,0.773306,0.991544
qwen3.5-9b__reasoning_first/test__rag_k5,host,food.detik.com,31,2,0.967742,0.838059,0.994283
qwen3.5-9b__reasoning_first/test__rag_k5,host,daerah.sindonews.com,12,0,0.833333,0.551969,0.953035
qwen3.5-9b__reasoning_first/test__rag_k5,host,gaya.tempo.co,23,0,1.0,0.856883,1.0
qwen3.5-9b__reasoning_first/test__rag_k5,host,finance.detik.com,35,8,0.685714,0.520202,0.814492
qwen3.5-9b__reasoning_first/test__rag_k5,host,dunia.tempo.co,7,0,1.0,0.64567,1.0
qwen3.5-9b__reasoning_first/test__rag_k5,host,seleb.tempo.co,11,0,1.0,0.741167,1.0
qwen3.5-9b__reasoning_first/test__rag_k5,host,sport.detik.com,20,0,1.0,0.838875,1.0
qwen3.5-9b__reasoning_first/test__rag_k5,host,wolipop.detik.com,10,0,1.0,0.722467,1.0
qwen3.5-9b__reasoning_first/test__rag_k5,host,ekbis.sindonews.com,13,2,0.923077,0.66686,0.98629
qwen3.5-9b__reasoning_first/test__rag_k5,host,tekno.kompas.com,6,1,1.0,0.609666,1.0
qwen3.5-9b__reasoning_first/test__rag_k5,host,nasional.kompas.com,7,0,1.0,0.64567,1.0
qwen3.5-9b__reasoning_first/test__rag_k5,host,regional.kompas.com,6,0,1.0,0.609666,1.0
qwen3.5-9b__reasoning_first/test__rag_k5,host,international.sindonews.com,11,0,1.0,0.741167,1.0
qwen3.5-9b__reasoning_first/test__rag_k5,host,hot.detik.com,17,1,0.941176,0.73018,0.98954
qwen3.5-9b__reasoning_first/test__rag_k5,host,makassar.kompas.com,1,0,1.0,0.206549,1.0
qwen3.5-9b__reasoning_first/test__rag_k5,host,sains.sindonews.com,13,0,1.0,0.771905,1.0
qwen3.5-9b__reasoning_first/test__rag_k5,host,go.kompas.com,1,1,1.0,0.206549,1.0
qwen3.5-9b__reasoning_first/test__rag_k5,host,bola.kompas.com,3,0,1.0,0.438503,1.0
qwen3.5-9b__reasoning_first/test__rag_k5,host,nasional.tempo.co,1,0,1.0,0.206549,1.0
qwen3.5-9b__reasoning_first/test__rag_k5,host,bandung.kompas.com,1,0,1.0,0.206549,1.0
qwen3.5-9b__reasoning_first/test__rag_k5,section,global,13,0,1.0,0.771905,1.0
qwen3.5-9b__reasoning_first/test__rag_k5,section,skola,9,0,1.0,0.700855,1.0
qwen3.5-9b__reasoning_first/test__rag_k5,section,sports,179,9,0.988827,0.960183,0.996931
qwen3.5-9b__reasoning_first/test__rag_k5,section,biz,420,420,1.0,0.990937,1.0
qwen3.5-9b__reasoning_first/test__rag_k5,section,sport,40,0,1.0,0.912378,1.0
qwen3.5-9b__reasoning_first/test__rag_k5,section,tekno,67,22,0.925373,0.83691,0.967704
qwen3.5-9b__reasoning_first/test__rag_k5,section,homey,10,1,0.9,0.59585,0.982124
qwen3.5-9b__reasoning_first/test__rag_k5,section,tren,9,0,1.0,0.700855,1.0
qwen3.5-9b__reasoning_first/test__rag_k5,section,siaran-pers,170,170,0.994118,0.967437,0.998961
qwen3.5-9b__reasoning_first/test__rag_k5,section,lifestyle,59,5,0.966102,0.884564,0.990654
qwen3.5-9b__reasoning_first/test__rag_k5,section,news,158,6,0.974684,0.936721,0.990112
qwen3.5-9b__reasoning_first/test__rag_k5,section,globenewswire,364,364,1.0,0.989557,1.0
qwen3.5-9b__reasoning_first/test__rag_k5,section,oto,11,4,0.818182,0.523019,0.948632
qwen3.5-9b__reasoning_first/test__rag_k5,section,otomotif,55,12,0.854545,0.738391,0.924407
qwen3.5-9b__reasoning_first/test__rag_k5,section,entertainment,9,0,1.0,0.700855,1.0
qwen3.5-9b__reasoning_first/test__rag_k5,section,metro,7,0,1.0,0.64567,1.0
qwen3.5-9b__reasoning_first/test__rag_k5,section,bola,29,0,1.0,0.88303,1.0
qwen3.5-9b__reasoning_first/test__rag_k5,section,health,32,1,1.0,0.892821,1.0
qwen3.5-9b__reasoning_first/test__rag_k5,section,bisnis,15,2,0.866667,0.62118,0.962639
qwen3.5-9b__reasoning_first/test__rag_k5,section,business,16,0,0.875,0.639772,0.965023
qwen3.5-9b__reasoning_first/test__rag_k5,section,digital,17,4,0.764706,0.527382,0.90445
qwen3.5-9b__reasoning_first/test__rag_k5,section,megapolitan,12,0,0.916667,0.64612,0.985135
qwen3.5-9b__reasoning_first/test__rag_k5,section,edukasi,33,8,0.939394,0.803938,0.983219
qwen3.5-9b__reasoning_first/test__rag_k5,section,nasional,46,30,0.826087,0.692766,0.909142
qwen3.5-9b__reasoning_first/test__rag_k5,section,inet,26,6,0.923077,0.758584,0.978645
qwen3.5-9b__reasoning_first/test__rag_k5,section,money,8,0,1.0,0.675592,1.0
qwen3.5-9b__reasoning_first/test__rag_k5,section,surabaya,1,0,1.0,0.206549,1.0
qwen3.5-9b__reasoning_first/test__rag_k5,section,travel,21,1,0.952381,0.773306,0.991544
qwen3.5-9b__reasoning_first/test__rag_k5,section,food,52,2,0.980769,0.898795,0.996597
qwen3.5-9b__reasoning_first/test__rag_k5,section,daerah,12,0,0.833333,0.551969,0.953035
qwen3.5-9b__reasoning_first/test__rag_k5,section,gaya,23,0,1.0,0.856883,1.0
qwen3.5-9b__reasoning_first/test__rag_k5,section,showbiz,24,1,0.958333,0.797582,0.992607
qwen3.5-9b__reasoning_first/test__rag_k5,section,berita,13,0,1.0,0.771905,1.0
qwen3.5-9b__reasoning_first/test__rag_k5,section,properti,10,0,0.9,0.59585,0.982124
qwen3.5-9b__reasoning_first/test__rag_k5,section,finance,35,8,0.685714,0.520202,0.814492
qwen3.5-9b__reasoning_first/test__rag_k5,section,trending,4,0,1.0,0.510109,1.0
qwen3.5-9b__reasoning_first/test__rag_k5,section,dunia,7,0,1.0,0.64567,1.0
qwen3.5-9b__reasoning_first/test__rag_k5,section,seleb,11,0,1.0,0.741167,1.0
qwen3.5-9b__reasoning_first/test__rag_k5,section,wolipop,10,0,1.0,0.722467,1.0
qwen3.5-9b__reasoning_first/test__rag_k5,section,ekbis,13,2,0.923077,0.66686,0.98629
qwen3.5-9b__reasoning_first/test__rag_k5,section,politics,16,0,1.0,0.806392,1.0
qwen3.5-9b__reasoning_first/test__rag_k5,section,opinion,9,0,1.0,0.700855,1.0
qwen3.5-9b__reasoning_first/test__rag_k5,section,gaya-hidup,16,1,0.8125,0.569911,0.934084
qwen3.5-9b__reasoning_first/test__rag_k5,section,regional,6,0,1.0,0.609666,1.0
qwen3.5-9b__reasoning_first/test__rag_k5,section,ragam,11,0,1.0,0.741167,1.0
qwen3.5-9b__reasoning_first/test__rag_k5,section,international,11,0,1.0,0.741167,1.0
qwen3.5-9b__reasoning_first/test__rag_k5,section,hot,17,1,0.941176,0.73018,0.98954
qwen3.5-9b__reasoning_first/test__rag_k5,section,makassar,1,0,1.0,0.206549,1.0
qwen3.5-9b__reasoning_first/test__rag_k5,section,sains,13,0,1.0,0.771905,1.0
qwen3.5-9b__reasoning_first/test__rag_k5,section,go,1,1,1.0,0.206549,1.0
qwen3.5-9b__reasoning_first/test__rag_k5,section,militer,2,0,1.0,0.34238,1.0
qwen3.5-9b__reasoning_first/test__rag_k5,section,life,7,0,1.0,0.64567,1.0
qwen3.5-9b__reasoning_first/test__rag_k5,section,sponsored-sections,1,0,0.0,0.0,0.793451
qwen3.5-9b__reasoning_first/test__rag_k5,section,badminton,1,0,1.0,0.206549,1.0
qwen3.5-9b__reasoning_first/test__rag_k5,section,edu,2,0,1.0,0.34238,1.0
qwen3.5-9b__reasoning_first/test__rag_k5,section,bandung,1,0,1.0,0.206549,1.0
