run,field,group,n,n_native_gold,accuracy,acc_ci_low,acc_ci_high
knn/bge-m3/test__1nn,host,kompas.com,79,1,0.797468,0.69604,0.871309
knn/bge-m3/test__1nn,host,thestar.com,717,364,0.965132,0.949035,0.976273
knn/bge-m3/test__1nn,host,biz.kompas.com,420,420,0.866667,0.830811,0.895876
knn/bge-m3/test__1nn,host,sport.tempo.co,14,0,1.0,0.784689,1.0
knn/bge-m3/test__1nn,host,tekno.tempo.co,19,2,0.894737,0.686059,0.970641
knn/bge-m3/test__1nn,host,viva.co.id,292,177,0.873288,0.830226,0.906655
knn/bge-m3/test__1nn,host,lifestyle.sindonews.com,41,4,0.878049,0.744558,0.946767
knn/bge-m3/test__1nn,host,oto.detik.com,11,4,0.636364,0.353801,0.848335
knn/bge-m3/test__1nn,host,otomotif.tempo.co,13,0,0.923077,0.66686,0.98629
knn/bge-m3/test__1nn,host,tekno.sindonews.com,42,19,0.714286,0.564328,0.82833
knn/bge-m3/test__1nn,host,metro.tempo.co,7,0,0.857143,0.486872,0.97432
knn/bge-m3/test__1nn,host,bola.tempo.co,10,0,1.0,0.722467,1.0
knn/bge-m3/test__1nn,host,sports.sindonews.com,9,9,0.777778,0.452589,0.936775
knn/bge-m3/test__1nn,host,health.detik.com,11,1,0.909091,0.622642,0.983768
knn/bge-m3/test__1nn,host,bisnis.tempo.co,15,2,0.8,0.548146,0.929525
knn/bge-m3/test__1nn,host,health.kompas.com,21,0,0.904762,0.710859,0.973481
knn/bge-m3/test__1nn,host,megapolitan.kompas.com,12,0,0.75,0.467695,0.911058
knn/bge-m3/test__1nn,host,nasional.sindonews.com,38,30,0.763158,0.607932,0.870063
knn/bge-m3/test__1nn,host,lifestyle.kompas.com,18,1,0.722222,0.491273,0.875002
knn/bge-m3/test__1nn,host,inet.detik.com,26,6,0.807692,0.621237,0.914929
knn/bge-m3/test__1nn,host,news.detik.com,29,6,0.793103,0.616099,0.901539
knn/bge-m3/test__1nn,host,otomotif.kompas.com,21,5,0.714286,0.500436,0.861861
knn/bge-m3/test__1nn,host,otomotif.sindonews.com,18,6,0.888889,0.672002,0.96898
knn/bge-m3/test__1nn,host,money.kompas.com,8,0,0.75,0.409275,0.928521
knn/bge-m3/test__1nn,host,edukasi.sindonews.com,23,8,0.73913,0.5353,0.874514
knn/bge-m3/test__1nn,host,surabaya.kompas.com,1,0,1.0,0.206549,1.0
knn/bge-m3/test__1nn,host,travel.tempo.co,21,1,0.809524,0.599994,0.923324
knn/bge-m3/test__1nn,host,food.detik.com,31,2,0.870968,0.711476,0.948657
knn/bge-m3/test__1nn,host,daerah.sindonews.com,12,0,0.833333,0.551969,0.953035
knn/bge-m3/test__1nn,host,gaya.tempo.co,23,0,0.869565,0.678725,0.954623
knn/bge-m3/test__1nn,host,finance.detik.com,35,8,0.6,0.435727,0.744493
knn/bge-m3/test__1nn,host,dunia.tempo.co,7,0,1.0,0.64567,1.0
knn/bge-m3/test__1nn,host,seleb.tempo.co,11,0,0.818182,0.523019,0.948632
knn/bge-m3/test__1nn,host,sport.detik.com,20,0,1.0,0.838875,1.0
knn/bge-m3/test__1nn,host,wolipop.detik.com,10,0,0.8,0.490162,0.943318
knn/bge-m3/test__1nn,host,ekbis.sindonews.com,13,2,0.615385,0.355229,0.822903
knn/bge-m3/test__1nn,host,tekno.kompas.com,6,1,0.833333,0.436497,0.969947
knn/bge-m3/test__1nn,host,nasional.kompas.com,7,0,1.0,0.64567,1.0
knn/bge-m3/test__1nn,host,regional.kompas.com,6,0,0.833333,0.436497,0.969947
knn/bge-m3/test__1nn,host,international.sindonews.com,11,0,1.0,0.741167,1.0
knn/bge-m3/test__1nn,host,hot.detik.com,17,1,0.705882,0.468669,0.8672
knn/bge-m3/test__1nn,host,makassar.kompas.com,1,0,1.0,0.206549,1.0
knn/bge-m3/test__1nn,host,sains.sindonews.com,13,0,0.923077,0.66686,0.98629
knn/bge-m3/test__1nn,host,go.kompas.com,1,1,1.0,0.206549,1.0
knn/bge-m3/test__1nn,host,bola.kompas.com,3,0,1.0,0.438503,1.0
knn/bge-m3/test__1nn,host,nasional.tempo.co,1,0,0.0,0.0,0.793451
knn/bge-m3/test__1nn,host,bandung.kompas.com,1,0,1.0,0.206549,1.0
knn/bge-m3/test__1nn,section,global,13,0,0.923077,0.66686,0.98629
knn/bge-m3/test__1nn,section,skola,9,0,0.666667,0.354202,0.879416
knn/bge-m3/test__1nn,section,sports,179,9,0.98324,0.951891,0.994284
knn/bge-m3/test__1nn,section,biz,420,420,0.866667,0.830811,0.895876
knn/bge-m3/test__1nn,section,sport,40,0,1.0,0.912378,1.0
knn/bge-m3/test__1nn,section,tekno,67,22,0.776119,0.66293,0.859363
knn/bge-m3/test__1nn,section,homey,10,1,0.6,0.312674,0.83182
knn/bge-m3/test__1nn,section,tren,9,0,0.888889,0.565,0.980109
knn/bge-m3/test__1nn,section,siaran-pers,170,170,0.935294,0.887862,0.963488
knn/bge-m3/test__1nn,section,lifestyle,59,5,0.830508,0.715368,0.905242
knn/bge-m3/test__1nn,section,news,158,6,0.905063,0.849276,0.941621
knn/bge-m3/test__1nn,section,globenewswire,364,364,0.980769,0.960843,0.990654
knn/bge-m3/test__1nn,section,oto,11,4,0.636364,0.353801,0.848335
knn/bge-m3/test__1nn,section,otomotif,55,12,0.818182,0.696695,0.898123
knn/bge-m3/test__1nn,section,entertainment,9,0,0.888889,0.565,0.980109
knn/bge-m3/test__1nn,section,metro,7,0,0.857143,0.486872,0.97432
knn/bge-m3/test__1nn,section,bola,29,0,0.965517,0.828245,0.993887
knn/bge-m3/test__1nn,section,health,32,1,0.90625,0.757818,0.967598
knn/bge-m3/test__1nn,section,bisnis,15,2,0.8,0.548146,0.929525
knn/bge-m3/test__1nn,section,business,16,0,0.625,0.38641,0.815188
knn/bge-m3/test__1nn,section,digital,17,4,0.588235,0.360054,0.783889
knn/bge-m3/test__1nn,section,megapolitan,12,0,0.75,0.467695,0.911058
knn/bge-m3/test__1nn,section,edukasi,33,8,0.727273,0.557824,0.849326
knn/bge-m3/test__1nn,section,nasional,46,30,0.782609,0.644263,0.877391
knn/bge-m3/test__1nn,section,inet,26,6,0.807692,0.621237,0.914929
knn/bge-m3/test__1nn,section,money,8,0,0.75,0.409275,0.928521
knn/bge-m3/test__1nn,section,surabaya,1,0,1.0,0.206549,1.0
knn/bge-m3/test__1nn,section,travel,21,1,0.809524,0.599994,0.923324
knn/bge-m3/test__1nn,section,food,52,2,0.884615,0.770283,0.94603
knn/bge-m3/test__1nn,section,daerah,12,0,0.833333,0.551969,0.953035
knn/bge-m3/test__1nn,section,gaya,23,0,0.869565,0.678725,0.954623
knn/bge-m3/test__1nn,section,showbiz,24,1,0.916667,0.741512,0.976841
knn/bge-m3/test__1nn,section,berita,13,0,0.846154,0.577654,0.956742
knn/bge-m3/test__1nn,section,properti,10,0,0.6,0.312674,0.83182
knn/bge-m3/test__1nn,section,finance,35,8,0.6,0.435727,0.744493
knn/bge-m3/test__1nn,section,trending,4,0,0.75,0.300642,0.954413
knn/bge-m3/test__1nn,section,dunia,7,0,1.0,0.64567,1.0
knn/bge-m3/test__1nn,section,seleb,11,0,0.818182,0.523019,0.948632
knn/bge-m3/test__1nn,section,wolipop,10,0,0.8,0.490162,0.943318
knn/bge-m3/test__1nn,section,ekbis,13,2,0.615385,0.355229,0.822903
knn/bge-m3/test__1nn,section,politics,16,0,1.0,0.806392,1.0
knn/bge-m3/test__1nn,section,opinion,9,0,1.0,0.700855,1.0
knn/bge-m3/test__1nn,section,gaya-hidup,16,1,0.5,0.279996,0.720004
knn/bge-m3/test__1nn,section,regional,6,0,0.833333,0.436497,0.969947
knn/bge-m3/test__1nn,section,ragam,11,0,1.0,0.741167,1.0
knn/bge-m3/test__1nn,section,international,11,0,1.0,0.741167,1.0
knn/bge-m3/test__1nn,section,hot,17,1,0.705882,0.468669,0.8672
knn/bge-m3/test__1nn,section,makassar,1,0,1.0,0.206549,1.0
knn/bge-m3/test__1nn,section,sains,13,0,0.923077,0.66686,0.98629
knn/bge-m3/test__1nn,section,go,1,1,1.0,0.206549,1.0
knn/bge-m3/test__1nn,section,militer,2,0,0.5,0.094531,0.905469
knn/bge-m3/test__1nn,section,life,7,0,0.857143,0.486872,0.97432
knn/bge-m3/test__1nn,section,sponsored-sections,1,0,1.0,0.206549,1.0
knn/bge-m3/test__1nn,section,badminton,1,0,1.0,0.206549,1.0
knn/bge-m3/test__1nn,section,edu,2,0,0.5,0.094531,0.905469
knn/bge-m3/test__1nn,section,bandung,1,0,1.0,0.206549,1.0
knn/bge-m3/test__weighted_k5,host,kompas.com,79,1,0.835443,0.738543,0.901233
knn/bge-m3/test__weighted_k5,host,thestar.com,717,364,0.974895,0.960667,0.984062
knn/bge-m3/test__weighted_k5,host,biz.kompas.com,420,420,0.919048,0.889006,0.941493
knn/bge-m3/test__weighted_k5,host,sport.tempo.co,14,0,1.0,0.784689,1.0
knn/bge-m3/test__weighted_k5,host,tekno.tempo.co,19,2,0.789474,0.566657,0.914923
knn/bge-m3/test__weighted_k5,host,viva.co.id,292,177,0.883562,0.841694,0.915469
knn/bge-m3/test__weighted_k5,host,lifestyle.sindonews.com,41,4,0.853659,0.715565,0.931158
knn/bge-m3/test__weighted_k5,host,oto.detik.com,11,4,0.636364,0.353801,0.848335
knn/bge-m3/test__weighted_k5,host,otomotif.tempo.co,13,0,0.923077,0.66686,0.98629
knn/bge-m3/test__weighted_k5,host,tekno.sindonews.com,42,19,0.690476,0.53974,0.809289
knn/bge-m3/test__weighted_k5,host,metro.tempo.co,7,0,0.714286,0.358934,0.917781
knn/bge-m3/test__weighted_k5,host,bola.tempo.co,10,0,1.0,0.722467,1.0
knn/bge-m3/test__weighted_k5,host,sports.sindonews.com,9,9,0.777778,0.452589,0.936775
knn/bge-m3/test__weighted_k5,host,health.detik.com,11,1,0.636364,0.353801,0.848335
knn/bge-m3/test__weighted_k5,host,bisnis.tempo.co,15,2,0.533333,0.30117,0.751905
knn/bge-m3/test__weighted_k5,host,health.kompas.com,21,0,0.952381,0.773306,0.991544
knn/bge-m3/test__weighted_k5,host,megapolitan.kompas.com,12,0,0.666667,0.390622,0.86188
knn/bge-m3/test__weighted_k5,host,nasional.sindonews.com,38,30,0.736842,0.579912,0.850284
knn/bge-m3/test__weighted_k5,host,lifestyle.kompas.com,18,1,0.777778,0.547854,0.909991
knn/bge-m3/test__weighted_k5,host,inet.detik.com,26,6,0.807692,0.621237,0.914929
knn/bge-m3/test__weighted_k5,host,news.detik.com,29,6,0.827586,0.654516,0.924021
knn/bge-m3/test__weighted_k5,host,otomotif.kompas.com,21,5,0.619048,0.408787,0.79249
knn/bge-m3/test__weighted_k5,host,otomotif.sindonews.com,18,6,1.0,0.824121,1.0
knn/bge-m3/test__weighted_k5,host,money.kompas.com,8,0,0.625,0.305742,0.863156
knn/bge-m3/test__weighted_k5,host,edukasi.sindonews.com,23,8,0.869565,0.678725,0.954623
knn/bge-m3/test__weighted_k5,host,surabaya.kompas.com,1,0,1.0,0.206549,1.0
knn/bge-m3/test__weighted_k5,host,travel.tempo.co,21,1,0.904762,0.710859,0.973481
knn/bge-m3/test__weighted_k5,host,food.detik.com,31,2,0.870968,0.711476,0.948657
knn/bge-m3/test__weighted_k5,host,daerah.sindonews.com,12,0,0.833333,0.551969,0.953035
knn/bge-m3/test__weighted_k5,host,gaya.tempo.co,23,0,0.869565,0.678725,0.954623
knn/bge-m3/test__weighted_k5,host,finance.detik.com,35,8,0.542857,0.381897,0.69534
knn/bge-m3/test__weighted_k5,host,dunia.tempo.co,7,0,1.0,0.64567,1.0
knn/bge-m3/test__weighted_k5,host,seleb.tempo.co,11,0,0.909091,0.622642,0.983768
knn/bge-m3/test__weighted_k5,host,sport.detik.com,20,0,1.0,0.838875,1.0
knn/bge-m3/test__weighted_k5,host,wolipop.detik.com,10,0,0.8,0.490162,0.943318
knn/bge-m3/test__weighted_k5,host,ekbis.sindonews.com,13,2,0.461538,0.232061,0.708562
knn/bge-m3/test__weighted_k5,host,tekno.kompas.com,6,1,1.0,0.609666,1.0
knn/bge-m3/test__weighted_k5,host,nasional.kompas.com,7,0,0.857143,0.486872,0.97432
knn/bge-m3/test__weighted_k5,host,regional.kompas.com,6,0,0.833333,0.436497,0.969947
knn/bge-m3/test__weighted_k5,host,international.sindonews.com,11,0,1.0,0.741167,1.0
knn/bge-m3/test__weighted_k5,host,hot.detik.com,17,1,0.764706,0.527382,0.90445
knn/bge-m3/test__weighted_k5,host,makassar.kompas.com,1,0,1.0,0.206549,1.0
knn/bge-m3/test__weighted_k5,host,sains.sindonews.com,13,0,0.923077,0.66686,0.98629
knn/bge-m3/test__weighted_k5,host,go.kompas.com,1,1,1.0,0.206549,1.0
knn/bge-m3/test__weighted_k5,host,bola.kompas.com,3,0,1.0,0.438503,1.0
knn/bge-m3/test__weighted_k5,host,nasional.tempo.co,1,0,0.0,0.0,0.793451
knn/bge-m3/test__weighted_k5,host,bandung.kompas.com,1,0,1.0,0.206549,1.0
knn/bge-m3/test__weighted_k5,section,global,13,0,1.0,0.771905,1.0
knn/bge-m3/test__weighted_k5,section,skola,9,0,0.666667,0.354202,0.879416
knn/bge-m3/test__weighted_k5,section,sports,179,9,0.98324,0.951891,0.994284
knn/bge-m3/test__weighted_k5,section,biz,420,420,0.919048,0.889006,0.941493
knn/bge-m3/test__weighted_k5,section,sport,40,0,1.0,0.912378,1.0
knn/bge-m3/test__weighted_k5,section,tekno,67,22,0.746269,0.630708,0.835121
knn/bge-m3/test__weighted_k5,section,homey,10,1,0.7,0.396778,0.892209
knn/bge-m3/test__weighted_k5,section,tren,9,0,0.888889,0.565,0.980109
knn/bge-m3/test__weighted_k5,section,siaran-pers,170,170,0.952941,0.9099,0.975964
knn/bge-m3/test__weighted_k5,section,lifestyle,59,5,0.830508,0.715368,0.905242
knn/bge-m3/test__weighted_k5,section,news,158,6,0.949367,0.903279,0.974123
knn/bge-m3/test__weighted_k5,section,globenewswire,364,364,0.983516,0.96451,0.992424
knn/bge-m3/test__weighted_k5,section,oto,11,4,0.636364,0.353801,0.848335
knn/bge-m3/test__weighted_k5,section,otomotif,55,12,0.818182,0.696695,0.898123
knn/bge-m3/test__weighted_k5,section,entertainment,9,0,1.0,0.700855,1.0
knn/bge-m3/test__weighted_k5,section,metro,7,0,0.714286,0.358934,0.917781
knn/bge-m3/test__weighted_k5,section,bola,29,0,0.965517,0.828245,0.993887
knn/bge-m3/test__weighted_k5,section,health,32,1,0.84375,0.682459,0.931356
knn/bge-m3/test__weighted_k5,section,bisnis,15,2,0.533333,0.30117,0.751905
knn/bge-m3/test__weighted_k5,section,business,16,0,0.625,0.38641,0.815188
knn/bge-m3/test__weighted_k5,section,digital,17,4,0.764706,0.527382,0.90445
knn/bge-m3/test__weighted_k5,section,megapolitan,12,0,0.666667,0.390622,0.86188
knn/bge-m3/test__weighted_k5,section,edukasi,33,8,0.818182,0.656118,0.913892
knn/bge-m3/test__weighted_k5,section,nasional,46,30,0.73913,0.597408,0.843991
knn/bge-m3/test__weighted_k5,section,inet,26,6,0.807692,0.621237,0.914929
knn/bge-m3/test__weighted_k5,section,money,8,0,0.625,0.305742,0.863156
knn/bge-m3/test__weighted_k5,section,surabaya,1,0,1.0,0.206549,1.0
knn/bge-m3/test__weighted_k5,section,travel,21,1,0.904762,0.710859,0.973481
knn/bge-m3/test__weighted_k5,section,food,52,2,0.903846,0.793904,0.958226
knn/bge-m3/test__weighted_k5,section,daerah,12,0,0.833333,0.551969,0.953035
knn/bge-m3/test__weighted_k5,section,gaya,23,0,0.869565,0.678725,0.954623
knn/bge-m3/test__weighted_k5,section,showbiz,24,1,0.875,0.689961,0.956557
knn/bge-m3/test__weighted_k5,section,berita,13,0,0.769231,0.497436,0.918205
knn/bge-m3/test__weighted_k5,section,properti,10,0,0.6,0.312674,0.83182
knn/bge-m3/test__weighted_k5,section,finance,35,8,0.542857,0.381897,0.69534
knn/bge-m3/test__weighted_k5,section,trending,4,0,1.0,0.510109,1.0
knn/bge-m3/test__weighted_k5,section,dunia,7,0,1.0,0.64567,1.0
knn/bge-m3/test__weighted_k5,section,seleb,11,0,0.909091,0.622642,0.983768
knn/bge-m3/test__weighted_k5,section,wolipop,10,0,0.8,0.490162,0.943318
knn/bge-m3/test__weighted_k5,section,ekbis,13,2,0.461538,0.232061,0.708562
knn/bge-m3/test__weighted_k5,section,politics,16,0,0.9375,0.716713,0.988881
knn/bge-m3/test__weighted_k5,section,opinion,9,0,1.0,0.700855,1.0
knn/bge-m3/test__weighted_k5,section,gaya-hidup,16,1,0.3125,0.141646,0.555956
knn/bge-m3/test__weighted_k5,section,regional,6,0,0.833333,0.436497,0.969947
knn/bge-m3/test__weighted_k5,section,ragam,11,0,1.0,0.741167,1.0
knn/bge-m3/test__weighted_k5,section,international,11,0,1.0,0.741167,1.0
knn/bge-m3/test__weighted_k5,section,hot,17,1,0.764706,0.527382,0.90445
knn/bge-m3/test__weighted_k5,section,makassar,1,0,1.0,0.206549,1.0
knn/bge-m3/test__weighted_k5,section,sains,13,0,0.923077,0.66686,0.98629
knn/bge-m3/test__weighted_k5,section,go,1,1,1.0,0.206549,1.0
knn/bge-m3/test__weighted_k5,section,militer,2,0,1.0,0.34238,1.0
knn/bge-m3/test__weighted_k5,section,life,7,0,0.857143,0.486872,0.97432
knn/bge-m3/test__weighted_k5,section,sponsored-sections,1,0,1.0,0.206549,1.0
knn/bge-m3/test__weighted_k5,section,badminton,1,0,1.0,0.206549,1.0
knn/bge-m3/test__weighted_k5,section,edu,2,0,0.5,0.094531,0.905469
knn/bge-m3/test__weighted_k5,section,bandung,1,0,1.0,0.206549,1.0
knn/bge-m3/test__weighted_k5_lang-cross,host,kompas.com,79,1,0.531646,0.422714,0.637642
knn/bge-m3/test__weighted_k5_lang-cross,host,thestar.com,717,364,0.870293,0.843713,0.892926
knn/bge-m3/test__weighted_k5_lang-cross,host,biz.kompas.com,420,420,0.85,0.812686,0.880969
knn/bge-m3/test__weighted_k5_lang-cross,host,sport.tempo.co,14,0,1.0,0.784689,1.0
knn/bge-m3/test__weighted_k5_lang-cross,host,tekno.tempo.co,19,2,0.578947,0.362759,0.768581
knn/bge-m3/test__weighted_k5_lang-cross,host,viva.co.id,292,177,0.726027,0.672186,0.773999
knn/bge-m3/test__weighted_k5_lang-cross,host,lifestyle.sindonews.com,41,4,0.878049,0.744558,0.946767
knn/bge-m3/test__weighted_k5_lang-cross,host,oto.detik.com,11,4,0.636364,0.353801,0.848335
knn/bge-m3/test__weighted_k5_lang-cross,host,otomotif.tempo.co,13,0,0.692308,0.423693,0.873193
knn/bge-m3/test__weighted_k5_lang-cross,host,tekno.sindonews.com,42,19,0.547619,0.399491,0.687766
knn/bge-m3/test__weighted_k5_lang-cross,host,metro.tempo.co,7,0,0.857143,0.486872,0.97432
knn/bge-m3/test__weighted_k5_lang-cross,host,bola.tempo.co,10,0,1.0,0.722467,1.0
knn/bge-m3/test__weighted_k5_lang-cross,host,sports.sindonews.com,9,9,0.0,0.0,0.299145
knn/bge-m3/test__weighted_k5_lang-cross,host,health.detik.com,11,1,0.636364,0.353801,0.848335
knn/bge-m3/test__weighted_k5_lang-cross,host,bisnis.tempo.co,15,2,0.333333,0.151763,0.582865
knn/bge-m3/test__weighted_k5_lang-cross,host,health.kompas.com,21,0,0.52381,0.323695,0.71656
knn/bge-m3/test__weighted_k5_lang-cross,host,megapolitan.kompas.com,12,0,1.0,0.757506,1.0
knn/bge-m3/test__weighted_k5_lang-cross,host,nasional.sindonews.com,38,30,0.684211,0.525442,0.809154
knn/bge-m3/test__weighted_k5_lang-cross,host,lifestyle.kompas.com,18,1,0.388889,0.203052,0.61381
knn/bge-m3/test__weighted_k5_lang-cross,host,inet.detik.com,26,6,0.692308,0.500117,0.834987
knn/bge-m3/test__weighted_k5_lang-cross,host,news.detik.com,29,6,0.965517,0.828245,0.993887
knn/bge-m3/test__weighted_k5_lang-cross,host,otomotif.kompas.com,21,5,0.47619,0.28344,0.676305
knn/bge-m3/test__weighted_k5_lang-cross,host,otomotif.sindonews.com,18,6,0.777778,0.547854,0.909991
knn/bge-m3/test__weighted_k5_lang-cross,host,money.kompas.com,8,0,0.375,0.136844,0.694258
knn/bge-m3/test__weighted_k5_lang-cross,host,edukasi.sindonews.com,23,8,0.478261,0.292372,0.670373
knn/bge-m3/test__weighted_k5_lang-cross,host,surabaya.kompas.com,1,0,1.0,0.206549,1.0
knn/bge-m3/test__weighted_k5_lang-cross,host,travel.tempo.co,21,1,0.52381,0.323695,0.71656
knn/bge-m3/test__weighted_k5_lang-cross,host,food.detik.com,31,2,0.677419,0.50141,0.814306
knn/bge-m3/test__weighted_k5_lang-cross,host,daerah.sindonews.com,12,0,0.916667,0.64612,0.985135
knn/bge-m3/test__weighted_k5_lang-cross,host,gaya.tempo.co,23,0,0.565217,0.368114,0.743654
knn/bge-m3/test__weighted_k5_lang-cross,host,finance.detik.com,35,8,0.571429,0.408574,0.720154
knn/bge-m3/test__weighted_k5_lang-cross,host,dunia.tempo.co,7,0,0.857143,0.486872,0.97432
knn/bge-m3/test__weighted_k5_lang-cross,host,seleb.tempo.co,11,0,0.909091,0.622642,0.983768
knn/bge-m3/test__weighted_k5_lang-cross,host,sport.detik.com,20,0,1.0,0.838875,1.0
knn/bge-m3/test__weighted_k5_lang-cross,host,wolipop.detik.com,10,0,0.8,0.490162,0.943318
knn/bge-m3/test__weighted_k5_lang-cross,host,ekbis.sindonews.com,13,2,0.384615,0.177097,0.644771
knn/bge-m3/test__weighted_k5_lang-cross,host,tekno.kompas.com,6,1,0.166667,0.030053,0.563503
knn/bge-m3/test__weighted_k5_lang-cross,host,nasional.kompas.com,7,0,0.714286,0.358934,0.917781
knn/bge-m3/test__weighted_k5_lang-cross,host,regional.kompas.com,6,0,0.833333,0.436497,0.969947
knn/bge-m3/test__weighted_k5_lang-cross,host,international.sindonews.com,11,0,1.0,0.741167,1.0
knn/bge-m3/test__weighted_k5_lang-cross,host,hot.detik.com,17,1,0.882353,0.656636,0.96712
knn/bge-m3/test__weighted_k5_lang-cross,host,makassar.kompas.com,1,0,0.0,0.0,0.793451
knn/bge-m3/test__weighted_k5_lang-cross,host,sains.sindonews.com,13,0,0.615385,0.355229,0.822903
knn/bge-m3/test__weighted_k5_lang-cross,host,go.kompas.com,1,1,1.0,0.206549,1.0
knn/bge-m3/test__weighted_k5_lang-cross,host,bola.kompas.com,3,0,1.0,0.438503,1.0
knn/bge-m3/test__weighted_k5_lang-cross,host,nasional.tempo.co,1,0,0.0,0.0,0.793451
knn/bge-m3/test__weighted_k5_lang-cross,host,bandung.kompas.com,1,0,1.0,0.206549,1.0
knn/bge-m3/test__weighted_k5_lang-cross,section,global,13,0,0.923077,0.66686,0.98629
knn/bge-m3/test__weighted_k5_lang-cross,section,skola,9,0,0.222222,0.063225,0.547411
knn/bge-m3/test__weighted_k5_lang-cross,section,sports,179,9,0.916201,0.866353,0.948561
knn/bge-m3/test__weighted_k5_lang-cross,section,biz,420,420,0.85,0.812686,0.880969
knn/bge-m3/test__weighted_k5_lang-cross,section,sport,40,0,1.0,0.912378,1.0
knn/bge-m3/test__weighted_k5_lang-cross,section,tekno,67,22,0.522388,0.404852,0.637496
knn/bge-m3/test__weighted_k5_lang-cross,section,homey,10,1,0.7,0.396778,0.892209
knn/bge-m3/test__weighted_k5_lang-cross,section,tren,9,0,0.555556,0.266651,0.811221
knn/bge-m3/test__weighted_k5_lang-cross,section,siaran-pers,170,170,0.741176,0.670521,0.801173
knn/bge-m3/test__weighted_k5_lang-cross,section,lifestyle,59,5,0.728814,0.604022,0.82563
knn/bge-m3/test__weighted_k5_lang-cross,section,news,158,6,0.841772,0.776851,0.890469
knn/bge-m3/test__weighted_k5_lang-cross,section,globenewswire,364,364,0.881868,0.844656,0.911104
knn/bge-m3/test__weighted_k5_lang-cross,section,oto,11,4,0.636364,0.353801,0.848335
knn/bge-m3/test__weighted_k5_lang-cross,section,otomotif,55,12,0.636364,0.504228,0.750695
knn/bge-m3/test__weighted_k5_lang-cross,section,entertainment,9,0,0.777778,0.452589,0.936775
knn/bge-m3/test__weighted_k5_lang-cross,section,metro,7,0,0.857143,0.486872,0.97432
knn/bge-m3/test__weighted_k5_lang-cross,section,bola,29,0,1.0,0.88303,1.0
knn/bge-m3/test__weighted_k5_lang-cross,section,health,32,1,0.5625,0.393256,0.718347
knn/bge-m3/test__weighted_k5_lang-cross,section,bisnis,15,2,0.333333,0.151763,0.582865
knn/bge-m3/test__weighted_k5_lang-cross,section,business,16,0,0.5,0.279996,0.720004
knn/bge-m3/test__weighted_k5_lang-cross,section,digital,17,4,0.352941,0.173097,0.586996
knn/bge-m3/test__weighted_k5_lang-cross,section,megapolitan,12,0,1.0,0.757506,1.0
knn/bge-m3/test__weighted_k5_lang-cross,section,edukasi,33,8,0.454545,0.298429,0.620141
knn/bge-m3/test__weighted_k5_lang-cross,section,nasional,46,30,0.673913,0.529677,0.791341
knn/bge-m3/test__weighted_k5_lang-cross,section,inet,26,6,0.692308,0.500117,0.834987
knn/bge-m3/test__weighted_k5_lang-cross,section,money,8,0,0.375,0.136844,0.694258
knn/bge-m3/test__weighted_k5_lang-cross,section,surabaya,1,0,1.0,0.206549,1.0
knn/bge-m3/test__weighted_k5_lang-cross,section,travel,21,1,0.52381,0.323695,0.71656
knn/bge-m3/test__weighted_k5_lang-cross,section,food,52,2,0.5,0.368859,0.631141
knn/bge-m3/test__weighted_k5_lang-cross,section,daerah,12,0,0.916667,0.64612,0.985135
knn/bge-m3/test__weighted_k5_lang-cross,section,gaya,23,0,0.565217,0.368114,0.743654
knn/bge-m3/test__weighted_k5_lang-cross,section,showbiz,24,1,0.791667,0.595295,0.907552
knn/bge-m3/test__weighted_k5_lang-cross,section,berita,13,0,0.769231,0.497436,0.918205
knn/bge-m3/test__weighted_k5_lang-cross,section,properti,10,0,0.5,0.236593,0.763407
knn/bge-m3/test__weighted_k5_lang-cross,section,finance,35,8,0.571429,0.408574,0.720154
knn/bge-m3/test__weighted_k5_lang-cross,section,trending,4,0,1.0,0.510109,1.0
knn/bge-m3/test__weighted_k5_lang-cross,section,dunia,7,0,0.857143,0.486872,0.97432
knn/bge-m3/test__weighted_k5_lang-cross,section,seleb,11,0,0.909091,0.622642,0.983768
knn/bge-m3/test__weighted_k5_lang-cross,section,wolipop,10,0,0.8,0.490162,0.943318
knn/bge-m3/test__weighted_k5_lang-cross,section,ekbis,13,2,0.384615,0.177097,0.644771
knn/bge-m3/test__weighted_k5_lang-cross,section,politics,16,0,0.6875,0.444044,0.858354
knn/bge-m3/test__weighted_k5_lang-cross,section,opinion,9,0,0.555556,0.266651,0.811221
knn/bge-m3/test__weighted_k5_lang-cross,section,gaya-hidup,16,1,0.4375,0.230987,0.668214
knn/bge-m3/test__weighted_k5_lang-cross,section,regional,6,0,0.833333,0.436497,0.969947
knn/bge-m3/test__weighted_k5_lang-cross,section,ragam,11,0,1.0,0.741167,1.0
knn/bge-m3/test__weighted_k5_lang-cross,section,international,11,0,1.0,0.741167,1.0
knn/bge-m3/test__weighted_k5_lang-cross,section,hot,17,1,0.882353,0.656636,0.96712
knn/bge-m3/test__weighted_k5_lang-cross,section,makassar,1,0,0.0,0.0,0.793451
knn/bge-m3/test__weighted_k5_lang-cross,section,sains,13,0,0.615385,0.355229,0.822903
knn/bge-m3/test__weighted_k5_lang-cross,section,go,1,1,1.0,0.206549,1.0
knn/bge-m3/test__weighted_k5_lang-cross,section,militer,2,0,0.5,0.094531,0.905469
knn/bge-m3/test__weighted_k5_lang-cross,section,life,7,0,0.857143,0.486872,0.97432
knn/bge-m3/test__weighted_k5_lang-cross,section,sponsored-sections,1,0,1.0,0.206549,1.0
knn/bge-m3/test__weighted_k5_lang-cross,section,badminton,1,0,1.0,0.206549,1.0
knn/bge-m3/test__weighted_k5_lang-cross,section,edu,2,0,0.5,0.094531,0.905469
knn/bge-m3/test__weighted_k5_lang-cross,section,bandung,1,0,1.0,0.206549,1.0
knn/bge-m3/test__weighted_k5_lang-same,host,kompas.com,79,1,0.835443,0.738543,0.901233
knn/bge-m3/test__weighted_k5_lang-same,host,thestar.com,717,364,0.973501,0.958984,0.982971
knn/bge-m3/test__weighted_k5_lang-same,host,biz.kompas.com,420,420,0.919048,0.889006,0.941493
knn/bge-m3/test__weighted_k5_lang-same,host,sport.tempo.co,14,0,1.0,0.784689,1.0
knn/bge-m3/test__weighted_k5_lang-same,host,tekno.tempo.co,19,2,0.789474,0.566657,0.914923
knn/bge-m3/test__weighted_k5_lang-same,host,viva.co.id,292,177,0.883562,0.841694,0.915469
knn/bge-m3/test__weighted_k5_lang-same,host,lifestyle.sindonews.com,41,4,0.853659,0.715565,0.931158
knn/bge-m3/test__weighted_k5_lang-same,host,oto.detik.com,11,4,0.636364,0.353801,0.848335
knn/bge-m3/test__weighted_k5_lang-same,host,otomotif.tempo.co,13,0,0.923077,0.66686,0.98629
knn/bge-m3/test__weighted_k5_lang-same,host,tekno.sindonews.com,42,19,0.690476,0.53974,0.809289
knn/bge-m3/test__weighted_k5_lang-same,host,metro.tempo.co,7,0,0.714286,0.358934,0.917781
knn/bge-m3/test__weighted_k5_lang-same,host,bola.tempo.co,10,0,1.0,0.722467,1.0
knn/bge-m3/test__weighted_k5_lang-same,host,sports.sindonews.com,9,9,0.777778,0.452589,0.936775
knn/bge-m3/test__weighted_k5_lang-same,host,health.detik.com,11,1,0.636364,0.353801,0.848335
knn/bge-m3/test__weighted_k5_lang-same,host,bisnis.tempo.co,15,2,0.533333,0.30117,0.751905
knn/bge-m3/test__weighted_k5_lang-same,host,health.kompas.com,21,0,0.952381,0.773306,0.991544
knn/bge-m3/test__weighted_k5_lang-same,host,megapolitan.kompas.com,12,0,0.666667,0.390622,0.86188
knn/bge-m3/test__weighted_k5_lang-same,host,nasional.sindonews.com,38,30,0.736842,0.579912,0.850284
knn/bge-m3/test__weighted_k5_lang-same,host,lifestyle.kompas.com,18,1,0.777778,0.547854,0.909991
knn/bge-m3/test__weighted_k5_lang-same,host,inet.detik.com,26,6,0.807692,0.621237,0.914929
knn/bge-m3/test__weighted_k5_lang-same,host,news.detik.com,29,6,0.827586,0.654516,0.924021
knn/bge-m3/test__weighted_k5_lang-same,host,otomotif.kompas.com,21,5,0.619048,0.408787,0.79249
knn/bge-m3/test__weighted_k5_lang-same,host,otomotif.sindonews.com,18,6,1.0,0.824121,1.0
knn/bge-m3/test__weighted_k5_lang-same,host,money.kompas.com,8,0,0.625,0.305742,0.863156
knn/bge-m3/test__weighted_k5_lang-same,host,edukasi.sindonews.com,23,8,0.826087,0.628624,0.930213
knn/bge-m3/test__weighted_k5_lang-same,host,surabaya.kompas.com,1,0,1.0,0.206549,1.0
knn/bge-m3/test__weighted_k5_lang-same,host,travel.tempo.co,21,1,0.904762,0.710859,0.973481
knn/bge-m3/test__weighted_k5_lang-same,host,food.detik.com,31,2,0.870968,0.711476,0.948657
knn/bge-m3/test__weighted_k5_lang-same,host,daerah.sindonews.com,12,0,0.833333,0.551969,0.953035
knn/bge-m3/test__weighted_k5_lang-same,host,gaya.tempo.co,23,0,0.869565,0.678725,0.954623
knn/bge-m3/test__weighted_k5_lang-same,host,finance.detik.com,35,8,0.542857,0.381897,0.69534
knn/bge-m3/test__weighted_k5_lang-same,host,dunia.tempo.co,7,0,1.0,0.64567,1.0
knn/bge-m3/test__weighted_k5_lang-same,host,seleb.tempo.co,11,0,0.909091,0.622642,0.983768
knn/bge-m3/test__weighted_k5_lang-same,host,sport.detik.com,20,0,1.0,0.838875,1.0
knn/bge-m3/test__weighted_k5_lang-same,host,wolipop.detik.com,10,0,0.8,0.490162,0.943318
knn/bge-m3/test__weighted_k5_lang-same,host,ekbis.sindonews.com,13,2,0.461538,0.232061,0.708562
knn/bge-m3/test__weighted_k5_lang-same,host,tekno.kompas.com,6,1,1.0,0.609666,1.0
knn/bge-m3/test__weighted_k5_lang-same,host,nasional.kompas.com,7,0,0.857143,0.486872,0.97432
knn/bge-m3/test__weighted_k5_lang-same,host,regional.kompas.com,6,0,0.833333,0.436497,0.969947
knn/bge-m3/test__weighted_k5_lang-same,host,international.sindonews.com,11,0,1.0,0.741167,1.0
knn/bge-m3/test__weighted_k5_lang-same,host,hot.detik.com,17,1,0.764706,0.527382,0.90445
knn/bge-m3/test__weighted_k5_lang-same,host,makassar.kompas.com,1,0,1.0,0.206549,1.0
knn/bge-m3/test__weighted_k5_lang-same,host,sains.sindonews.com,13,0,0.923077,0.66686,0.98629
knn/bge-m3/test__weighted_k5_lang-same,host,go.kompas.com,1,1,1.0,0.206549,1.0
knn/bge-m3/test__weighted_k5_lang-same,host,bola.kompas.com,3,0,1.0,0.438503,1.0
knn/bge-m3/test__weighted_k5_lang-same,host,nasional.tempo.co,1,0,0.0,0.0,0.793451
knn/bge-m3/test__weighted_k5_lang-same,host,bandung.kompas.com,1,0,1.0,0.206549,1.0
knn/bge-m3/test__weighted_k5_lang-same,section,global,13,0,1.0,0.771905,1.0
knn/bge-m3/test__weighted_k5_lang-same,section,skola,9,0,0.666667,0.354202,0.879416
knn/bge-m3/test__weighted_k5_lang-same,section,sports,179,9,0.98324,0.951891,0.994284
knn/bge-m3/test__weighted_k5_lang-same,section,biz,420,420,0.919048,0.889006,0.941493
knn/bge-m3/test__weighted_k5_lang-same,section,sport,40,0,1.0,0.912378,1.0
knn/bge-m3/test__weighted_k5_lang-same,section,tekno,67,22,0.746269,0.630708,0.835121
knn/bge-m3/test__weighted_k5_lang-same,section,homey,10,1,0.7,0.396778,0.892209
knn/bge-m3/test__weighted_k5_lang-same,section,tren,9,0,0.888889,0.565,0.980109
knn/bge-m3/test__weighted_k5_lang-same,section,siaran-pers,170,170,0.952941,0.9099,0.975964
knn/bge-m3/test__weighted_k5_lang-same,section,lifestyle,59,5,0.830508,0.715368,0.905242
knn/bge-m3/test__weighted_k5_lang-same,section,news,158,6,0.93038,0.879645,0.960684
knn/bge-m3/test__weighted_k5_lang-same,section,globenewswire,364,364,0.986264,0.968252,0.994119
knn/bge-m3/test__weighted_k5_lang-same,section,oto,11,4,0.636364,0.353801,0.848335
knn/bge-m3/test__weighted_k5_lang-same,section,otomotif,55,12,0.818182,0.696695,0.898123
knn/bge-m3/test__weighted_k5_lang-same,section,entertainment,9,0,1.0,0.700855,1.0
knn/bge-m3/test__weighted_k5_lang-same,section,metro,7,0,0.714286,0.358934,0.917781
knn/bge-m3/test__weighted_k5_lang-same,section,bola,29,0,0.965517,0.828245,0.993887
knn/bge-m3/test__weighted_k5_lang-same,section,health,32,1,0.84375,0.682459,0.931356
knn/bge-m3/test__weighted_k5_lang-same,section,bisnis,15,2,0.533333,0.30117,0.751905
knn/bge-m3/test__weighted_k5_lang-same,section,business,16,0,0.6875,0.444044,0.858354
knn/bge-m3/test__weighted_k5_lang-same,section,digital,17,4,0.764706,0.527382,0.90445
knn/bge-m3/test__weighted_k5_lang-same,section,megapolitan,12,0,0.666667,0.390622,0.86188
knn/bge-m3/test__weighted_k5_lang-same,section,edukasi,33,8,0.787879,0.622484,0.89324
knn/bge-m3/test__weighted_k5_lang-same,section,nasional,46,30,0.73913,0.597408,0.843991
knn/bge-m3/test__weighted_k5_lang-same,section,inet,26,6,0.807692,0.621237,0.914929
knn/bge-m3/test__weighted_k5_lang-same,section,money,8,0,0.625,0.305742,0.863156
knn/bge-m3/test__weighted_k5_lang-same,section,surabaya,1,0,1.0,0.206549,1.0
knn/bge-m3/test__weighted_k5_lang-same,section,travel,21,1,0.904762,0.710859,0.973481
knn/bge-m3/test__weighted_k5_lang-same,section,food,52,2,0.903846,0.793904,0.958226
knn/bge-m3/test__weighted_k5_lang-same,section,daerah,12,0,0.833333,0.551969,0.953035
knn/bge-m3/test__weighted_k5_lang-same,section,gaya,23,0,0.869565,0.678725,0.954623
knn/bge-m3/test__weighted_k5_lang-same,section,showbiz,24,1,0.875,0.689961,0.956557
knn/bge-m3/test__weighted_k5_lang-same,section,berita,13,0,0.769231,0.497436,0.918205
knn/bge-m3/test__weighted_k5_lang-same,section,properti,10,0,0.6,0.312674,0.83182
knn/bge-m3/test__weighted_k5_lang-same,section,finance,35,8,0.542857,0.381897,0.69534
knn/bge-m3/test__weighted_k5_lang-same,section,trending,4,0,1.0,0.510109,1.0
knn/bge-m3/test__weighted_k5_lang-same,section,dunia,7,0,1.0,0.64567,1.0
knn/bge-m3/test__weighted_k5_lang-same,section,seleb,11,0,0.909091,0.622642,0.983768
knn/bge-m3/test__weighted_k5_lang-same,section,wolipop,10,0,0.8,0.490162,0.943318
knn/bge-m3/test__weighted_k5_lang-same,section,ekbis,13,2,0.461538,0.232061,0.708562
knn/bge-m3/test__weighted_k5_lang-same,section,politics,16,0,0.9375,0.716713,0.988881
knn/bge-m3/test__weighted_k5_lang-same,section,opinion,9,0,1.0,0.700855,1.0
knn/bge-m3/test__weighted_k5_lang-same,section,gaya-hidup,16,1,0.3125,0.141646,0.555956
knn/bge-m3/test__weighted_k5_lang-same,section,regional,6,0,0.833333,0.436497,0.969947
knn/bge-m3/test__weighted_k5_lang-same,section,ragam,11,0,1.0,0.741167,1.0
knn/bge-m3/test__weighted_k5_lang-same,section,international,11,0,1.0,0.741167,1.0
knn/bge-m3/test__weighted_k5_lang-same,section,hot,17,1,0.764706,0.527382,0.90445
knn/bge-m3/test__weighted_k5_lang-same,section,makassar,1,0,1.0,0.206549,1.0
knn/bge-m3/test__weighted_k5_lang-same,section,sains,13,0,0.923077,0.66686,0.98629
knn/bge-m3/test__weighted_k5_lang-same,section,go,1,1,1.0,0.206549,1.0
knn/bge-m3/test__weighted_k5_lang-same,section,militer,2,0,1.0,0.34238,1.0
knn/bge-m3/test__weighted_k5_lang-same,section,life,7,0,0.857143,0.486872,0.97432
knn/bge-m3/test__weighted_k5_lang-same,section,sponsored-sections,1,0,1.0,0.206549,1.0
knn/bge-m3/test__weighted_k5_lang-same,section,badminton,1,0,1.0,0.206549,1.0
knn/bge-m3/test__weighted_k5_lang-same,section,edu,2,0,0.5,0.094531,0.905469
knn/bge-m3/test__weighted_k5_lang-same,section,bandung,1,0,1.0,0.206549,1.0
knn/bge-m3/test_xsource__1nn,host,cnnindonesia.com,2367,1205,0.797634,0.780973,0.813331
knn/bge-m3/test_xsource__1nn,section,teknologi,193,111,0.823834,0.763921,0.871108
knn/bge-m3/test_xsource__1nn,section,olahraga,291,17,0.85567,0.810656,0.891416
knn/bge-m3/test_xsource__1nn,section,internasional,216,90,0.810185,0.752644,0.856886
knn/bge-m3/test_xsource__1nn,section,nasional,749,383,0.809079,0.779382,0.835621
knn/bge-m3/test_xsource__1nn,section,ekonomi,299,168,0.765886,0.714704,0.810324
knn/bge-m3/test_xsource__1nn,section,otomotif,16,1,0.75,0.505017,0.898179
knn/bge-m3/test_xsource__1nn,section,hiburan,182,103,0.752747,0.685277,0.809768
knn/bge-m3/test_xsource__1nn,section,gaya-hidup,416,332,0.759615,0.716296,0.798184
knn/bge-m3/test_xsource__1nn,section,edukasi,5,0,1.0,0.565518,1.0
knn/bge-m3/test_xsource__weighted_k5,host,cnnindonesia.com,2367,1205,0.850866,0.835947,0.864648
knn/bge-m3/test_xsource__weighted_k5,section,teknologi,193,111,0.813472,0.752594,0.862114
knn/bge-m3/test_xsource__weighted_k5,section,olahraga,291,17,0.941581,0.908445,0.963209
knn/bge-m3/test_xsource__weighted_k5,section,internasional,216,90,0.842593,0.788094,0.885118
knn/bge-m3/test_xsource__weighted_k5,section,nasional,749,383,0.863818,0.837392,0.886532
knn/bge-m3/test_xsource__weighted_k5,section,ekonomi,299,168,0.802676,0.753849,0.843823
knn/bge-m3/test_xsource__weighted_k5,section,otomotif,16,1,0.5625,0.331786,0.769013
knn/bge-m3/test_xsource__weighted_k5,section,hiburan,182,103,0.840659,0.780529,0.886707
knn/bge-m3/test_xsource__weighted_k5,section,gaya-hidup,416,332,0.834135,0.795367,0.866788
knn/bge-m3/test_xsource__weighted_k5,section,edukasi,5,0,1.0,0.565518,1.0
knn/bge-m3/test_xsource__weighted_k5_lang-cross,host,cnnindonesia.com,2367,1205,0.787495,0.770556,0.803502
knn/bge-m3/test_xsource__weighted_k5_lang-cross,section,teknologi,193,111,0.746114,0.68032,0.802302
knn/bge-m3/test_xsource__weighted_k5_lang-cross,section,olahraga,291,17,0.945017,0.912562,0.965876
knn/bge-m3/test_xsource__weighted_k5_lang-cross,section,internasional,216,90,0.921296,0.877586,0.950283
knn/bge-m3/test_xsource__weighted_k5_lang-cross,section,nasional,749,383,0.787717,0.757001,0.815496
knn/bge-m3/test_xsource__weighted_k5_lang-cross,section,ekonomi,299,168,0.698997,0.64475,0.748195
knn/bge-m3/test_xsource__weighted_k5_lang-cross,section,otomotif,16,1,0.375,0.184812,0.61359
knn/bge-m3/test_xsource__weighted_k5_lang-cross,section,hiburan,182,103,0.725275,0.656273,0.784964
knn/bge-m3/test_xsource__weighted_k5_lang-cross,section,gaya-hidup,416,332,0.737981,0.693685,0.777922
knn/bge-m3/test_xsource__weighted_k5_lang-cross,section,edukasi,5,0,0.4,0.117621,0.769276
knn/bge-m3/test_xsource__weighted_k5_lang-same,host,cnnindonesia.com,2367,1205,0.850444,0.835509,0.864243
knn/bge-m3/test_xsource__weighted_k5_lang-same,section,teknologi,193,111,0.80829,0.746954,0.857593
knn/bge-m3/test_xsource__weighted_k5_lang-same,section,olahraga,291,17,0.941581,0.908445,0.963209
knn/bge-m3/test_xsource__weighted_k5_lang-same,section,internasional,216,90,0.842593,0.788094,0.885118
knn/bge-m3/test_xsource__weighted_k5_lang-same,section,nasional,749,383,0.863818,0.837392,0.886532
knn/bge-m3/test_xsource__weighted_k5_lang-same,section,ekonomi,299,168,0.799331,0.750268,0.840801
knn/bge-m3/test_xsource__weighted_k5_lang-same,section,otomotif,16,1,0.5625,0.331786,0.769013
knn/bge-m3/test_xsource__weighted_k5_lang-same,section,hiburan,182,103,0.846154,0.786634,0.891363
knn/bge-m3/test_xsource__weighted_k5_lang-same,section,gaya-hidup,416,332,0.834135,0.795367,0.866788
knn/bge-m3/test_xsource__weighted_k5_lang-same,section,edukasi,5,0,1.0,0.565518,1.0
knn/e5-large/test__1nn,host,kompas.com,79,1,0.797468,0.69604,0.871309
knn/e5-large/test__1nn,host,thestar.com,717,364,0.973501,0.958984,0.982971
knn/e5-large/test__1nn,host,biz.kompas.com,420,420,0.928571,0.899863,0.949511
knn/e5-large/test__1nn,host,sport.tempo.co,14,0,1.0,0.784689,1.0
knn/e5-large/test__1nn,host,tekno.tempo.co,19,2,0.894737,0.686059,0.970641
knn/e5-large/test__1nn,host,viva.co.id,292,177,0.886986,0.845535,0.918388
knn/e5-large/test__1nn,host,lifestyle.sindonews.com,41,4,0.878049,0.744558,0.946767
knn/e5-large/test__1nn,host,oto.detik.com,11,4,0.636364,0.353801,0.848335
knn/e5-large/test__1nn,host,otomotif.tempo.co,13,0,0.923077,0.66686,0.98629
knn/e5-large/test__1nn,host,tekno.sindonews.com,42,19,0.738095,0.589313,0.846974
knn/e5-large/test__1nn,host,metro.tempo.co,7,0,0.857143,0.486872,0.97432
knn/e5-large/test__1nn,host,bola.tempo.co,10,0,1.0,0.722467,1.0
knn/e5-large/test__1nn,host,sports.sindonews.com,9,9,0.777778,0.452589,0.936775
knn/e5-large/test__1nn,host,health.detik.com,11,1,0.818182,0.523019,0.948632
knn/e5-large/test__1nn,host,bisnis.tempo.co,15,2,0.8,0.548146,0.929525
knn/e5-large/test__1nn,host,health.kompas.com,21,0,0.857143,0.653639,0.95019
knn/e5-large/test__1nn,host,megapolitan.kompas.com,12,0,1.0,0.757506,1.0
knn/e5-large/test__1nn,host,nasional.sindonews.com,38,30,0.763158,0.607932,0.870063
knn/e5-large/test__1nn,host,lifestyle.kompas.com,18,1,0.833333,0.60778,0.941634
knn/e5-large/test__1nn,host,inet.detik.com,26,6,0.807692,0.621237,0.914929
knn/e5-large/test__1nn,host,news.detik.com,29,6,0.896552,0.736149,0.964185
knn/e5-large/test__1nn,host,otomotif.kompas.com,21,5,0.666667,0.453735,0.828052
knn/e5-large/test__1nn,host,otomotif.sindonews.com,18,6,0.944444,0.742427,0.990125
knn/e5-large/test__1nn,host,money.kompas.com,8,0,0.5,0.215216,0.784784
knn/e5-large/test__1nn,host,edukasi.sindonews.com,23,8,0.913043,0.73204,0.97582
knn/e5-large/test__1nn,host,surabaya.kompas.com,1,0,1.0,0.206549,1.0
knn/e5-large/test__1nn,host,travel.tempo.co,21,1,0.761905,0.549088,0.89372
knn/e5-large/test__1nn,host,food.detik.com,31,2,0.806452,0.637197,0.90813
knn/e5-large/test__1nn,host,daerah.sindonews.com,12,0,0.833333,0.551969,0.953035
knn/e5-large/test__1nn,host,gaya.tempo.co,23,0,0.869565,0.678725,0.954623
knn/e5-large/test__1nn,host,finance.detik.com,35,8,0.685714,0.520202,0.814492
knn/e5-large/test__1nn,host,dunia.tempo.co,7,0,1.0,0.64567,1.0
knn/e5-large/test__1nn,host,seleb.tempo.co,11,0,0.545455,0.280092,0.787287
knn/e5-large/test__1nn,host,sport.detik.com,20,0,1.0,0.838875,1.0
knn/e5-large/test__1nn,host,wolipop.detik.com,10,0,0.7,0.396778,0.892209
knn/e5-large/test__1nn,host,ekbis.sindonews.com,13,2,0.615385,0.355229,0.822903
knn/e5-large/test__1nn,host,tekno.kompas.com,6,1,0.833333,0.436497,0.969947
knn/e5-large/test__1nn,host,nasional.kompas.com,7,0,1.0,0.64567,1.0
knn/e5-large/test__1nn,host,regional.kompas.com,6,0,0.833333,0.436497,0.969947
knn/e5-large/test__1nn,host,international.sindonews.com,11,0,0.909091,0.622642,0.983768
knn/e5-large/test__1nn,host,hot.detik.com,17,1,0.764706,0.527382,0.90445
knn/e5-large/test__1nn,host,makassar.kompas.com,1,0,1.0,0.206549,1.0
knn/e5-large/test__1nn,host,sains.sindonews.com,13,0,0.769231,0.497436,0.918205
knn/e5-large/test__1nn,host,go.kompas.com,1,1,1.0,0.206549,1.0
knn/e5-large/test__1nn,host,bola.kompas.com,3,0,1.0,0.438503,1.0
knn/e5-large/test__1nn,host,nasional.tempo.co,1,0,1.0,0.206549,1.0
knn/e5-large/test__1nn,host,bandung.kompas.com,1,0,1.0,0.206549,1.0
knn/e5-large/test__1nn,section,global,13,0,1.0,0.771905,1.0
knn/e5-large/test__1nn,section,skola,9,0,0.666667,0.354202,0.879416
knn/e5-large/test__1nn,section,sports,179,9,0.988827,0.960183,0.996931
knn/e5-large/test__1nn,section,biz,420,420,0.928571,0.899863,0.949511
knn/e5-large/test__1nn,section,sport,40,0,1.0,0.912378,1.0
knn/e5-large/test__1nn,section,tekno,67,22,0.791045,0.679282,0.871243
knn/e5-large/test__1nn,section,homey,10,1,0.7,0.396778,0.892209
knn/e5-large/test__1nn,section,tren,9,0,0.888889,0.565,0.980109
knn/e5-large/test__1nn,section,siaran-pers,170,170,0.952941,0.9099,0.975964
knn/e5-large/test__1nn,section,lifestyle,59,5,0.864407,0.754603,0.929658
knn/e5-large/test__1nn,section,news,158,6,0.936709,0.887425,0.965262
knn/e5-large/test__1nn,section,globenewswire,364,364,0.986264,0.968252,0.994119
knn/e5-large/test__1nn,section,oto,11,4,0.636364,0.353801,0.848335
knn/e5-large/test__1nn,section,otomotif,55,12,0.8,0.676351,0.884478
knn/e5-large/test__1nn,section,entertainment,9,0,1.0,0.700855,1.0
knn/e5-large/test__1nn,section,metro,7,0,0.857143,0.486872,0.97432
knn/e5-large/test__1nn,section,bola,29,0,1.0,0.88303,1.0
knn/e5-large/test__1nn,section,health,32,1,0.84375,0.682459,0.931356
knn/e5-large/test__1nn,section,bisnis,15,2,0.8,0.548146,0.929525
knn/e5-large/test__1nn,section,business,16,0,0.625,0.38641,0.815188
knn/e5-large/test__1nn,section,digital,17,4,0.764706,0.527382,0.90445
knn/e5-large/test__1nn,section,megapolitan,12,0,1.0,0.757506,1.0
knn/e5-large/test__1nn,section,edukasi,33,8,0.848485,0.690801,0.933495
knn/e5-large/test__1nn,section,nasional,46,30,0.804348,0.668287,0.893494
knn/e5-large/test__1nn,section,inet,26,6,0.807692,0.621237,0.914929
knn/e5-large/test__1nn,section,money,8,0,0.5,0.215216,0.784784
knn/e5-large/test__1nn,section,surabaya,1,0,1.0,0.206549,1.0
knn/e5-large/test__1nn,section,travel,21,1,0.761905,0.549088,0.89372
knn/e5-large/test__1nn,section,food,52,2,0.826923,0.702691,0.906175
knn/e5-large/test__1nn,section,daerah,12,0,0.833333,0.551969,0.953035
knn/e5-large/test__1nn,section,gaya,23,0,0.869565,0.678725,0.954623
knn/e5-large/test__1nn,section,showbiz,24,1,0.875,0.689961,0.956557
knn/e5-large/test__1nn,section,berita,13,0,0.692308,0.423693,0.873193
knn/e5-large/test__1nn,section,properti,10,0,0.5,0.236593,0.763407
knn/e5-large/test__1nn,section,finance,35,8,0.685714,0.520202,0.814492
knn/e5-large/test__1nn,section,trending,4,0,0.75,0.300642,0.954413
knn/e5-large/test__1nn,section,dunia,7,0,1.0,0.64567,1.0
knn/e5-large/test__1nn,section,seleb,11,0,0.545455,0.280092,0.787287
knn/e5-large/test__1nn,section,wolipop,10,0,0.7,0.396778,0.892209
knn/e5-large/test__1nn,section,ekbis,13,2,0.615385,0.355229,0.822903
knn/e5-large/test__1nn,section,politics,16,0,0.9375,0.716713,0.988881
knn/e5-large/test__1nn,section,opinion,9,0,1.0,0.700855,1.0
knn/e5-large/test__1nn,section,gaya-hidup,16,1,0.5625,0.331786,0.769013
knn/e5-large/test__1nn,section,regional,6,0,0.833333,0.436497,0.969947
knn/e5-large/test__1nn,section,ragam,11,0,1.0,0.741167,1.0
knn/e5-large/test__1nn,section,international,11,0,0.909091,0.622642,0.983768
knn/e5-large/test__1nn,section,hot,17,1,0.764706,0.527382,0.90445
knn/e5-large/test__1nn,section,makassar,1,0,1.0,0.206549,1.0
knn/e5-large/test__1nn,section,sains,13,0,0.769231,0.497436,0.918205
knn/e5-large/test__1nn,section,go,1,1,1.0,0.206549,1.0
knn/e5-large/test__1nn,section,militer,2,0,0.5,0.094531,0.905469
knn/e5-large/test__1nn,section,life,7,0,1.0,0.64567,1.0
knn/e5-large/test__1nn,section,sponsored-sections,1,0,1.0,0.206549,1.0
knn/e5-large/test__1nn,section,badminton,1,0,1.0,0.206549,1.0
knn/e5-large/test__1nn,section,edu,2,0,0.5,0.094531,0.905469
knn/e5-large/test__1nn,section,bandung,1,0,1.0,0.206549,1.0
knn/e5-large/test__weighted_k5,host,kompas.com,79,1,0.860759,0.767627,0.920435
knn/e5-large/test__weighted_k5,host,thestar.com,717,364,0.970711,0.955641,0.980765
knn/e5-large/test__weighted_k5,host,biz.kompas.com,420,420,0.952381,0.927596,0.968965
knn/e5-large/test__weighted_k5,host,sport.tempo.co,14,0,1.0,0.784689,1.0
knn/e5-large/test__weighted_k5,host,tekno.tempo.co,19,2,0.842105,0.624345,0.944795
knn/e5-large/test__weighted_k5,host,viva.co.id,292,177,0.876712,0.834039,0.909602
knn/e5-large/test__weighted_k5,host,lifestyle.sindonews.com,41,4,0.853659,0.715565,0.931158
knn/e5-large/test__weighted_k5,host,oto.detik.com,11,4,0.727273,0.434355,0.902539
knn/e5-large/test__weighted_k5,host,otomotif.tempo.co,13,0,0.846154,0.577654,0.956742
knn/e5-large/test__weighted_k5,host,tekno.sindonews.com,42,19,0.761905,0.614725,0.86519
knn/e5-large/test__weighted_k5,host,metro.tempo.co,7,0,1.0,0.64567,1.0
knn/e5-large/test__weighted_k5,host,bola.tempo.co,10,0,1.0,0.722467,1.0
knn/e5-large/test__weighted_k5,host,sports.sindonews.com,9,9,0.777778,0.452589,0.936775
knn/e5-large/test__weighted_k5,host,health.detik.com,11,1,0.727273,0.434355,0.902539
knn/e5-large/test__weighted_k5,host,bisnis.tempo.co,15,2,0.733333,0.480496,0.891025
knn/e5-large/test__weighted_k5,host,health.kompas.com,21,0,0.904762,0.710859,0.973481
knn/e5-large/test__weighted_k5,host,megapolitan.kompas.com,12,0,1.0,0.757506,1.0
knn/e5-large/test__weighted_k5,host,nasional.sindonews.com,38,30,0.789474,0.636542,0.889252
knn/e5-large/test__weighted_k5,host,lifestyle.kompas.com,18,1,0.722222,0.491273,0.875002
knn/e5-large/test__weighted_k5,host,inet.detik.com,26,6,0.769231,0.579484,0.889662
knn/e5-large/test__weighted_k5,host,news.detik.com,29,6,0.862069,0.69441,0.945026
knn/e5-large/test__weighted_k5,host,otomotif.kompas.com,21,5,0.619048,0.408787,0.79249
knn/e5-large/test__weighted_k5,host,otomotif.sindonews.com,18,6,1.0,0.824121,1.0
knn/e5-large/test__weighted_k5,host,money.kompas.com,8,0,0.625,0.305742,0.863156
knn/e5-large/test__weighted_k5,host,edukasi.sindonews.com,23,8,0.826087,0.628624,0.930213
knn/e5-large/test__weighted_k5,host,surabaya.kompas.com,1,0,1.0,0.206549,1.0
knn/e5-large/test__weighted_k5,host,travel.tempo.co,21,1,0.857143,0.653639,0.95019
knn/e5-large/test__weighted_k5,host,food.detik.com,31,2,0.806452,0.637197,0.90813
knn/e5-large/test__weighted_k5,host,daerah.sindonews.com,12,0,0.916667,0.64612,0.985135
knn/e5-large/test__weighted_k5,host,gaya.tempo.co,23,0,0.826087,0.628624,0.930213
knn/e5-large/test__weighted_k5,host,finance.detik.com,35,8,0.714286,0.549451,0.836735
knn/e5-large/test__weighted_k5,host,dunia.tempo.co,7,0,1.0,0.64567,1.0
knn/e5-large/test__weighted_k5,host,seleb.tempo.co,11,0,0.727273,0.434355,0.902539
knn/e5-large/test__weighted_k5,host,sport.detik.com,20,0,1.0,0.838875,1.0
knn/e5-large/test__weighted_k5,host,wolipop.detik.com,10,0,0.7,0.396778,0.892209
knn/e5-large/test__weighted_k5,host,ekbis.sindonews.com,13,2,0.538462,0.291438,0.767939
knn/e5-large/test__weighted_k5,host,tekno.kompas.com,6,1,1.0,0.609666,1.0
knn/e5-large/test__weighted_k5,host,nasional.kompas.com,7,0,1.0,0.64567,1.0
knn/e5-large/test__weighted_k5,host,regional.kompas.com,6,0,0.833333,0.436497,0.969947
knn/e5-large/test__weighted_k5,host,international.sindonews.com,11,0,0.909091,0.622642,0.983768
knn/e5-large/test__weighted_k5,host,hot.detik.com,17,1,0.764706,0.527382,0.90445
knn/e5-large/test__weighted_k5,host,makassar.kompas.com,1,0,1.0,0.206549,1.0
knn/e5-large/test__weighted_k5,host,sains.sindonews.com,13,0,0.923077,0.66686,0.98629
knn/e5-large/test__weighted_k5,host,go.kompas.com,1,1,1.0,0.206549,1.0
knn/e5-large/test__weighted_k5,host,bola.kompas.com,3,0,1.0,0.438503,1.0
knn/e5-large/test__weighted_k5,host,nasional.tempo.co,1,0,0.0,0.0,0.793451
knn/e5-large/test__weighted_k5,host,bandung.kompas.com,1,0,1.0,0.206549,1.0
knn/e5-large/test__weighted_k5,section,global,13,0,1.0,0.771905,1.0
knn/e5-large/test__weighted_k5,section,skola,9,0,0.777778,0.452589,0.936775
knn/e5-large/test__weighted_k5,section,sports,179,9,0.988827,0.960183,0.996931
knn/e5-large/test__weighted_k5,section,biz,420,420,0.952381,0.927596,0.968965
knn/e5-large/test__weighted_k5,section,sport,40,0,1.0,0.912378,1.0
knn/e5-large/test__weighted_k5,section,tekno,67,22,0.80597,0.695809,0.882948
knn/e5-large/test__weighted_k5,section,homey,10,1,0.8,0.490162,0.943318
knn/e5-large/test__weighted_k5,section,tren,9,0,0.888889,0.565,0.980109
knn/e5-large/test__weighted_k5,section,siaran-pers,170,170,0.958824,0.917456,0.979913
knn/e5-large/test__weighted_k5,section,lifestyle,59,5,0.813559,0.69621,0.892573
knn/e5-large/test__weighted_k5,section,news,158,6,0.917722,0.864326,0.951287
knn/e5-large/test__weighted_k5,section,globenewswire,364,364,0.991758,0.976052,0.997193
knn/e5-large/test__weighted_k5,section,oto,11,4,0.727273,0.434355,0.902539
knn/e5-large/test__weighted_k5,section,otomotif,55,12,0.8,0.676351,0.884478
knn/e5-large/test__weighted_k5,section,entertainment,9,0,1.0,0.700855,1.0
knn/e5-large/test__weighted_k5,section,metro,7,0,1.0,0.64567,1.0
knn/e5-large/test__weighted_k5,section,bola,29,0,1.0,0.88303,1.0
knn/e5-large/test__weighted_k5,section,health,32,1,0.84375,0.682459,0.931356
knn/e5-large/test__weighted_k5,section,bisnis,15,2,0.733333,0.480496,0.891025
knn/e5-large/test__weighted_k5,section,business,16,0,0.5625,0.331786,0.769013
knn/e5-large/test__weighted_k5,section,digital,17,4,0.647059,0.413004,0.826903
knn/e5-large/test__weighted_k5,section,megapolitan,12,0,1.0,0.757506,1.0
knn/e5-large/test__weighted_k5,section,edukasi,33,8,0.757576,0.589754,0.871683
knn/e5-large/test__weighted_k5,section,nasional,46,30,0.804348,0.668287,0.893494
knn/e5-large/test__weighted_k5,section,inet,26,6,0.769231,0.579484,0.889662
knn/e5-large/test__weighted_k5,section,money,8,0,0.625,0.305742,0.863156
knn/e5-large/test__weighted_k5,section,surabaya,1,0,1.0,0.206549,1.0
knn/e5-large/test__weighted_k5,section,travel,21,1,0.857143,0.653639,0.95019
knn/e5-large/test__weighted_k5,section,food,52,2,0.865385,0.747267,0.933231
knn/e5-large/test__weighted_k5,section,daerah,12,0,0.916667,0.64612,0.985135
knn/e5-large/test__weighted_k5,section,gaya,23,0,0.826087,0.628624,0.930213
knn/e5-large/test__weighted_k5,section,showbiz,24,1,0.833333,0.641469,0.933213
knn/e5-large/test__weighted_k5,section,berita,13,0,0.769231,0.497436,0.918205
knn/e5-large/test__weighted_k5,section,properti,10,0,0.6,0.312674,0.83182
knn/e5-large/test__weighted_k5,section,finance,35,8,0.714286,0.549451,0.836735
knn/e5-large/test__weighted_k5,section,trending,4,0,0.75,0.300642,0.954413
knn/e5-large/test__weighted_k5,section,dunia,7,0,1.0,0.64567,1.0
knn/e5-large/test__weighted_k5,section,seleb,11,0,0.727273,0.434355,0.902539
knn/e5-large/test__weighted_k5,section,wolipop,10,0,0.7,0.396778,0.892209
knn/e5-large/test__weighted_k5,section,ekbis,13,2,0.538462,0.291438,0.767939
knn/e5-large/test__weighted_k5,section,politics,16,0,0.9375,0.716713,0.988881
knn/e5-large/test__weighted_k5,section,opinion,9,0,1.0,0.700855,1.0
knn/e5-large/test__weighted_k5,section,gaya-hidup,16,1,0.375,0.184812,0.61359
knn/e5-large/test__weighted_k5,section,regional,6,0,0.833333,0.436497,0.969947
knn/e5-large/test__weighted_k5,section,ragam,11,0,1.0,0.741167,1.0
knn/e5-large/test__weighted_k5,section,international,11,0,0.909091,0.622642,0.983768
knn/e5-large/test__weighted_k5,section,hot,17,1,0.764706,0.527382,0.90445
knn/e5-large/test__weighted_k5,section,makassar,1,0,1.0,0.206549,1.0
knn/e5-large/test__weighted_k5,section,sains,13,0,0.923077,0.66686,0.98629
knn/e5-large/test__weighted_k5,section,go,1,1,1.0,0.206549,1.0
knn/e5-large/test__weighted_k5,section,militer,2,0,1.0,0.34238,1.0
knn/e5-large/test__weighted_k5,section,life,7,0,0.857143,0.486872,0.97432
knn/e5-large/test__weighted_k5,section,sponsored-sections,1,0,1.0,0.206549,1.0
knn/e5-large/test__weighted_k5,section,badminton,1,0,1.0,0.206549,1.0
knn/e5-large/test__weighted_k5,section,edu,2,0,0.5,0.094531,0.905469
knn/e5-large/test__weighted_k5,section,bandung,1,0,1.0,0.206549,1.0
knn/e5-large/test__weighted_k5_lang-cross,host,kompas.com,79,1,0.35443,0.257954,0.464407
knn/e5-large/test__weighted_k5_lang-cross,host,thestar.com,717,364,0.867503,0.840718,0.890372
knn/e5-large/test__weighted_k5_lang-cross,host,biz.kompas.com,420,420,0.959524,0.93614,0.974577
knn/e5-large/test__weighted_k5_lang-cross,host,sport.tempo.co,14,0,0.785714,0.524108,0.924286
knn/e5-large/test__weighted_k5_lang-cross,host,tekno.tempo.co,19,2,0.263158,0.118064,0.487916
knn/e5-large/test__weighted_k5_lang-cross,host,viva.co.id,292,177,0.760274,0.70813,0.805659
knn/e5-large/test__weighted_k5_lang-cross,host,lifestyle.sindonews.com,41,4,0.560976,0.410405,0.701099
knn/e5-large/test__weighted_k5_lang-cross,host,oto.detik.com,11,4,0.545455,0.280092,0.787287
knn/e5-large/test__weighted_k5_lang-cross,host,otomotif.tempo.co,13,0,0.153846,0.043258,0.422346
knn/e5-large/test__weighted_k5_lang-cross,host,tekno.sindonews.com,42,19,0.452381,0.312234,0.600509
knn/e5-large/test__weighted_k5_lang-cross,host,metro.tempo.co,7,0,0.428571,0.15822,0.749542
knn/e5-large/test__weighted_k5_lang-cross,host,bola.tempo.co,10,0,1.0,0.722467,1.0
knn/e5-large/test__weighted_k5_lang-cross,host,sports.sindonews.com,9,9,0.888889,0.565,0.980109
knn/e5-large/test__weighted_k5_lang-cross,host,health.detik.com,11,1,0.181818,0.051368,0.476981
knn/e5-large/test__weighted_k5_lang-cross,host,bisnis.tempo.co,15,2,0.133333,0.037361,0.37882
knn/e5-large/test__weighted_k5_lang-cross,host,health.kompas.com,21,0,0.047619,0.008456,0.226694
knn/e5-large/test__weighted_k5_lang-cross,host,megapolitan.kompas.com,12,0,0.583333,0.319511,0.80674
knn/e5-large/test__weighted_k5_lang-cross,host,nasional.sindonews.com,38,30,0.789474,0.636542,0.889252
knn/e5-large/test__weighted_k5_lang-cross,host,lifestyle.kompas.com,18,1,0.222222,0.090009,0.452146
knn/e5-large/test__weighted_k5_lang-cross,host,inet.detik.com,26,6,0.423077,0.255444,0.610514
knn/e5-large/test__weighted_k5_lang-cross,host,news.detik.com,29,6,0.827586,0.654516,0.924021
knn/e5-large/test__weighted_k5_lang-cross,host,otomotif.kompas.com,21,5,0.380952,0.20751,0.591213
knn/e5-large/test__weighted_k5_lang-cross,host,otomotif.sindonews.com,18,6,0.444444,0.245595,0.662836
knn/e5-large/test__weighted_k5_lang-cross,host,money.kompas.com,8,0,0.0,0.0,0.324408
knn/e5-large/test__weighted_k5_lang-cross,host,edukasi.sindonews.com,23,8,0.478261,0.292372,0.670373
knn/e5-large/test__weighted_k5_lang-cross,host,surabaya.kompas.com,1,0,1.0,0.206549,1.0
knn/e5-large/test__weighted_k5_lang-cross,host,travel.tempo.co,21,1,0.047619,0.008456,0.226694
knn/e5-large/test__weighted_k5_lang-cross,host,food.detik.com,31,2,0.225806,0.113951,0.398124
knn/e5-large/test__weighted_k5_lang-cross,host,daerah.sindonews.com,12,0,0.333333,0.13812,0.609378
knn/e5-large/test__weighted_k5_lang-cross,host,gaya.tempo.co,23,0,0.173913,0.069787,0.371376
knn/e5-large/test__weighted_k5_lang-cross,host,finance.detik.com,35,8,0.314286,0.185508,0.479798
knn/e5-large/test__weighted_k5_lang-cross,host,dunia.tempo.co,7,0,0.857143,0.486872,0.97432
knn/e5-large/test__weighted_k5_lang-cross,host,seleb.tempo.co,11,0,0.181818,0.051368,0.476981
knn/e5-large/test__weighted_k5_lang-cross,host,sport.detik.com,20,0,0.6,0.386582,0.781193
knn/e5-large/test__weighted_k5_lang-cross,host,wolipop.detik.com,10,0,0.7,0.396778,0.892209
knn/e5-large/test__weighted_k5_lang-cross,host,ekbis.sindonews.com,13,2,0.307692,0.126807,0.576307
knn/e5-large/test__weighted_k5_lang-cross,host,tekno.kompas.com,6,1,0.166667,0.030053,0.563503
knn/e5-large/test__weighted_k5_lang-cross,host,nasional.kompas.com,7,0,0.571429,0.250458,0.84178
knn/e5-large/test__weighted_k5_lang-cross,host,regional.kompas.com,6,0,0.5,0.187616,0.812384
knn/e5-large/test__weighted_k5_lang-cross,host,international.sindonews.com,11,0,0.818182,0.523019,0.948632
knn/e5-large/test__weighted_k5_lang-cross,host,hot.detik.com,17,1,0.705882,0.468669,0.8672
knn/e5-large/test__weighted_k5_lang-cross,host,makassar.kompas.com,1,0,0.0,0.0,0.793451
knn/e5-large/test__weighted_k5_lang-cross,host,sains.sindonews.com,13,0,0.0,0.0,0.228095
knn/e5-large/test__weighted_k5_lang-cross,host,go.kompas.com,1,1,1.0,0.206549,1.0
knn/e5-large/test__weighted_k5_lang-cross,host,bola.kompas.com,3,0,1.0,0.438503,1.0
knn/e5-large/test__weighted_k5_lang-cross,host,nasional.tempo.co,1,0,0.0,0.0,0.793451
knn/e5-large/test__weighted_k5_lang-cross,host,bandung.kompas.com,1,0,0.0,0.0,0.793451
knn/e5-large/test__weighted_k5_lang-cross,section,global,13,0,0.846154,0.577654,0.956742
knn/e5-large/test__weighted_k5_lang-cross,section,skola,9,0,0.0,0.0,0.299145
knn/e5-large/test__weighted_k5_lang-cross,section,sports,179,9,0.893855,0.840172,0.930988
knn/e5-large/test__weighted_k5_lang-cross,section,biz,420,420,0.959524,0.93614,0.974577
knn/e5-large/test__weighted_k5_lang-cross,section,sport,40,0,0.65,0.495059,0.778655
knn/e5-large/test__weighted_k5_lang-cross,section,tekno,67,22,0.373134,0.267182,0.492846
knn/e5-large/test__weighted_k5_lang-cross,section,homey,10,1,0.5,0.236593,0.763407
knn/e5-large/test__weighted_k5_lang-cross,section,tren,9,0,0.444444,0.188779,0.733349
knn/e5-large/test__weighted_k5_lang-cross,section,siaran-pers,170,170,0.994118,0.967437,0.998961
knn/e5-large/test__weighted_k5_lang-cross,section,lifestyle,59,5,0.457627,0.337013,0.583422
knn/e5-large/test__weighted_k5_lang-cross,section,news,158,6,0.708861,0.633738,0.774068
knn/e5-large/test__weighted_k5_lang-cross,section,globenewswire,364,364,0.980769,0.960843,0.990654
knn/e5-large/test__weighted_k5_lang-cross,section,oto,11,4,0.545455,0.280092,0.787287
knn/e5-large/test__weighted_k5_lang-cross,section,otomotif,55,12,0.345455,0.233627,0.477461
knn/e5-large/test__weighted_k5_lang-cross,section,entertainment,9,0,0.666667,0.354202,0.879416
knn/e5-large/test__weighted_k5_lang-cross,section,metro,7,0,0.428571,0.15822,0.749542
knn/e5-large/test__weighted_k5_lang-cross,section,bola,29,0,0.931034,0.780354,0.980879
knn/e5-large/test__weighted_k5_lang-cross,section,health,32,1,0.09375,0.032402,0.242182
knn/e5-large/test__weighted_k5_lang-cross,section,bisnis,15,2,0.133333,0.037361,0.37882
knn/e5-large/test__weighted_k5_lang-cross,section,business,16,0,0.4375,0.230987,0.668214
knn/e5-large/test__weighted_k5_lang-cross,section,digital,17,4,0.294118,0.1328,0.531331
knn/e5-large/test__weighted_k5_lang-cross,section,megapolitan,12,0,0.583333,0.319511,0.80674
knn/e5-large/test__weighted_k5_lang-cross,section,edukasi,33,8,0.424242,0.272356,0.591927
knn/e5-large/test__weighted_k5_lang-cross,section,nasional,46,30,0.73913,0.597408,0.843991
knn/e5-large/test__weighted_k5_lang-cross,section,inet,26,6,0.423077,0.255444,0.610514
knn/e5-large/test__weighted_k5_lang-cross,section,money,8,0,0.0,0.0,0.324408
knn/e5-large/test__weighted_k5_lang-cross,section,surabaya,1,0,1.0,0.206549,1.0
knn/e5-large/test__weighted_k5_lang-cross,section,travel,21,1,0.047619,0.008456,0.226694
knn/e5-large/test__weighted_k5_lang-cross,section,food,52,2,0.134615,0.066769,0.252733
knn/e5-large/test__weighted_k5_lang-cross,section,daerah,12,0,0.333333,0.13812,0.609378
knn/e5-large/test__weighted_k5_lang-cross,section,gaya,23,0,0.173913,0.069787,0.371376
knn/e5-large/test__weighted_k5_lang-cross,section,showbiz,24,1,0.458333,0.278913,0.649251
knn/e5-large/test__weighted_k5_lang-cross,section,berita,13,0,0.384615,0.177097,0.644771
knn/e5-large/test__weighted_k5_lang-cross,section,properti,10,0,0.3,0.107791,0.603222
knn/e5-large/test__weighted_k5_lang-cross,section,finance,35,8,0.314286,0.185508,0.479798
knn/e5-large/test__weighted_k5_lang-cross,section,trending,4,0,0.75,0.300642,0.954413
knn/e5-large/test__weighted_k5_lang-cross,section,dunia,7,0,0.857143,0.486872,0.97432
knn/e5-large/test__weighted_k5_lang-cross,section,seleb,11,0,0.181818,0.051368,0.476981
knn/e5-large/test__weighted_k5_lang-cross,section,wolipop,10,0,0.7,0.396778,0.892209
knn/e5-large/test__weighted_k5_lang-cross,section,ekbis,13,2,0.307692,0.126807,0.576307
knn/e5-large/test__weighted_k5_lang-cross,section,politics,16,0,0.4375,0.230987,0.668214
knn/e5-large/test__weighted_k5_lang-cross,section,opinion,9,0,0.444444,0.188779,0.733349
knn/e5-large/test__weighted_k5_lang-cross,section,gaya-hidup,16,1,0.1875,0.065916,0.430089
knn/e5-large/test__weighted_k5_lang-cross,section,regional,6,0,0.5,0.187616,0.812384
knn/e5-large/test__weighted_k5_lang-cross,section,ragam,11,0,0.363636,0.151665,0.646199
knn/e5-large/test__weighted_k5_lang-cross,section,international,11,0,0.818182,0.523019,0.948632
knn/e5-large/test__weighted_k5_lang-cross,section,hot,17,1,0.705882,0.468669,0.8672
knn/e5-large/test__weighted_k5_lang-cross,section,makassar,1,0,0.0,0.0,0.793451
knn/e5-large/test__weighted_k5_lang-cross,section,sains,13,0,0.0,0.0,0.228095
knn/e5-large/test__weighted_k5_lang-cross,section,go,1,1,1.0,0.206549,1.0
knn/e5-large/test__weighted_k5_lang-cross,section,militer,2,0,0.5,0.094531,0.905469
knn/e5-large/test__weighted_k5_lang-cross,section,life,7,0,0.714286,0.358934,0.917781
knn/e5-large/test__weighted_k5_lang-cross,section,sponsored-sections,1,0,0.0,0.0,0.793451
knn/e5-large/test__weighted_k5_lang-cross,section,badminton,1,0,1.0,0.206549,1.0
knn/e5-large/test__weighted_k5_lang-cross,section,edu,2,0,0.0,0.0,0.65762
knn/e5-large/test__weighted_k5_lang-cross,section,bandung,1,0,0.0,0.0,0.793451
knn/e5-large/test__weighted_k5_lang-same,host,kompas.com,79,1,0.860759,0.767627,0.920435
knn/e5-large/test__weighted_k5_lang-same,host,thestar.com,717,364,0.970711,0.955641,0.980765
knn/e5-large/test__weighted_k5_lang-same,host,biz.kompas.com,420,420,0.952381,0.927596,0.968965
knn/e5-large/test__weighted_k5_lang-same,host,sport.tempo.co,14,0,1.0,0.784689,1.0
knn/e5-large/test__weighted_k5_lang-same,host,tekno.tempo.co,19,2,0.842105,0.624345,0.944795
knn/e5-large/test__weighted_k5_lang-same,host,viva.co.id,292,177,0.876712,0.834039,0.909602
knn/e5-large/test__weighted_k5_lang-same,host,lifestyle.sindonews.com,41,4,0.853659,0.715565,0.931158
knn/e5-large/test__weighted_k5_lang-same,host,oto.detik.com,11,4,0.727273,0.434355,0.902539
knn/e5-large/test__weighted_k5_lang-same,host,otomotif.tempo.co,13,0,0.846154,0.577654,0.956742
knn/e5-large/test__weighted_k5_lang-same,host,tekno.sindonews.com,42,19,0.761905,0.614725,0.86519
knn/e5-large/test__weighted_k5_lang-same,host,metro.tempo.co,7,0,1.0,0.64567,1.0
knn/e5-large/test__weighted_k5_lang-same,host,bola.tempo.co,10,0,1.0,0.722467,1.0
knn/e5-large/test__weighted_k5_lang-same,host,sports.sindonews.com,9,9,0.777778,0.452589,0.936775
knn/e5-large/test__weighted_k5_lang-same,host,health.detik.com,11,1,0.727273,0.434355,0.902539
knn/e5-large/test__weighted_k5_lang-same,host,bisnis.tempo.co,15,2,0.733333,0.480496,0.891025
knn/e5-large/test__weighted_k5_lang-same,host,health.kompas.com,21,0,0.904762,0.710859,0.973481
knn/e5-large/test__weighted_k5_lang-same,host,megapolitan.kompas.com,12,0,1.0,0.757506,1.0
knn/e5-large/test__weighted_k5_lang-same,host,nasional.sindonews.com,38,30,0.789474,0.636542,0.889252
knn/e5-large/test__weighted_k5_lang-same,host,lifestyle.kompas.com,18,1,0.722222,0.491273,0.875002
knn/e5-large/test__weighted_k5_lang-same,host,inet.detik.com,26,6,0.769231,0.579484,0.889662
knn/e5-large/test__weighted_k5_lang-same,host,news.detik.com,29,6,0.862069,0.69441,0.945026
knn/e5-large/test__weighted_k5_lang-same,host,otomotif.kompas.com,21,5,0.619048,0.408787,0.79249
knn/e5-large/test__weighted_k5_lang-same,host,otomotif.sindonews.com,18,6,1.0,0.824121,1.0
knn/e5-large/test__weighted_k5_lang-same,host,money.kompas.com,8,0,0.625,0.305742,0.863156
knn/e5-large/test__weighted_k5_lang-same,host,edukasi.sindonews.com,23,8,0.826087,0.628624,0.930213
knn/e5-large/test__weighted_k5_lang-same,host,surabaya.kompas.com,1,0,1.0,0.206549,1.0
knn/e5-large/test__weighted_k5_lang-same,host,travel.tempo.co,21,1,0.857143,0.653639,0.95019
knn/e5-large/test__weighted_k5_lang-same,host,food.detik.com,31,2,0.806452,0.637197,0.90813
knn/e5-large/test__weighted_k5_lang-same,host,daerah.sindonews.com,12,0,0.916667,0.64612,0.985135
knn/e5-large/test__weighted_k5_lang-same,host,gaya.tempo.co,23,0,0.826087,0.628624,0.930213
knn/e5-large/test__weighted_k5_lang-same,host,finance.detik.com,35,8,0.714286,0.549451,0.836735
knn/e5-large/test__weighted_k5_lang-same,host,dunia.tempo.co,7,0,1.0,0.64567,1.0
knn/e5-large/test__weighted_k5_lang-same,host,seleb.tempo.co,11,0,0.727273,0.434355,0.902539
knn/e5-large/test__weighted_k5_lang-same,host,sport.detik.com,20,0,1.0,0.838875,1.0
knn/e5-large/test__weighted_k5_lang-same,host,wolipop.detik.com,10,0,0.7,0.396778,0.892209
knn/e5-large/test__weighted_k5_lang-same,host,ekbis.sindonews.com,13,2,0.538462,0.291438,0.767939
knn/e5-large/test__weighted_k5_lang-same,host,tekno.kompas.com,6,1,1.0,0.609666,1.0
knn/e5-large/test__weighted_k5_lang-same,host,nasional.kompas.com,7,0,1.0,0.64567,1.0
knn/e5-large/test__weighted_k5_lang-same,host,regional.kompas.com,6,0,0.833333,0.436497,0.969947
knn/e5-large/test__weighted_k5_lang-same,host,international.sindonews.com,11,0,0.909091,0.622642,0.983768
knn/e5-large/test__weighted_k5_lang-same,host,hot.detik.com,17,1,0.764706,0.527382,0.90445
knn/e5-large/test__weighted_k5_lang-same,host,makassar.kompas.com,1,0,1.0,0.206549,1.0
knn/e5-large/test__weighted_k5_lang-same,host,sains.sindonews.com,13,0,0.923077,0.66686,0.98629
knn/e5-large/test__weighted_k5_lang-same,host,go.kompas.com,1,1,1.0,0.206549,1.0
knn/e5-large/test__weighted_k5_lang-same,host,bola.kompas.com,3,0,1.0,0.438503,1.0
knn/e5-large/test__weighted_k5_lang-same,host,nasional.tempo.co,1,0,0.0,0.0,0.793451
knn/e5-large/test__weighted_k5_lang-same,host,bandung.kompas.com,1,0,1.0,0.206549,1.0
knn/e5-large/test__weighted_k5_lang-same,section,global,13,0,1.0,0.771905,1.0
knn/e5-large/test__weighted_k5_lang-same,section,skola,9,0,0.777778,0.452589,0.936775
knn/e5-large/test__weighted_k5_lang-same,section,sports,179,9,0.988827,0.960183,0.996931
knn/e5-large/test__weighted_k5_lang-same,section,biz,420,420,0.952381,0.927596,0.968965
knn/e5-large/test__weighted_k5_lang-same,section,sport,40,0,1.0,0.912378,1.0
knn/e5-large/test__weighted_k5_lang-same,section,tekno,67,22,0.80597,0.695809,0.882948
knn/e5-large/test__weighted_k5_lang-same,section,homey,10,1,0.8,0.490162,0.943318
knn/e5-large/test__weighted_k5_lang-same,section,tren,9,0,0.888889,0.565,0.980109
knn/e5-large/test__weighted_k5_lang-same,section,siaran-pers,170,170,0.958824,0.917456,0.979913
knn/e5-large/test__weighted_k5_lang-same,section,lifestyle,59,5,0.813559,0.69621,0.892573
knn/e5-large/test__weighted_k5_lang-same,section,news,158,6,0.917722,0.864326,0.951287
knn/e5-large/test__weighted_k5_lang-same,section,globenewswire,364,364,0.991758,0.976052,0.997193
knn/e5-large/test__weighted_k5_lang-same,section,oto,11,4,0.727273,0.434355,0.902539
knn/e5-large/test__weighted_k5_lang-same,section,otomotif,55,12,0.8,0.676351,0.884478
knn/e5-large/test__weighted_k5_lang-same,section,entertainment,9,0,1.0,0.700855,1.0
knn/e5-large/test__weighted_k5_lang-same,section,metro,7,0,1.0,0.64567,1.0
knn/e5-large/test__weighted_k5_lang-same,section,bola,29,0,1.0,0.88303,1.0
knn/e5-large/test__weighted_k5_lang-same,section,health,32,1,0.84375,0.682459,0.931356
knn/e5-large/test__weighted_k5_lang-same,section,bisnis,15,2,0.733333,0.480496,0.891025
knn/e5-large/test__weighted_k5_lang-same,section,business,16,0,0.5625,0.331786,0.769013
knn/e5-large/test__weighted_k5_lang-same,section,digital,17,4,0.647059,0.413004,0.826903
knn/e5-large/test__weighted_k5_lang-same,section,megapolitan,12,0,1.0,0.757506,1.0
knn/e5-large/test__weighted_k5_lang-same,section,edukasi,33,8,0.757576,0.589754,0.871683
knn/e5-large/test__weighted_k5_lang-same,section,nasional,46,30,0.804348,0.668287,0.893494
knn/e5-large/test__weighted_k5_lang-same,section,inet,26,6,0.769231,0.579484,0.889662
knn/e5-large/test__weighted_k5_lang-same,section,money,8,0,0.625,0.305742,0.863156
knn/e5-large/test__weighted_k5_lang-same,section,surabaya,1,0,1.0,0.206549,1.0
knn/e5-large/test__weighted_k5_lang-same,section,travel,21,1,0.857143,0.653639,0.95019
knn/e5-large/test__weighted_k5_lang-same,section,food,52,2,0.865385,0.747267,0.933231
knn/e5-large/test__weighted_k5_lang-same,section,daerah,12,0,0.916667,0.64612,0.985135
knn/e5-large/test__weighted_k5_lang-same,section,gaya,23,0,0.826087,0.628624,0.930213
knn/e5-large/test__weighted_k5_lang-same,section,showbiz,24,1,0.833333,0.641469,0.933213
knn/e5-large/test__weighted_k5_lang-same,section,berita,13,0,0.769231,0.497436,0.918205
knn/e5-large/test__weighted_k5_lang-same,section,properti,10,0,0.6,0.312674,0.83182
knn/e5-large/test__weighted_k5_lang-same,section,finance,35,8,0.714286,0.549451,0.836735
knn/e5-large/test__weighted_k5_lang-same,section,trending,4,0,0.75,0.300642,0.954413
knn/e5-large/test__weighted_k5_lang-same,section,dunia,7,0,1.0,0.64567,1.0
knn/e5-large/test__weighted_k5_lang-same,section,seleb,11,0,0.727273,0.434355,0.902539
knn/e5-large/test__weighted_k5_lang-same,section,wolipop,10,0,0.7,0.396778,0.892209
knn/e5-large/test__weighted_k5_lang-same,section,ekbis,13,2,0.538462,0.291438,0.767939
knn/e5-large/test__weighted_k5_lang-same,section,politics,16,0,0.9375,0.716713,0.988881
knn/e5-large/test__weighted_k5_lang-same,section,opinion,9,0,1.0,0.700855,1.0
knn/e5-large/test__weighted_k5_lang-same,section,gaya-hidup,16,1,0.375,0.184812,0.61359
knn/e5-large/test__weighted_k5_lang-same,section,regional,6,0,0.833333,0.436497,0.969947
knn/e5-large/test__weighted_k5_lang-same,section,ragam,11,0,1.0,0.741167,1.0
knn/e5-large/test__weighted_k5_lang-same,section,international,11,0,0.909091,0.622642,0.983768
knn/e5-large/test__weighted_k5_lang-same,section,hot,17,1,0.764706,0.527382,0.90445
knn/e5-large/test__weighted_k5_lang-same,section,makassar,1,0,1.0,0.206549,1.0
knn/e5-large/test__weighted_k5_lang-same,section,sains,13,0,0.923077,0.66686,0.98629
knn/e5-large/test__weighted_k5_lang-same,section,go,1,1,1.0,0.206549,1.0
knn/e5-large/test__weighted_k5_lang-same,section,militer,2,0,1.0,0.34238,1.0
knn/e5-large/test__weighted_k5_lang-same,section,life,7,0,0.857143,0.486872,0.97432
knn/e5-large/test__weighted_k5_lang-same,section,sponsored-sections,1,0,1.0,0.206549,1.0
knn/e5-large/test__weighted_k5_lang-same,section,badminton,1,0,1.0,0.206549,1.0
knn/e5-large/test__weighted_k5_lang-same,section,edu,2,0,0.5,0.094531,0.905469
knn/e5-large/test__weighted_k5_lang-same,section,bandung,1,0,1.0,0.206549,1.0
knn/e5-large/test_xsource__1nn,host,cnnindonesia.com,2367,1205,0.801014,0.784448,0.816604
knn/e5-large/test_xsource__1nn,section,teknologi,193,111,0.782383,0.718967,0.834778
knn/e5-large/test_xsource__1nn,section,olahraga,291,17,0.931271,0.896233,0.955072
knn/e5-large/test_xsource__1nn,section,internasional,216,90,0.819444,0.762711,0.865014
knn/e5-large/test_xsource__1nn,section,nasional,749,383,0.779706,0.74864,0.807918
knn/e5-large/test_xsource__1nn,section,ekonomi,299,168,0.785953,0.735989,0.828663
knn/e5-large/test_xsource__1nn,section,otomotif,16,1,0.75,0.505017,0.898179
knn/e5-large/test_xsource__1nn,section,hiburan,182,103,0.697802,0.627565,0.759862
knn/e5-large/test_xsource__1nn,section,gaya-hidup,416,332,0.805288,0.764515,0.840475
knn/e5-large/test_xsource__1nn,section,edukasi,5,0,0.8,0.375535,0.963776
knn/e5-large/test_xsource__weighted_k5,host,cnnindonesia.com,2367,1205,0.836924,0.821498,0.851259
knn/e5-large/test_xsource__weighted_k5,section,teknologi,193,111,0.797927,0.735718,0.848509
knn/e5-large/test_xsource__weighted_k5,section,olahraga,291,17,0.962199,0.933591,0.978764
knn/e5-large/test_xsource__weighted_k5,section,internasional,216,90,0.837963,0.782991,0.881124
knn/e5-large/test_xsource__weighted_k5,section,nasional,749,383,0.81976,0.790622,0.845634
knn/e5-large/test_xsource__weighted_k5,section,ekonomi,299,168,0.802676,0.753849,0.843823
knn/e5-large/test_xsource__weighted_k5,section,otomotif,16,1,0.75,0.505017,0.898179
knn/e5-large/test_xsource__weighted_k5,section,hiburan,182,103,0.791209,0.726444,0.843934
knn/e5-large/test_xsource__weighted_k5,section,gaya-hidup,416,332,0.846154,0.808329,0.877644
knn/e5-large/test_xsource__weighted_k5,section,edukasi,5,0,0.8,0.375535,0.963776
knn/e5-large/test_xsource__weighted_k5_lang-cross,host,cnnindonesia.com,2367,1205,0.73384,0.715668,0.751255
knn/e5-large/test_xsource__weighted_k5_lang-cross,section,teknologi,193,111,0.637306,0.567409,0.701843
knn/e5-large/test_xsource__weighted_k5_lang-cross,section,olahraga,291,17,0.831615,0.784363,0.870226
knn/e5-large/test_xsource__weighted_k5_lang-cross,section,internasional,216,90,0.824074,0.767762,0.869061
knn/e5-large/test_xsource__weighted_k5_lang-cross,section,nasional,749,383,0.686248,0.652138,0.718458
knn/e5-large/test_xsource__weighted_k5_lang-cross,section,ekonomi,299,168,0.635452,0.579499,0.687968
knn/e5-large/test_xsource__weighted_k5_lang-cross,section,otomotif,16,1,0.125,0.034977,0.360228
knn/e5-large/test_xsource__weighted_k5_lang-cross,section,hiburan,182,103,0.807692,0.744313,0.858351
knn/e5-large/test_xsource__weighted_k5_lang-cross,section,gaya-hidup,416,332,0.819712,0.779898,0.853675
knn/e5-large/test_xsource__weighted_k5_lang-cross,section,edukasi,5,0,0.0,0.0,0.434482
knn/e5-large/test_xsource__weighted_k5_lang-same,host,cnnindonesia.com,2367,1205,0.836924,0.821498,0.851259
knn/e5-large/test_xsource__weighted_k5_lang-same,section,teknologi,193,111,0.797927,0.735718,0.848509
knn/e5-large/test_xsource__weighted_k5_lang-same,section,olahraga,291,17,0.962199,0.933591,0.978764
knn/e5-large/test_xsource__weighted_k5_lang-same,section,internasional,216,90,0.837963,0.782991,0.881124
knn/e5-large/test_xsource__weighted_k5_lang-same,section,nasional,749,383,0.81976,0.790622,0.845634
knn/e5-large/test_xsource__weighted_k5_lang-same,section,ekonomi,299,168,0.802676,0.753849,0.843823
knn/e5-large/test_xsource__weighted_k5_lang-same,section,otomotif,16,1,0.75,0.505017,0.898179
knn/e5-large/test_xsource__weighted_k5_lang-same,section,hiburan,182,103,0.791209,0.726444,0.843934
knn/e5-large/test_xsource__weighted_k5_lang-same,section,gaya-hidup,416,332,0.846154,0.808329,0.877644
knn/e5-large/test_xsource__weighted_k5_lang-same,section,edukasi,5,0,0.8,0.375535,0.963776
knn/minilm/test__1nn,host,kompas.com,79,1,0.746835,0.641057,0.829721
knn/minilm/test__1nn,host,thestar.com,717,364,0.948396,0.929681,0.962332
knn/minilm/test__1nn,host,biz.kompas.com,420,420,0.816667,0.776847,0.850746
knn/minilm/test__1nn,host,sport.tempo.co,14,0,0.857143,0.600586,0.959906
knn/minilm/test__1nn,host,tekno.tempo.co,19,2,0.631579,0.410395,0.808505
knn/minilm/test__1nn,host,viva.co.id,292,177,0.835616,0.788801,0.873716
knn/minilm/test__1nn,host,lifestyle.sindonews.com,41,4,0.780488,0.63295,0.879968
knn/minilm/test__1nn,host,oto.detik.com,11,4,0.454545,0.212713,0.719908
knn/minilm/test__1nn,host,otomotif.tempo.co,13,0,0.692308,0.423693,0.873193
knn/minilm/test__1nn,host,tekno.sindonews.com,42,19,0.619048,0.46814,0.750003
knn/minilm/test__1nn,host,metro.tempo.co,7,0,0.857143,0.486872,0.97432
knn/minilm/test__1nn,host,bola.tempo.co,10,0,1.0,0.722467,1.0
knn/minilm/test__1nn,host,sports.sindonews.com,9,9,0.666667,0.354202,0.879416
knn/minilm/test__1nn,host,health.detik.com,11,1,0.545455,0.280092,0.787287
knn/minilm/test__1nn,host,bisnis.tempo.co,15,2,0.333333,0.151763,0.582865
knn/minilm/test__1nn,host,health.kompas.com,21,0,0.714286,0.500436,0.861861
knn/minilm/test__1nn,host,megapolitan.kompas.com,12,0,0.5,0.253782,0.746218
knn/minilm/test__1nn,host,nasional.sindonews.com,38,30,0.631579,0.47284,0.766158
knn/minilm/test__1nn,host,lifestyle.kompas.com,18,1,0.333333,0.162788,0.562505
knn/minilm/test__1nn,host,inet.detik.com,26,6,0.615385,0.425349,0.775714
knn/minilm/test__1nn,host,news.detik.com,29,6,0.62069,0.440025,0.77312
knn/minilm/test__1nn,host,otomotif.kompas.com,21,5,0.571429,0.365466,0.7553
knn/minilm/test__1nn,host,otomotif.sindonews.com,18,6,0.722222,0.491273,0.875002
knn/minilm/test__1nn,host,money.kompas.com,8,0,0.5,0.215216,0.784784
knn/minilm/test__1nn,host,edukasi.sindonews.com,23,8,0.608696,0.407855,0.778424
knn/minilm/test__1nn,host,surabaya.kompas.com,1,0,1.0,0.206549,1.0
knn/minilm/test__1nn,host,travel.tempo.co,21,1,0.666667,0.453735,0.828052
knn/minilm/test__1nn,host,food.detik.com,31,2,0.612903,0.438241,0.762669
knn/minilm/test__1nn,host,daerah.sindonews.com,12,0,0.416667,0.19326,0.680489
knn/minilm/test__1nn,host,gaya.tempo.co,23,0,0.652174,0.448903,0.811887
knn/minilm/test__1nn,host,finance.detik.com,35,8,0.514286,0.355688,0.670058
knn/minilm/test__1nn,host,dunia.tempo.co,7,0,0.857143,0.486872,0.97432
knn/minilm/test__1nn,host,seleb.tempo.co,11,0,0.727273,0.434355,0.902539
knn/minilm/test__1nn,host,sport.detik.com,20,0,0.95,0.763869,0.991119
knn/minilm/test__1nn,host,wolipop.detik.com,10,0,0.8,0.490162,0.943318
knn/minilm/test__1nn,host,ekbis.sindonews.com,13,2,0.461538,0.232061,0.708562
knn/minilm/test__1nn,host,tekno.kompas.com,6,1,0.5,0.187616,0.812384
knn/minilm/test__1nn,host,nasional.kompas.com,7,0,0.857143,0.486872,0.97432
knn/minilm/test__1nn,host,regional.kompas.com,6,0,0.5,0.187616,0.812384
knn/minilm/test__1nn,host,international.sindonews.com,11,0,0.909091,0.622642,0.983768
knn/minilm/test__1nn,host,hot.detik.com,17,1,0.705882,0.468669,0.8672
knn/minilm/test__1nn,host,makassar.kompas.com,1,0,0.0,0.0,0.793451
knn/minilm/test__1nn,host,sains.sindonews.com,13,0,0.615385,0.355229,0.822903
knn/minilm/test__1nn,host,go.kompas.com,1,1,1.0,0.206549,1.0
knn/minilm/test__1nn,host,bola.kompas.com,3,0,1.0,0.438503,1.0
knn/minilm/test__1nn,host,nasional.tempo.co,1,0,1.0,0.206549,1.0
knn/minilm/test__1nn,host,bandung.kompas.com,1,0,1.0,0.206549,1.0
knn/minilm/test__1nn,section,global,13,0,0.769231,0.497436,0.918205
knn/minilm/test__1nn,section,skola,9,0,0.666667,0.354202,0.879416
knn/minilm/test__1nn,section,sports,179,9,0.98324,0.951891,0.994284
knn/minilm/test__1nn,section,biz,420,420,0.816667,0.776847,0.850746
knn/minilm/test__1nn,section,sport,40,0,0.925,0.801358,0.974164
knn/minilm/test__1nn,section,tekno,67,22,0.61194,0.492231,0.71951
knn/minilm/test__1nn,section,homey,10,1,0.7,0.396778,0.892209
knn/minilm/test__1nn,section,tren,9,0,0.777778,0.452589,0.936775
knn/minilm/test__1nn,section,siaran-pers,170,170,0.888235,0.83204,0.927272
knn/minilm/test__1nn,section,lifestyle,59,5,0.644068,0.516555,0.753967
knn/minilm/test__1nn,section,news,158,6,0.85443,0.791036,0.901
knn/minilm/test__1nn,section,globenewswire,364,364,0.958791,0.933129,0.97487
knn/minilm/test__1nn,section,oto,11,4,0.454545,0.212713,0.719908
knn/minilm/test__1nn,section,otomotif,55,12,0.618182,0.486092,0.73484
knn/minilm/test__1nn,section,entertainment,9,0,0.777778,0.452589,0.936775
knn/minilm/test__1nn,section,metro,7,0,0.857143,0.486872,0.97432
knn/minilm/test__1nn,section,bola,29,0,0.965517,0.828245,0.993887
knn/minilm/test__1nn,section,health,32,1,0.65625,0.483111,0.795896
knn/minilm/test__1nn,section,bisnis,15,2,0.333333,0.151763,0.582865
knn/minilm/test__1nn,section,business,16,0,0.75,0.505017,0.898179
knn/minilm/test__1nn,section,digital,17,4,0.647059,0.413004,0.826903
knn/minilm/test__1nn,section,megapolitan,12,0,0.5,0.253782,0.746218
knn/minilm/test__1nn,section,edukasi,33,8,0.545455,0.379859,0.701571
knn/minilm/test__1nn,section,nasional,46,30,0.673913,0.529677,0.791341
knn/minilm/test__1nn,section,inet,26,6,0.615385,0.425349,0.775714
knn/minilm/test__1nn,section,money,8,0,0.5,0.215216,0.784784
knn/minilm/test__1nn,section,surabaya,1,0,1.0,0.206549,1.0
knn/minilm/test__1nn,section,travel,21,1,0.666667,0.453735,0.828052
knn/minilm/test__1nn,section,food,52,2,0.692308,0.557304,0.800853
knn/minilm/test__1nn,section,daerah,12,0,0.416667,0.19326,0.680489
knn/minilm/test__1nn,section,gaya,23,0,0.652174,0.448903,0.811887
knn/minilm/test__1nn,section,showbiz,24,1,0.875,0.689961,0.956557
knn/minilm/test__1nn,section,berita,13,0,0.769231,0.497436,0.918205
knn/minilm/test__1nn,section,properti,10,0,0.5,0.236593,0.763407
knn/minilm/test__1nn,section,finance,35,8,0.514286,0.355688,0.670058
knn/minilm/test__1nn,section,trending,4,0,1.0,0.510109,1.0
knn/minilm/test__1nn,section,dunia,7,0,0.857143,0.486872,0.97432
knn/minilm/test__1nn,section,seleb,11,0,0.727273,0.434355,0.902539
knn/minilm/test__1nn,section,wolipop,10,0,0.8,0.490162,0.943318
knn/minilm/test__1nn,section,ekbis,13,2,0.461538,0.232061,0.708562
knn/minilm/test__1nn,section,politics,16,0,0.9375,0.716713,0.988881
knn/minilm/test__1nn,section,opinion,9,0,1.0,0.700855,1.0
knn/minilm/test__1nn,section,gaya-hidup,16,1,0.625,0.38641,0.815188
knn/minilm/test__1nn,section,regional,6,0,0.5,0.187616,0.812384
knn/minilm/test__1nn,section,ragam,11,0,1.0,0.741167,1.0
knn/minilm/test__1nn,section,international,11,0,0.909091,0.622642,0.983768
knn/minilm/test__1nn,section,hot,17,1,0.705882,0.468669,0.8672
knn/minilm/test__1nn,section,makassar,1,0,0.0,0.0,0.793451
knn/minilm/test__1nn,section,sains,13,0,0.615385,0.355229,0.822903
knn/minilm/test__1nn,section,go,1,1,1.0,0.206549,1.0
knn/minilm/test__1nn,section,militer,2,0,0.5,0.094531,0.905469
knn/minilm/test__1nn,section,life,7,0,0.571429,0.250458,0.84178
knn/minilm/test__1nn,section,sponsored-sections,1,0,1.0,0.206549,1.0
knn/minilm/test__1nn,section,badminton,1,0,1.0,0.206549,1.0
knn/minilm/test__1nn,section,edu,2,0,1.0,0.34238,1.0
knn/minilm/test__1nn,section,bandung,1,0,1.0,0.206549,1.0
knn/minilm/test__weighted_k5,host,kompas.com,79,1,0.734177,0.62757,0.819067
knn/minilm/test__weighted_k5,host,thestar.com,717,364,0.95258,0.934467,0.96587
knn/minilm/test__weighted_k5,host,biz.kompas.com,420,420,0.87619,0.84124,0.904322
knn/minilm/test__weighted_k5,host,sport.tempo.co,14,0,1.0,0.784689,1.0
knn/minilm/test__weighted_k5,host,tekno.tempo.co,19,2,0.684211,0.460104,0.846356
knn/minilm/test__weighted_k5,host,viva.co.id,292,177,0.832192,0.785077,0.870679
knn/minilm/test__weighted_k5,host,lifestyle.sindonews.com,41,4,0.756098,0.606567,0.86175
knn/minilm/test__weighted_k5,host,oto.detik.com,11,4,0.636364,0.353801,0.848335
knn/minilm/test__weighted_k5,host,otomotif.tempo.co,13,0,0.769231,0.497436,0.918205
knn/minilm/test__weighted_k5,host,tekno.sindonews.com,42,19,0.595238,0.444943,0.729571
knn/minilm/test__weighted_k5,host,metro.tempo.co,7,0,1.0,0.64567,1.0
knn/minilm/test__weighted_k5,host,bola.tempo.co,10,0,0.9,0.59585,0.982124
knn/minilm/test__weighted_k5,host,sports.sindonews.com,9,9,0.777778,0.452589,0.936775
knn/minilm/test__weighted_k5,host,health.detik.com,11,1,0.363636,0.151665,0.646199
knn/minilm/test__weighted_k5,host,bisnis.tempo.co,15,2,0.333333,0.151763,0.582865
knn/minilm/test__weighted_k5,host,health.kompas.com,21,0,0.714286,0.500436,0.861861
knn/minilm/test__weighted_k5,host,megapolitan.kompas.com,12,0,0.666667,0.390622,0.86188
knn/minilm/test__weighted_k5,host,nasional.sindonews.com,38,30,0.684211,0.525442,0.809154
knn/minilm/test__weighted_k5,host,lifestyle.kompas.com,18,1,0.444444,0.245595,0.662836
knn/minilm/test__weighted_k5,host,inet.detik.com,26,6,0.692308,0.500117,0.834987
knn/minilm/test__weighted_k5,host,news.detik.com,29,6,0.724138,0.542829,0.853012
knn/minilm/test__weighted_k5,host,otomotif.kompas.com,21,5,0.714286,0.500436,0.861861
knn/minilm/test__weighted_k5,host,otomotif.sindonews.com,18,6,0.777778,0.547854,0.909991
knn/minilm/test__weighted_k5,host,money.kompas.com,8,0,0.375,0.136844,0.694258
knn/minilm/test__weighted_k5,host,edukasi.sindonews.com,23,8,0.695652,0.491342,0.84396
knn/minilm/test__weighted_k5,host,surabaya.kompas.com,1,0,1.0,0.206549,1.0
knn/minilm/test__weighted_k5,host,travel.tempo.co,21,1,0.666667,0.453735,0.828052
knn/minilm/test__weighted_k5,host,food.detik.com,31,2,0.709677,0.534077,0.839042
knn/minilm/test__weighted_k5,host,daerah.sindonews.com,12,0,0.583333,0.319511,0.80674
knn/minilm/test__weighted_k5,host,gaya.tempo.co,23,0,0.434783,0.256346,0.631886
knn/minilm/test__weighted_k5,host,finance.detik.com,35,8,0.514286,0.355688,0.670058
knn/minilm/test__weighted_k5,host,dunia.tempo.co,7,0,0.714286,0.358934,0.917781
knn/minilm/test__weighted_k5,host,seleb.tempo.co,11,0,0.818182,0.523019,0.948632
knn/minilm/test__weighted_k5,host,sport.detik.com,20,0,0.95,0.763869,0.991119
knn/minilm/test__weighted_k5,host,wolipop.detik.com,10,0,0.9,0.59585,0.982124
knn/minilm/test__weighted_k5,host,ekbis.sindonews.com,13,2,0.307692,0.126807,0.576307
knn/minilm/test__weighted_k5,host,tekno.kompas.com,6,1,0.666667,0.299993,0.903229
knn/minilm/test__weighted_k5,host,nasional.kompas.com,7,0,0.857143,0.486872,0.97432
knn/minilm/test__weighted_k5,host,regional.kompas.com,6,0,0.666667,0.299993,0.903229
knn/minilm/test__weighted_k5,host,international.sindonews.com,11,0,0.818182,0.523019,0.948632
knn/minilm/test__weighted_k5,host,hot.detik.com,17,1,0.764706,0.527382,0.90445
knn/minilm/test__weighted_k5,host,makassar.kompas.com,1,0,0.0,0.0,0.793451
knn/minilm/test__weighted_k5,host,sains.sindonews.com,13,0,0.923077,0.66686,0.98629
knn/minilm/test__weighted_k5,host,go.kompas.com,1,1,1.0,0.206549,1.0
knn/minilm/test__weighted_k5,host,bola.kompas.com,3,0,1.0,0.438503,1.0
knn/minilm/test__weighted_k5,host,nasional.tempo.co,1,0,0.0,0.0,0.793451
knn/minilm/test__weighted_k5,host,bandung.kompas.com,1,0,1.0,0.206549,1.0
knn/minilm/test__weighted_k5,section,global,13,0,0.615385,0.355229,0.822903
knn/minilm/test__weighted_k5,section,skola,9,0,0.555556,0.266651,0.811221
knn/minilm/test__weighted_k5,section,sports,179,9,0.988827,0.960183,0.996931
knn/minilm/test__weighted_k5,section,biz,420,420,0.87619,0.84124,0.904322
knn/minilm/test__weighted_k5,section,sport,40,0,0.975,0.871186,0.995573
knn/minilm/test__weighted_k5,section,tekno,67,22,0.626866,0.507154,0.732818
knn/minilm/test__weighted_k5,section,homey,10,1,0.6,0.312674,0.83182
knn/minilm/test__weighted_k5,section,tren,9,0,0.888889,0.565,0.980109
knn/minilm/test__weighted_k5,section,siaran-pers,170,170,0.923529,0.873573,0.954768
knn/minilm/test__weighted_k5,section,lifestyle,59,5,0.661017,0.533725,0.768623
knn/minilm/test__weighted_k5,section,news,158,6,0.886076,0.827112,0.926712
knn/minilm/test__weighted_k5,section,globenewswire,364,364,0.967033,0.943269,0.981043
knn/minilm/test__weighted_k5,section,oto,11,4,0.636364,0.353801,0.848335
knn/minilm/test__weighted_k5,section,otomotif,55,12,0.745455,0.616981,0.841879
knn/minilm/test__weighted_k5,section,entertainment,9,0,0.777778,0.452589,0.936775
knn/minilm/test__weighted_k5,section,metro,7,0,1.0,0.64567,1.0
knn/minilm/test__weighted_k5,section,bola,29,0,0.931034,0.780354,0.980879
knn/minilm/test__weighted_k5,section,health,32,1,0.59375,0.4226,0.744804
knn/minilm/test__weighted_k5,section,bisnis,15,2,0.333333,0.151763,0.582865
knn/minilm/test__weighted_k5,section,business,16,0,0.625,0.38641,0.815188
knn/minilm/test__weighted_k5,section,digital,17,4,0.411765,0.216111,0.639946
knn/minilm/test__weighted_k5,section,megapolitan,12,0,0.666667,0.390622,0.86188
knn/minilm/test__weighted_k5,section,edukasi,33,8,0.636364,0.466162,0.778128
knn/minilm/test__weighted_k5,section,nasional,46,30,0.695652,0.551944,0.809202
knn/minilm/test__weighted_k5,section,inet,26,6,0.692308,0.500117,0.834987
knn/minilm/test__weighted_k5,section,money,8,0,0.375,0.136844,0.694258
knn/minilm/test__weighted_k5,section,surabaya,1,0,1.0,0.206549,1.0
knn/minilm/test__weighted_k5,section,travel,21,1,0.666667,0.453735,0.828052
knn/minilm/test__weighted_k5,section,food,52,2,0.769231,0.638662,0.862757
knn/minilm/test__weighted_k5,section,daerah,12,0,0.583333,0.319511,0.80674
knn/minilm/test__weighted_k5,section,gaya,23,0,0.434783,0.256346,0.631886
knn/minilm/test__weighted_k5,section,showbiz,24,1,0.875,0.689961,0.956557
knn/minilm/test__weighted_k5,section,berita,13,0,0.538462,0.291438,0.767939
knn/minilm/test__weighted_k5,section,properti,10,0,0.6,0.312674,0.83182
knn/minilm/test__weighted_k5,section,finance,35,8,0.514286,0.355688,0.670058
knn/minilm/test__weighted_k5,section,trending,4,0,1.0,0.510109,1.0
knn/minilm/test__weighted_k5,section,dunia,7,0,0.714286,0.358934,0.917781
knn/minilm/test__weighted_k5,section,seleb,11,0,0.818182,0.523019,0.948632
knn/minilm/test__weighted_k5,section,wolipop,10,0,0.9,0.59585,0.982124
knn/minilm/test__weighted_k5,section,ekbis,13,2,0.307692,0.126807,0.576307
knn/minilm/test__weighted_k5,section,politics,16,0,0.9375,0.716713,0.988881
knn/minilm/test__weighted_k5,section,opinion,9,0,1.0,0.700855,1.0
knn/minilm/test__weighted_k5,section,gaya-hidup,16,1,0.375,0.184812,0.61359
knn/minilm/test__weighted_k5,section,regional,6,0,0.666667,0.299993,0.903229
knn/minilm/test__weighted_k5,section,ragam,11,0,1.0,0.741167,1.0
knn/minilm/test__weighted_k5,section,international,11,0,0.818182,0.523019,0.948632
knn/minilm/test__weighted_k5,section,hot,17,1,0.764706,0.527382,0.90445
knn/minilm/test__weighted_k5,section,makassar,1,0,0.0,0.0,0.793451
knn/minilm/test__weighted_k5,section,sains,13,0,0.923077,0.66686,0.98629
knn/minilm/test__weighted_k5,section,go,1,1,1.0,0.206549,1.0
knn/minilm/test__weighted_k5,section,militer,2,0,1.0,0.34238,1.0
knn/minilm/test__weighted_k5,section,life,7,0,0.571429,0.250458,0.84178
knn/minilm/test__weighted_k5,section,sponsored-sections,1,0,1.0,0.206549,1.0
knn/minilm/test__weighted_k5,section,badminton,1,0,1.0,0.206549,1.0
knn/minilm/test__weighted_k5,section,edu,2,0,1.0,0.34238,1.0
knn/minilm/test__weighted_k5,section,bandung,1,0,1.0,0.206549,1.0
knn/minilm/test__weighted_k5_lang-cross,host,kompas.com,79,1,0.43038,0.326938,0.540278
knn/minilm/test__weighted_k5_lang-cross,host,thestar.com,717,364,0.811715,0.781467,0.838642
knn/minilm/test__weighted_k5_lang-cross,host,biz.kompas.com,420,420,0.811905,0.771767,0.846389
knn/minilm/test__weighted_k5_lang-cross,host,sport.tempo.co,14,0,0.5,0.267992,0.732008
knn/minilm/test__weighted_k5_lang-cross,host,tekno.tempo.co,19,2,0.368421,0.191495,0.589605
knn/minilm/test__weighted_k5_lang-cross,host,viva.co.id,292,177,0.589041,0.531808,0.643962
knn/minilm/test__weighted_k5_lang-cross,host,lifestyle.sindonews.com,41,4,0.634146,0.481207,0.764102
knn/minilm/test__weighted_k5_lang-cross,host,oto.detik.com,11,4,0.363636,0.151665,0.646199
knn/minilm/test__weighted_k5_lang-cross,host,otomotif.tempo.co,13,0,0.307692,0.126807,0.576307
knn/minilm/test__weighted_k5_lang-cross,host,tekno.sindonews.com,42,19,0.47619,0.333596,0.622775
knn/minilm/test__weighted_k5_lang-cross,host,metro.tempo.co,7,0,0.571429,0.250458,0.84178
knn/minilm/test__weighted_k5_lang-cross,host,bola.tempo.co,10,0,0.7,0.396778,0.892209
knn/minilm/test__weighted_k5_lang-cross,host,sports.sindonews.com,9,9,0.666667,0.354202,0.879416
knn/minilm/test__weighted_k5_lang-cross,host,health.detik.com,11,1,0.636364,0.353801,0.848335
knn/minilm/test__weighted_k5_lang-cross,host,bisnis.tempo.co,15,2,0.266667,0.108975,0.519504
knn/minilm/test__weighted_k5_lang-cross,host,health.kompas.com,21,0,0.285714,0.138139,0.499564
knn/minilm/test__weighted_k5_lang-cross,host,megapolitan.kompas.com,12,0,0.75,0.467695,0.911058
knn/minilm/test__weighted_k5_lang-cross,host,nasional.sindonews.com,38,30,0.684211,0.525442,0.809154
knn/minilm/test__weighted_k5_lang-cross,host,lifestyle.kompas.com,18,1,0.388889,0.203052,0.61381
knn/minilm/test__weighted_k5_lang-cross,host,inet.detik.com,26,6,0.5,0.320606,0.679394
knn/minilm/test__weighted_k5_lang-cross,host,news.detik.com,29,6,0.586207,0.407378,0.744868
knn/minilm/test__weighted_k5_lang-cross,host,otomotif.kompas.com,21,5,0.238095,0.10628,0.450912
knn/minilm/test__weighted_k5_lang-cross,host,otomotif.sindonews.com,18,6,0.444444,0.245595,0.662836
knn/minilm/test__weighted_k5_lang-cross,host,money.kompas.com,8,0,0.0,0.0,0.324408
knn/minilm/test__weighted_k5_lang-cross,host,edukasi.sindonews.com,23,8,0.434783,0.256346,0.631886
knn/minilm/test__weighted_k5_lang-cross,host,surabaya.kompas.com,1,0,1.0,0.206549,1.0
knn/minilm/test__weighted_k5_lang-cross,host,travel.tempo.co,21,1,0.619048,0.408787,0.79249
knn/minilm/test__weighted_k5_lang-cross,host,food.detik.com,31,2,0.548387,0.377722,0.708383
knn/minilm/test__weighted_k5_lang-cross,host,daerah.sindonews.com,12,0,0.583333,0.319511,0.80674
knn/minilm/test__weighted_k5_lang-cross,host,gaya.tempo.co,23,0,0.478261,0.292372,0.670373
knn/minilm/test__weighted_k5_lang-cross,host,finance.detik.com,35,8,0.371429,0.231658,0.536631
knn/minilm/test__weighted_k5_lang-cross,host,dunia.tempo.co,7,0,0.571429,0.250458,0.84178
knn/minilm/test__weighted_k5_lang-cross,host,seleb.tempo.co,11,0,0.272727,0.097461,0.565645
knn/minilm/test__weighted_k5_lang-cross,host,sport.detik.com,20,0,0.65,0.432854,0.818808
knn/minilm/test__weighted_k5_lang-cross,host,wolipop.detik.com,10,0,0.5,0.236593,0.763407
knn/minilm/test__weighted_k5_lang-cross,host,ekbis.sindonews.com,13,2,0.307692,0.126807,0.576307
knn/minilm/test__weighted_k5_lang-cross,host,tekno.kompas.com,6,1,0.166667,0.030053,0.563503
knn/minilm/test__weighted_k5_lang-cross,host,nasional.kompas.com,7,0,0.857143,0.486872,0.97432
knn/minilm/test__weighted_k5_lang-cross,host,regional.kompas.com,6,0,0.5,0.187616,0.812384
knn/minilm/test__weighted_k5_lang-cross,host,international.sindonews.com,11,0,0.909091,0.622642,0.983768
knn/minilm/test__weighted_k5_lang-cross,host,hot.detik.com,17,1,0.411765,0.216111,0.639946
knn/minilm/test__weighted_k5_lang-cross,host,makassar.kompas.com,1,0,1.0,0.206549,1.0
knn/minilm/test__weighted_k5_lang-cross,host,sains.sindonews.com,13,0,0.307692,0.126807,0.576307
knn/minilm/test__weighted_k5_lang-cross,host,go.kompas.com,1,1,1.0,0.206549,1.0
knn/minilm/test__weighted_k5_lang-cross,host,bola.kompas.com,3,0,1.0,0.438503,1.0
knn/minilm/test__weighted_k5_lang-cross,host,nasional.tempo.co,1,0,0.0,0.0,0.793451
knn/minilm/test__weighted_k5_lang-cross,host,bandung.kompas.com,1,0,1.0,0.206549,1.0
knn/minilm/test__weighted_k5_lang-cross,section,global,13,0,0.692308,0.423693,0.873193
knn/minilm/test__weighted_k5_lang-cross,section,skola,9,0,0.111111,0.019891,0.435
knn/minilm/test__weighted_k5_lang-cross,section,sports,179,9,0.98324,0.951891,0.994284
knn/minilm/test__weighted_k5_lang-cross,section,biz,420,420,0.811905,0.771767,0.846389
knn/minilm/test__weighted_k5_lang-cross,section,sport,40,0,0.6,0.445959,0.736517
knn/minilm/test__weighted_k5_lang-cross,section,tekno,67,22,0.41791,0.307423,0.537301
knn/minilm/test__weighted_k5_lang-cross,section,homey,10,1,0.2,0.056682,0.509838
knn/minilm/test__weighted_k5_lang-cross,section,tren,9,0,0.222222,0.063225,0.547411
knn/minilm/test__weighted_k5_lang-cross,section,siaran-pers,170,170,0.652941,0.578717,0.720406
knn/minilm/test__weighted_k5_lang-cross,section,lifestyle,59,5,0.559322,0.432894,0.678498
knn/minilm/test__weighted_k5_lang-cross,section,news,158,6,0.759494,0.687201,0.819468
knn/minilm/test__weighted_k5_lang-cross,section,globenewswire,364,364,0.763736,0.717485,0.804479
knn/minilm/test__weighted_k5_lang-cross,section,oto,11,4,0.363636,0.151665,0.646199
knn/minilm/test__weighted_k5_lang-cross,section,otomotif,55,12,0.327273,0.218131,0.458968
knn/minilm/test__weighted_k5_lang-cross,section,entertainment,9,0,0.888889,0.565,0.980109
knn/minilm/test__weighted_k5_lang-cross,section,metro,7,0,0.571429,0.250458,0.84178
knn/minilm/test__weighted_k5_lang-cross,section,bola,29,0,0.862069,0.69441,0.945026
knn/minilm/test__weighted_k5_lang-cross,section,health,32,1,0.40625,0.255196,0.5774
knn/minilm/test__weighted_k5_lang-cross,section,bisnis,15,2,0.266667,0.108975,0.519504
knn/minilm/test__weighted_k5_lang-cross,section,business,16,0,0.1875,0.065916,0.430089
knn/minilm/test__weighted_k5_lang-cross,section,digital,17,4,0.235294,0.09555,0.472618
knn/minilm/test__weighted_k5_lang-cross,section,megapolitan,12,0,0.75,0.467695,0.911058
knn/minilm/test__weighted_k5_lang-cross,section,edukasi,33,8,0.363636,0.221872,0.533838
knn/minilm/test__weighted_k5_lang-cross,section,nasional,46,30,0.695652,0.551944,0.809202
knn/minilm/test__weighted_k5_lang-cross,section,inet,26,6,0.5,0.320606,0.679394
knn/minilm/test__weighted_k5_lang-cross,section,money,8,0,0.0,0.0,0.324408
knn/minilm/test__weighted_k5_lang-cross,section,surabaya,1,0,1.0,0.206549,1.0
knn/minilm/test__weighted_k5_lang-cross,section,travel,21,1,0.619048,0.408787,0.79249
knn/minilm/test__weighted_k5_lang-cross,section,food,52,2,0.519231,0.386857,0.648959
knn/minilm/test__weighted_k5_lang-cross,section,daerah,12,0,0.583333,0.319511,0.80674
knn/minilm/test__weighted_k5_lang-cross,section,gaya,23,0,0.478261,0.292372,0.670373
knn/minilm/test__weighted_k5_lang-cross,section,showbiz,24,1,0.625,0.4271,0.788406
knn/minilm/test__weighted_k5_lang-cross,section,berita,13,0,0.384615,0.177097,0.644771
knn/minilm/test__weighted_k5_lang-cross,section,properti,10,0,0.4,0.16818,0.687326
knn/minilm/test__weighted_k5_lang-cross,section,finance,35,8,0.371429,0.231658,0.536631
knn/minilm/test__weighted_k5_lang-cross,section,trending,4,0,0.5,0.150039,0.849961
knn/minilm/test__weighted_k5_lang-cross,section,dunia,7,0,0.571429,0.250458,0.84178
knn/minilm/test__weighted_k5_lang-cross,section,seleb,11,0,0.272727,0.097461,0.565645
knn/minilm/test__weighted_k5_lang-cross,section,wolipop,10,0,0.5,0.236593,0.763407
knn/minilm/test__weighted_k5_lang-cross,section,ekbis,13,2,0.307692,0.126807,0.576307
knn/minilm/test__weighted_k5_lang-cross,section,politics,16,0,0.75,0.505017,0.898179
knn/minilm/test__weighted_k5_lang-cross,section,opinion,9,0,0.555556,0.266651,0.811221
knn/minilm/test__weighted_k5_lang-cross,section,gaya-hidup,16,1,0.375,0.184812,0.61359
knn/minilm/test__weighted_k5_lang-cross,section,regional,6,0,0.5,0.187616,0.812384
knn/minilm/test__weighted_k5_lang-cross,section,ragam,11,0,0.454545,0.212713,0.719908
knn/minilm/test__weighted_k5_lang-cross,section,international,11,0,0.909091,0.622642,0.983768
knn/minilm/test__weighted_k5_lang-cross,section,hot,17,1,0.411765,0.216111,0.639946
knn/minilm/test__weighted_k5_lang-cross,section,makassar,1,0,1.0,0.206549,1.0
knn/minilm/test__weighted_k5_lang-cross,section,sains,13,0,0.307692,0.126807,0.576307
knn/minilm/test__weighted_k5_lang-cross,section,go,1,1,1.0,0.206549,1.0
knn/minilm/test__weighted_k5_lang-cross,section,militer,2,0,1.0,0.34238,1.0
knn/minilm/test__weighted_k5_lang-cross,section,life,7,0,0.857143,0.486872,0.97432
knn/minilm/test__weighted_k5_lang-cross,section,sponsored-sections,1,0,1.0,0.206549,1.0
knn/minilm/test__weighted_k5_lang-cross,section,badminton,1,0,1.0,0.206549,1.0
knn/minilm/test__weighted_k5_lang-cross,section,edu,2,0,0.5,0.094531,0.905469
knn/minilm/test__weighted_k5_lang-cross,section,bandung,1,0,1.0,0.206549,1.0
knn/minilm/test__weighted_k5_lang-same,host,kompas.com,79,1,0.734177,0.62757,0.819067
knn/minilm/test__weighted_k5_lang-same,host,thestar.com,717,364,0.956764,0.939284,0.969376
knn/minilm/test__weighted_k5_lang-same,host,biz.kompas.com,420,420,0.87619,0.84124,0.904322
knn/minilm/test__weighted_k5_lang-same,host,sport.tempo.co,14,0,1.0,0.784689,1.0
knn/minilm/test__weighted_k5_lang-same,host,tekno.tempo.co,19,2,0.684211,0.460104,0.846356
knn/minilm/test__weighted_k5_lang-same,host,viva.co.id,292,177,0.832192,0.785077,0.870679
knn/minilm/test__weighted_k5_lang-same,host,lifestyle.sindonews.com,41,4,0.756098,0.606567,0.86175
knn/minilm/test__weighted_k5_lang-same,host,oto.detik.com,11,4,0.636364,0.353801,0.848335
knn/minilm/test__weighted_k5_lang-same,host,otomotif.tempo.co,13,0,0.769231,0.497436,0.918205
knn/minilm/test__weighted_k5_lang-same,host,tekno.sindonews.com,42,19,0.595238,0.444943,0.729571
knn/minilm/test__weighted_k5_lang-same,host,metro.tempo.co,7,0,1.0,0.64567,1.0
knn/minilm/test__weighted_k5_lang-same,host,bola.tempo.co,10,0,0.9,0.59585,0.982124
knn/minilm/test__weighted_k5_lang-same,host,sports.sindonews.com,9,9,0.777778,0.452589,0.936775
knn/minilm/test__weighted_k5_lang-same,host,health.detik.com,11,1,0.363636,0.151665,0.646199
knn/minilm/test__weighted_k5_lang-same,host,bisnis.tempo.co,15,2,0.333333,0.151763,0.582865
knn/minilm/test__weighted_k5_lang-same,host,health.kompas.com,21,0,0.714286,0.500436,0.861861
knn/minilm/test__weighted_k5_lang-same,host,megapolitan.kompas.com,12,0,0.666667,0.390622,0.86188
knn/minilm/test__weighted_k5_lang-same,host,nasional.sindonews.com,38,30,0.684211,0.525442,0.809154
knn/minilm/test__weighted_k5_lang-same,host,lifestyle.kompas.com,18,1,0.444444,0.245595,0.662836
knn/minilm/test__weighted_k5_lang-same,host,inet.detik.com,26,6,0.692308,0.500117,0.834987
knn/minilm/test__weighted_k5_lang-same,host,news.detik.com,29,6,0.724138,0.542829,0.853012
knn/minilm/test__weighted_k5_lang-same,host,otomotif.kompas.com,21,5,0.714286,0.500436,0.861861
knn/minilm/test__weighted_k5_lang-same,host,otomotif.sindonews.com,18,6,0.777778,0.547854,0.909991
knn/minilm/test__weighted_k5_lang-same,host,money.kompas.com,8,0,0.375,0.136844,0.694258
knn/minilm/test__weighted_k5_lang-same,host,edukasi.sindonews.com,23,8,0.695652,0.491342,0.84396
knn/minilm/test__weighted_k5_lang-same,host,surabaya.kompas.com,1,0,1.0,0.206549,1.0
knn/minilm/test__weighted_k5_lang-same,host,travel.tempo.co,21,1,0.666667,0.453735,0.828052
knn/minilm/test__weighted_k5_lang-same,host,food.detik.com,31,2,0.709677,0.534077,0.839042
knn/minilm/test__weighted_k5_lang-same,host,daerah.sindonews.com,12,0,0.583333,0.319511,0.80674
knn/minilm/test__weighted_k5_lang-same,host,gaya.tempo.co,23,0,0.434783,0.256346,0.631886
knn/minilm/test__weighted_k5_lang-same,host,finance.detik.com,35,8,0.514286,0.355688,0.670058
knn/minilm/test__weighted_k5_lang-same,host,dunia.tempo.co,7,0,0.714286,0.358934,0.917781
knn/minilm/test__weighted_k5_lang-same,host,seleb.tempo.co,11,0,0.818182,0.523019,0.948632
knn/minilm/test__weighted_k5_lang-same,host,sport.detik.com,20,0,0.95,0.763869,0.991119
knn/minilm/test__weighted_k5_lang-same,host,wolipop.detik.com,10,0,0.9,0.59585,0.982124
knn/minilm/test__weighted_k5_lang-same,host,ekbis.sindonews.com,13,2,0.307692,0.126807,0.576307
knn/minilm/test__weighted_k5_lang-same,host,tekno.kompas.com,6,1,0.666667,0.299993,0.903229
knn/minilm/test__weighted_k5_lang-same,host,nasional.kompas.com,7,0,0.857143,0.486872,0.97432
knn/minilm/test__weighted_k5_lang-same,host,regional.kompas.com,6,0,0.666667,0.299993,0.903229
knn/minilm/test__weighted_k5_lang-same,host,international.sindonews.com,11,0,0.818182,0.523019,0.948632
knn/minilm/test__weighted_k5_lang-same,host,hot.detik.com,17,1,0.764706,0.527382,0.90445
knn/minilm/test__weighted_k5_lang-same,host,makassar.kompas.com,1,0,0.0,0.0,0.793451
knn/minilm/test__weighted_k5_lang-same,host,sains.sindonews.com,13,0,0.923077,0.66686,0.98629
knn/minilm/test__weighted_k5_lang-same,host,go.kompas.com,1,1,0.0,0.0,0.793451
knn/minilm/test__weighted_k5_lang-same,host,bola.kompas.com,3,0,1.0,0.438503,1.0
knn/minilm/test__weighted_k5_lang-same,host,nasional.tempo.co,1,0,0.0,0.0,0.793451
knn/minilm/test__weighted_k5_lang-same,host,bandung.kompas.com,1,0,1.0,0.206549,1.0
knn/minilm/test__weighted_k5_lang-same,section,global,13,0,0.615385,0.355229,0.822903
knn/minilm/test__weighted_k5_lang-same,section,skola,9,0,0.555556,0.266651,0.811221
knn/minilm/test__weighted_k5_lang-same,section,sports,179,9,0.988827,0.960183,0.996931
knn/minilm/test__weighted_k5_lang-same,section,biz,420,420,0.87619,0.84124,0.904322
knn/minilm/test__weighted_k5_lang-same,section,sport,40,0,0.975,0.871186,0.995573
knn/minilm/test__weighted_k5_lang-same,section,tekno,67,22,0.626866,0.507154,0.732818
knn/minilm/test__weighted_k5_lang-same,section,homey,10,1,0.6,0.312674,0.83182
knn/minilm/test__weighted_k5_lang-same,section,tren,9,0,0.888889,0.565,0.980109
knn/minilm/test__weighted_k5_lang-same,section,siaran-pers,170,170,0.923529,0.873573,0.954768
knn/minilm/test__weighted_k5_lang-same,section,lifestyle,59,5,0.661017,0.533725,0.768623
knn/minilm/test__weighted_k5_lang-same,section,news,158,6,0.886076,0.827112,0.926712
knn/minilm/test__weighted_k5_lang-same,section,globenewswire,364,364,0.96978,0.946705,0.983044
knn/minilm/test__weighted_k5_lang-same,section,oto,11,4,0.636364,0.353801,0.848335
knn/minilm/test__weighted_k5_lang-same,section,otomotif,55,12,0.745455,0.616981,0.841879
knn/minilm/test__weighted_k5_lang-same,section,entertainment,9,0,0.777778,0.452589,0.936775
knn/minilm/test__weighted_k5_lang-same,section,metro,7,0,1.0,0.64567,1.0
knn/minilm/test__weighted_k5_lang-same,section,bola,29,0,0.931034,0.780354,0.980879
knn/minilm/test__weighted_k5_lang-same,section,health,32,1,0.59375,0.4226,0.744804
knn/minilm/test__weighted_k5_lang-same,section,bisnis,15,2,0.333333,0.151763,0.582865
knn/minilm/test__weighted_k5_lang-same,section,business,16,0,0.625,0.38641,0.815188
knn/minilm/test__weighted_k5_lang-same,section,digital,17,4,0.411765,0.216111,0.639946
knn/minilm/test__weighted_k5_lang-same,section,megapolitan,12,0,0.666667,0.390622,0.86188
knn/minilm/test__weighted_k5_lang-same,section,edukasi,33,8,0.636364,0.466162,0.778128
knn/minilm/test__weighted_k5_lang-same,section,nasional,46,30,0.695652,0.551944,0.809202
knn/minilm/test__weighted_k5_lang-same,section,inet,26,6,0.692308,0.500117,0.834987
knn/minilm/test__weighted_k5_lang-same,section,money,8,0,0.375,0.136844,0.694258
knn/minilm/test__weighted_k5_lang-same,section,surabaya,1,0,1.0,0.206549,1.0
knn/minilm/test__weighted_k5_lang-same,section,travel,21,1,0.666667,0.453735,0.828052
knn/minilm/test__weighted_k5_lang-same,section,food,52,2,0.769231,0.638662,0.862757
knn/minilm/test__weighted_k5_lang-same,section,daerah,12,0,0.583333,0.319511,0.80674
knn/minilm/test__weighted_k5_lang-same,section,gaya,23,0,0.434783,0.256346,0.631886
knn/minilm/test__weighted_k5_lang-same,section,showbiz,24,1,0.875,0.689961,0.956557
knn/minilm/test__weighted_k5_lang-same,section,berita,13,0,0.538462,0.291438,0.767939
knn/minilm/test__weighted_k5_lang-same,section,properti,10,0,0.6,0.312674,0.83182
knn/minilm/test__weighted_k5_lang-same,section,finance,35,8,0.514286,0.355688,0.670058
knn/minilm/test__weighted_k5_lang-same,section,trending,4,0,1.0,0.510109,1.0
knn/minilm/test__weighted_k5_lang-same,section,dunia,7,0,0.714286,0.358934,0.917781
knn/minilm/test__weighted_k5_lang-same,section,seleb,11,0,0.818182,0.523019,0.948632
knn/minilm/test__weighted_k5_lang-same,section,wolipop,10,0,0.9,0.59585,0.982124
knn/minilm/test__weighted_k5_lang-same,section,ekbis,13,2,0.307692,0.126807,0.576307
knn/minilm/test__weighted_k5_lang-same,section,politics,16,0,0.9375,0.716713,0.988881
knn/minilm/test__weighted_k5_lang-same,section,opinion,9,0,1.0,0.700855,1.0
knn/minilm/test__weighted_k5_lang-same,section,gaya-hidup,16,1,0.375,0.184812,0.61359
knn/minilm/test__weighted_k5_lang-same,section,regional,6,0,0.666667,0.299993,0.903229
knn/minilm/test__weighted_k5_lang-same,section,ragam,11,0,1.0,0.741167,1.0
knn/minilm/test__weighted_k5_lang-same,section,international,11,0,0.818182,0.523019,0.948632
knn/minilm/test__weighted_k5_lang-same,section,hot,17,1,0.764706,0.527382,0.90445
knn/minilm/test__weighted_k5_lang-same,section,makassar,1,0,0.0,0.0,0.793451
knn/minilm/test__weighted_k5_lang-same,section,sains,13,0,0.923077,0.66686,0.98629
knn/minilm/test__weighted_k5_lang-same,section,go,1,1,0.0,0.0,0.793451
knn/minilm/test__weighted_k5_lang-same,section,militer,2,0,1.0,0.34238,1.0
knn/minilm/test__weighted_k5_lang-same,section,life,7,0,0.857143,0.486872,0.97432
knn/minilm/test__weighted_k5_lang-same,section,sponsored-sections,1,0,1.0,0.206549,1.0
knn/minilm/test__weighted_k5_lang-same,section,badminton,1,0,1.0,0.206549,1.0
knn/minilm/test__weighted_k5_lang-same,section,edu,2,0,1.0,0.34238,1.0
knn/minilm/test__weighted_k5_lang-same,section,bandung,1,0,1.0,0.206549,1.0
knn/minilm/test_xsource__1nn,host,cnnindonesia.com,2367,1205,0.675116,0.655979,0.693686
knn/minilm/test_xsource__1nn,section,teknologi,193,111,0.663212,0.593928,0.726127
knn/minilm/test_xsource__1nn,section,olahraga,291,17,0.800687,0.751003,0.842536
knn/minilm/test_xsource__1nn,section,internasional,216,90,0.699074,0.634866,0.756325
knn/minilm/test_xsource__1nn,section,nasional,749,383,0.666222,0.631678,0.699069
knn/minilm/test_xsource__1nn,section,ekonomi,299,168,0.628763,0.572691,0.681568
knn/minilm/test_xsource__1nn,section,otomotif,16,1,0.6875,0.444044,0.858354
knn/minilm/test_xsource__1nn,section,hiburan,182,103,0.708791,0.639014,0.769937
knn/minilm/test_xsource__1nn,section,gaya-hidup,416,332,0.615385,0.567781,0.660877
knn/minilm/test_xsource__1nn,section,edukasi,5,0,0.6,0.230724,0.882379
knn/minilm/test_xsource__weighted_k5,host,cnnindonesia.com,2367,1205,0.722011,0.703614,0.739688
knn/minilm/test_xsource__weighted_k5,section,teknologi,193,111,0.715026,0.64763,0.774029
knn/minilm/test_xsource__weighted_k5,section,olahraga,291,17,0.865979,0.822034,0.900388
knn/minilm/test_xsource__weighted_k5,section,internasional,216,90,0.773148,0.71281,0.823941
knn/minilm/test_xsource__weighted_k5,section,nasional,749,383,0.70227,0.668558,0.733917
knn/minilm/test_xsource__weighted_k5,section,ekonomi,299,168,0.685619,0.630922,0.735606
knn/minilm/test_xsource__weighted_k5,section,otomotif,16,1,0.75,0.505017,0.898179
knn/minilm/test_xsource__weighted_k5,section,hiburan,182,103,0.769231,0.702835,0.824496
knn/minilm/test_xsource__weighted_k5,section,gaya-hidup,416,332,0.641827,0.594648,0.68641
knn/minilm/test_xsource__weighted_k5,section,edukasi,5,0,0.4,0.117621,0.769276
knn/minilm/test_xsource__weighted_k5_lang-cross,host,cnnindonesia.com,2367,1205,0.69117,0.672261,0.70946
knn/minilm/test_xsource__weighted_k5_lang-cross,section,teknologi,193,111,0.642487,0.572696,0.706717
knn/minilm/test_xsource__weighted_k5_lang-cross,section,olahraga,291,17,0.786942,0.736315,0.830091
knn/minilm/test_xsource__weighted_k5_lang-cross,section,internasional,216,90,0.787037,0.727671,0.836371
knn/minilm/test_xsource__weighted_k5_lang-cross,section,nasional,749,383,0.684913,0.650772,0.717167
knn/minilm/test_xsource__weighted_k5_lang-cross,section,ekonomi,299,168,0.58194,0.525339,0.636462
knn/minilm/test_xsource__weighted_k5_lang-cross,section,otomotif,16,1,0.1875,0.065916,0.430089
knn/minilm/test_xsource__weighted_k5_lang-cross,section,hiburan,182,103,0.681319,0.610473,0.744669
knn/minilm/test_xsource__weighted_k5_lang-cross,section,gaya-hidup,416,332,0.713942,0.668713,0.755257
knn/minilm/test_xsource__weighted_k5_lang-cross,section,edukasi,5,0,0.4,0.117621,0.769276
knn/minilm/test_xsource__weighted_k5_lang-same,host,cnnindonesia.com,2367,1205,0.722011,0.703614,0.739688
knn/minilm/test_xsource__weighted_k5_lang-same,section,teknologi,193,111,0.715026,0.64763,0.774029
knn/minilm/test_xsource__weighted_k5_lang-same,section,olahraga,291,17,0.865979,0.822034,0.900388
knn/minilm/test_xsource__weighted_k5_lang-same,section,internasional,216,90,0.773148,0.71281,0.823941
knn/minilm/test_xsource__weighted_k5_lang-same,section,nasional,749,383,0.70227,0.668558,0.733917
knn/minilm/test_xsource__weighted_k5_lang-same,section,ekonomi,299,168,0.685619,0.630922,0.735606
knn/minilm/test_xsource__weighted_k5_lang-same,section,otomotif,16,1,0.75,0.505017,0.898179
knn/minilm/test_xsource__weighted_k5_lang-same,section,hiburan,182,103,0.769231,0.702835,0.824496
knn/minilm/test_xsource__weighted_k5_lang-same,section,gaya-hidup,416,332,0.641827,0.594648,0.68641
knn/minilm/test_xsource__weighted_k5_lang-same,section,edukasi,5,0,0.4,0.117621,0.769276
