run,field,group,n,n_native_gold,accuracy,acc_ci_low,acc_ci_high
encoders__bert-base-multilingual-cased/test,host,kompas.com,79,1,0.974684,0.912314,0.99303
encoders__bert-base-multilingual-cased/test,host,thestar.com,717,364,0.998605,0.992143,0.999754
encoders__bert-base-multilingual-cased/test,host,biz.kompas.com,420,420,0.995238,0.982806,0.998693
encoders__bert-base-multilingual-cased/test,host,sport.tempo.co,14,0,1.0,0.784689,1.0
encoders__bert-base-multilingual-cased/test,host,tekno.tempo.co,19,2,0.894737,0.686059,0.970641
encoders__bert-base-multilingual-cased/test,host,viva.co.id,292,177,0.941781,0.908752,0.963337
encoders__bert-base-multilingual-cased/test,host,lifestyle.sindonews.com,41,4,0.902439,0.774523,0.961403
encoders__bert-base-multilingual-cased/test,host,oto.detik.com,11,4,0.909091,0.622642,0.983768
encoders__bert-base-multilingual-cased/test,host,otomotif.tempo.co,13,0,1.0,0.771905,1.0
encoders__bert-base-multilingual-cased/test,host,tekno.sindonews.com,42,19,0.714286,0.564328,0.82833
encoders__bert-base-multilingual-cased/test,host,metro.tempo.co,7,0,1.0,0.64567,1.0
encoders__bert-base-multilingual-cased/test,host,bola.tempo.co,10,0,0.9,0.59585,0.982124
encoders__bert-base-multilingual-cased/test,host,sports.sindonews.com,9,9,0.777778,0.452589,0.936775
encoders__bert-base-multilingual-cased/test,host,health.detik.com,11,1,1.0,0.741167,1.0
encoders__bert-base-multilingual-cased/test,host,bisnis.tempo.co,15,2,0.866667,0.62118,0.962639
encoders__bert-base-multilingual-cased/test,host,health.kompas.com,21,0,1.0,0.845361,1.0
encoders__bert-base-multilingual-cased/test,host,megapolitan.kompas.com,12,0,1.0,0.757506,1.0
encoders__bert-base-multilingual-cased/test,host,nasional.sindonews.com,38,30,0.763158,0.607932,0.870063
encoders__bert-base-multilingual-cased/test,host,lifestyle.kompas.com,18,1,0.944444,0.742427,0.990125
encoders__bert-base-multilingual-cased/test,host,inet.detik.com,26,6,0.884615,0.710241,0.959968
encoders__bert-base-multilingual-cased/test,host,news.detik.com,29,6,0.931034,0.780354,0.980879
encoders__bert-base-multilingual-cased/test,host,otomotif.kompas.com,21,5,0.666667,0.453735,0.828052
encoders__bert-base-multilingual-cased/test,host,otomotif.sindonews.com,18,6,0.944444,0.742427,0.990125
encoders__bert-base-multilingual-cased/test,host,money.kompas.com,8,0,0.625,0.305742,0.863156
encoders__bert-base-multilingual-cased/test,host,edukasi.sindonews.com,23,8,0.826087,0.628624,0.930213
encoders__bert-base-multilingual-cased/test,host,surabaya.kompas.com,1,0,1.0,0.206549,1.0
encoders__bert-base-multilingual-cased/test,host,travel.tempo.co,21,1,0.952381,0.773306,0.991544
encoders__bert-base-multilingual-cased/test,host,food.detik.com,31,2,0.870968,0.711476,0.948657
encoders__bert-base-multilingual-cased/test,host,daerah.sindonews.com,12,0,0.833333,0.551969,0.953035
encoders__bert-base-multilingual-cased/test,host,gaya.tempo.co,23,0,1.0,0.856883,1.0
encoders__bert-base-multilingual-cased/test,host,finance.detik.com,35,8,0.714286,0.549451,0.836735
encoders__bert-base-multilingual-cased/test,host,dunia.tempo.co,7,0,1.0,0.64567,1.0
encoders__bert-base-multilingual-cased/test,host,seleb.tempo.co,11,0,1.0,0.741167,1.0
encoders__bert-base-multilingual-cased/test,host,sport.detik.com,20,0,1.0,0.838875,1.0
encoders__bert-base-multilingual-cased/test,host,wolipop.detik.com,10,0,1.0,0.722467,1.0
encoders__bert-base-multilingual-cased/test,host,ekbis.sindonews.com,13,2,0.769231,0.497436,0.918205
encoders__bert-base-multilingual-cased/test,host,tekno.kompas.com,6,1,1.0,0.609666,1.0
encoders__bert-base-multilingual-cased/test,host,nasional.kompas.com,7,0,1.0,0.64567,1.0
encoders__bert-base-multilingual-cased/test,host,regional.kompas.com,6,0,1.0,0.609666,1.0
encoders__bert-base-multilingual-cased/test,host,international.sindonews.com,11,0,1.0,0.741167,1.0
encoders__bert-base-multilingual-cased/test,host,hot.detik.com,17,1,0.941176,0.73018,0.98954
encoders__bert-base-multilingual-cased/test,host,makassar.kompas.com,1,0,1.0,0.206549,1.0
encoders__bert-base-multilingual-cased/test,host,sains.sindonews.com,13,0,0.923077,0.66686,0.98629
encoders__bert-base-multilingual-cased/test,host,go.kompas.com,1,1,1.0,0.206549,1.0
encoders__bert-base-multilingual-cased/test,host,bola.kompas.com,3,0,1.0,0.438503,1.0
encoders__bert-base-multilingual-cased/test,host,nasional.tempo.co,1,0,1.0,0.206549,1.0
encoders__bert-base-multilingual-cased/test,host,bandung.kompas.com,1,0,1.0,0.206549,1.0
encoders__bert-base-multilingual-cased/test,section,global,13,0,1.0,0.771905,1.0
encoders__bert-base-multilingual-cased/test,section,skola,9,0,1.0,0.700855,1.0
encoders__bert-base-multilingual-cased/test,section,sports,179,9,0.988827,0.960183,0.996931
encoders__bert-base-multilingual-cased/test,section,biz,420,420,0.995238,0.982806,0.998693
encoders__bert-base-multilingual-cased/test,section,sport,40,0,1.0,0.912378,1.0
encoders__bert-base-multilingual-cased/test,section,tekno,67,22,0.791045,0.679282,0.871243
encoders__bert-base-multilingual-cased/test,section,homey,10,1,1.0,0.722467,1.0
encoders__bert-base-multilingual-cased/test,section,tren,9,0,0.888889,0.565,0.980109
encoders__bert-base-multilingual-cased/test,section,siaran-pers,170,170,0.982353,0.949408,0.993981
encoders__bert-base-multilingual-cased/test,section,lifestyle,59,5,0.915254,0.816482,0.963258
encoders__bert-base-multilingual-cased/test,section,news,158,6,0.987342,0.955027,0.996522
encoders__bert-base-multilingual-cased/test,section,globenewswire,364,364,1.0,0.989557,1.0
encoders__bert-base-multilingual-cased/test,section,oto,11,4,0.909091,0.622642,0.983768
encoders__bert-base-multilingual-cased/test,section,otomotif,55,12,0.836364,0.717363,0.911446
encoders__bert-base-multilingual-cased/test,section,entertainment,9,0,1.0,0.700855,1.0
encoders__bert-base-multilingual-cased/test,section,metro,7,0,1.0,0.64567,1.0
encoders__bert-base-multilingual-cased/test,section,bola,29,0,0.965517,0.828245,0.993887
encoders__bert-base-multilingual-cased/test,section,health,32,1,1.0,0.892821,1.0
encoders__bert-base-multilingual-cased/test,section,bisnis,15,2,0.866667,0.62118,0.962639
encoders__bert-base-multilingual-cased/test,section,business,16,0,1.0,0.806392,1.0
encoders__bert-base-multilingual-cased/test,section,digital,17,4,0.764706,0.527382,0.90445
encoders__bert-base-multilingual-cased/test,section,megapolitan,12,0,1.0,0.757506,1.0
encoders__bert-base-multilingual-cased/test,section,edukasi,33,8,0.787879,0.622484,0.89324
encoders__bert-base-multilingual-cased/test,section,nasional,46,30,0.804348,0.668287,0.893494
encoders__bert-base-multilingual-cased/test,section,inet,26,6,0.884615,0.710241,0.959968
encoders__bert-base-multilingual-cased/test,section,money,8,0,0.625,0.305742,0.863156
encoders__bert-base-multilingual-cased/test,section,surabaya,1,0,1.0,0.206549,1.0
encoders__bert-base-multilingual-cased/test,section,travel,21,1,0.952381,0.773306,0.991544
encoders__bert-base-multilingual-cased/test,section,food,52,2,0.923077,0.818264,0.969681
encoders__bert-base-multilingual-cased/test,section,daerah,12,0,0.833333,0.551969,0.953035
encoders__bert-base-multilingual-cased/test,section,gaya,23,0,1.0,0.856883,1.0
encoders__bert-base-multilingual-cased/test,section,showbiz,24,1,0.875,0.689961,0.956557
encoders__bert-base-multilingual-cased/test,section,berita,13,0,0.923077,0.66686,0.98629
encoders__bert-base-multilingual-cased/test,section,properti,10,0,0.9,0.59585,0.982124
encoders__bert-base-multilingual-cased/test,section,finance,35,8,0.714286,0.549451,0.836735
encoders__bert-base-multilingual-cased/test,section,trending,4,0,1.0,0.510109,1.0
encoders__bert-base-multilingual-cased/test,section,dunia,7,0,1.0,0.64567,1.0
encoders__bert-base-multilingual-cased/test,section,seleb,11,0,1.0,0.741167,1.0
encoders__bert-base-multilingual-cased/test,section,wolipop,10,0,1.0,0.722467,1.0
encoders__bert-base-multilingual-cased/test,section,ekbis,13,2,0.769231,0.497436,0.918205
encoders__bert-base-multilingual-cased/test,section,politics,16,0,1.0,0.806392,1.0
encoders__bert-base-multilingual-cased/test,section,opinion,9,0,1.0,0.700855,1.0
encoders__bert-base-multilingual-cased/test,section,gaya-hidup,16,1,0.875,0.639772,0.965023
encoders__bert-base-multilingual-cased/test,section,regional,6,0,1.0,0.609666,1.0
encoders__bert-base-multilingual-cased/test,section,ragam,11,0,1.0,0.741167,1.0
encoders__bert-base-multilingual-cased/test,section,international,11,0,1.0,0.741167,1.0
encoders__bert-base-multilingual-cased/test,section,hot,17,1,0.941176,0.73018,0.98954
encoders__bert-base-multilingual-cased/test,section,makassar,1,0,1.0,0.206549,1.0
encoders__bert-base-multilingual-cased/test,section,sains,13,0,0.923077,0.66686,0.98629
encoders__bert-base-multilingual-cased/test,section,go,1,1,1.0,0.206549,1.0
encoders__bert-base-multilingual-cased/test,section,militer,2,0,1.0,0.34238,1.0
encoders__bert-base-multilingual-cased/test,section,life,7,0,1.0,0.64567,1.0
encoders__bert-base-multilingual-cased/test,section,sponsored-sections,1,0,0.0,0.0,0.793451
encoders__bert-base-multilingual-cased/test,section,badminton,1,0,1.0,0.206549,1.0
encoders__bert-base-multilingual-cased/test,section,edu,2,0,1.0,0.34238,1.0
encoders__bert-base-multilingual-cased/test,section,bandung,1,0,1.0,0.206549,1.0
encoders__bert-base-multilingual-cased/test_xsource,host,cnnindonesia.com,2367,1205,0.872412,0.858366,0.885252
encoders__bert-base-multilingual-cased/test_xsource,section,teknologi,193,111,0.88601,0.833447,0.923508
encoders__bert-base-multilingual-cased/test_xsource,section,olahraga,291,17,0.965636,0.937909,0.981229
encoders__bert-base-multilingual-cased/test_xsource,section,internasional,216,90,0.935185,0.89416,0.961002
encoders__bert-base-multilingual-cased/test_xsource,section,nasional,749,383,0.869159,0.843113,0.891438
encoders__bert-base-multilingual-cased/test_xsource,section,ekonomi,299,168,0.879599,0.837817,0.911751
encoders__bert-base-multilingual-cased/test_xsource,section,otomotif,16,1,0.875,0.639772,0.965023
encoders__bert-base-multilingual-cased/test_xsource,section,hiburan,182,103,0.763736,0.696969,0.8196
encoders__bert-base-multilingual-cased/test_xsource,section,gaya-hidup,416,332,0.814904,0.774761,0.849284
encoders__bert-base-multilingual-cased/test_xsource,section,edukasi,5,0,1.0,0.565518,1.0
encoders__indobert-base-p1/test,host,kompas.com,79,1,0.962025,0.894199,0.987002
encoders__indobert-base-p1/test,host,thestar.com,717,364,0.988842,0.978139,0.994336
encoders__indobert-base-p1/test,host,biz.kompas.com,420,420,0.988095,0.972438,0.994905
encoders__indobert-base-p1/test,host,sport.tempo.co,14,0,1.0,0.784689,1.0
encoders__indobert-base-p1/test,host,tekno.tempo.co,19,2,0.894737,0.686059,0.970641
encoders__indobert-base-p1/test,host,viva.co.id,292,177,0.945205,0.912855,0.965994
encoders__indobert-base-p1/test,host,lifestyle.sindonews.com,41,4,0.926829,0.805726,0.974802
encoders__indobert-base-p1/test,host,oto.detik.com,11,4,0.818182,0.523019,0.948632
encoders__indobert-base-p1/test,host,otomotif.tempo.co,13,0,1.0,0.771905,1.0
encoders__indobert-base-p1/test,host,tekno.sindonews.com,42,19,0.785714,0.640602,0.882942
encoders__indobert-base-p1/test,host,metro.tempo.co,7,0,0.857143,0.486872,0.97432
encoders__indobert-base-p1/test,host,bola.tempo.co,10,0,0.8,0.490162,0.943318
encoders__indobert-base-p1/test,host,sports.sindonews.com,9,9,0.777778,0.452589,0.936775
encoders__indobert-base-p1/test,host,health.detik.com,11,1,1.0,0.741167,1.0
encoders__indobert-base-p1/test,host,bisnis.tempo.co,15,2,0.8,0.548146,0.929525
encoders__indobert-base-p1/test,host,health.kompas.com,21,0,1.0,0.845361,1.0
encoders__indobert-base-p1/test,host,megapolitan.kompas.com,12,0,1.0,0.757506,1.0
encoders__indobert-base-p1/test,host,nasional.sindonews.com,38,30,0.710526,0.552429,0.829967
encoders__indobert-base-p1/test,host,lifestyle.kompas.com,18,1,0.944444,0.742427,0.990125
encoders__indobert-base-p1/test,host,inet.detik.com,26,6,0.807692,0.621237,0.914929
encoders__indobert-base-p1/test,host,news.detik.com,29,6,0.931034,0.780354,0.980879
encoders__indobert-base-p1/test,host,otomotif.kompas.com,21,5,0.666667,0.453735,0.828052
encoders__indobert-base-p1/test,host,otomotif.sindonews.com,18,6,1.0,0.824121,1.0
encoders__indobert-base-p1/test,host,money.kompas.com,8,0,0.875,0.529112,0.977583
encoders__indobert-base-p1/test,host,edukasi.sindonews.com,23,8,0.782609,0.580965,0.90336
encoders__indobert-base-p1/test,host,surabaya.kompas.com,1,0,1.0,0.206549,1.0
encoders__indobert-base-p1/test,host,travel.tempo.co,21,1,0.952381,0.773306,0.991544
encoders__indobert-base-p1/test,host,food.detik.com,31,2,0.903226,0.751001,0.966535
encoders__indobert-base-p1/test,host,daerah.sindonews.com,12,0,0.666667,0.390622,0.86188
encoders__indobert-base-p1/test,host,gaya.tempo.co,23,0,0.956522,0.790088,0.992283
encoders__indobert-base-p1/test,host,finance.detik.com,35,8,0.771429,0.609827,0.879341
encoders__indobert-base-p1/test,host,dunia.tempo.co,7,0,1.0,0.64567,1.0
encoders__indobert-base-p1/test,host,seleb.tempo.co,11,0,0.909091,0.622642,0.983768
encoders__indobert-base-p1/test,host,sport.detik.com,20,0,1.0,0.838875,1.0
encoders__indobert-base-p1/test,host,wolipop.detik.com,10,0,1.0,0.722467,1.0
encoders__indobert-base-p1/test,host,ekbis.sindonews.com,13,2,0.692308,0.423693,0.873193
encoders__indobert-base-p1/test,host,tekno.kompas.com,6,1,1.0,0.609666,1.0
encoders__indobert-base-p1/test,host,nasional.kompas.com,7,0,1.0,0.64567,1.0
encoders__indobert-base-p1/test,host,regional.kompas.com,6,0,1.0,0.609666,1.0
encoders__indobert-base-p1/test,host,international.sindonews.com,11,0,1.0,0.741167,1.0
encoders__indobert-base-p1/test,host,hot.detik.com,17,1,0.941176,0.73018,0.98954
encoders__indobert-base-p1/test,host,makassar.kompas.com,1,0,1.0,0.206549,1.0
encoders__indobert-base-p1/test,host,sains.sindonews.com,13,0,0.923077,0.66686,0.98629
encoders__indobert-base-p1/test,host,go.kompas.com,1,1,1.0,0.206549,1.0
encoders__indobert-base-p1/test,host,bola.kompas.com,3,0,1.0,0.438503,1.0
encoders__indobert-base-p1/test,host,nasional.tempo.co,1,0,1.0,0.206549,1.0
encoders__indobert-base-p1/test,host,bandung.kompas.com,1,0,1.0,0.206549,1.0
encoders__indobert-base-p1/test,section,global,13,0,1.0,0.771905,1.0
encoders__indobert-base-p1/test,section,skola,9,0,0.888889,0.565,0.980109
encoders__indobert-base-p1/test,section,sports,179,9,0.988827,0.960183,0.996931
encoders__indobert-base-p1/test,section,biz,420,420,0.988095,0.972438,0.994905
encoders__indobert-base-p1/test,section,sport,40,0,1.0,0.912378,1.0
encoders__indobert-base-p1/test,section,tekno,67,22,0.835821,0.729447,0.905774
encoders__indobert-base-p1/test,section,homey,10,1,1.0,0.722467,1.0
encoders__indobert-base-p1/test,section,tren,9,0,1.0,0.700855,1.0
encoders__indobert-base-p1/test,section,siaran-pers,170,170,0.964706,0.925148,0.983726
encoders__indobert-base-p1/test,section,lifestyle,59,5,0.932203,0.838245,0.973321
encoders__indobert-base-p1/test,section,news,158,6,0.987342,0.955027,0.996522
encoders__indobert-base-p1/test,section,globenewswire,364,364,0.991758,0.976052,0.997193
encoders__indobert-base-p1/test,section,oto,11,4,0.818182,0.523019,0.948632
encoders__indobert-base-p1/test,section,otomotif,55,12,0.836364,0.717363,0.911446
encoders__indobert-base-p1/test,section,entertainment,9,0,1.0,0.700855,1.0
encoders__indobert-base-p1/test,section,metro,7,0,0.857143,0.486872,0.97432
encoders__indobert-base-p1/test,section,bola,29,0,0.931034,0.780354,0.980879
encoders__indobert-base-p1/test,section,health,32,1,1.0,0.892821,1.0
encoders__indobert-base-p1/test,section,bisnis,15,2,0.8,0.548146,0.929525
encoders__indobert-base-p1/test,section,business,16,0,0.875,0.639772,0.965023
encoders__indobert-base-p1/test,section,digital,17,4,0.823529,0.589705,0.938089
encoders__indobert-base-p1/test,section,megapolitan,12,0,1.0,0.757506,1.0
encoders__indobert-base-p1/test,section,edukasi,33,8,0.818182,0.656118,0.913892
encoders__indobert-base-p1/test,section,nasional,46,30,0.76087,0.620649,0.860878
encoders__indobert-base-p1/test,section,inet,26,6,0.807692,0.621237,0.914929
encoders__indobert-base-p1/test,section,money,8,0,0.875,0.529112,0.977583
encoders__indobert-base-p1/test,section,surabaya,1,0,1.0,0.206549,1.0
encoders__indobert-base-p1/test,section,travel,21,1,0.952381,0.773306,0.991544
encoders__indobert-base-p1/test,section,food,52,2,0.942308,0.843575,0.980186
encoders__indobert-base-p1/test,section,daerah,12,0,0.666667,0.390622,0.86188
encoders__indobert-base-p1/test,section,gaya,23,0,0.956522,0.790088,0.992283
encoders__indobert-base-p1/test,section,showbiz,24,1,0.916667,0.741512,0.976841
encoders__indobert-base-p1/test,section,berita,13,0,0.923077,0.66686,0.98629
encoders__indobert-base-p1/test,section,properti,10,0,0.8,0.490162,0.943318
encoders__indobert-base-p1/test,section,finance,35,8,0.771429,0.609827,0.879341
encoders__indobert-base-p1/test,section,trending,4,0,1.0,0.510109,1.0
encoders__indobert-base-p1/test,section,dunia,7,0,1.0,0.64567,1.0
encoders__indobert-base-p1/test,section,seleb,11,0,0.909091,0.622642,0.983768
encoders__indobert-base-p1/test,section,wolipop,10,0,1.0,0.722467,1.0
encoders__indobert-base-p1/test,section,ekbis,13,2,0.692308,0.423693,0.873193
encoders__indobert-base-p1/test,section,politics,16,0,1.0,0.806392,1.0
encoders__indobert-base-p1/test,section,opinion,9,0,0.888889,0.565,0.980109
encoders__indobert-base-p1/test,section,gaya-hidup,16,1,0.9375,0.716713,0.988881
encoders__indobert-base-p1/test,section,regional,6,0,1.0,0.609666,1.0
encoders__indobert-base-p1/test,section,ragam,11,0,1.0,0.741167,1.0
encoders__indobert-base-p1/test,section,international,11,0,1.0,0.741167,1.0
encoders__indobert-base-p1/test,section,hot,17,1,0.941176,0.73018,0.98954
encoders__indobert-base-p1/test,section,makassar,1,0,1.0,0.206549,1.0
encoders__indobert-base-p1/test,section,sains,13,0,0.923077,0.66686,0.98629
encoders__indobert-base-p1/test,section,go,1,1,1.0,0.206549,1.0
encoders__indobert-base-p1/test,section,militer,2,0,1.0,0.34238,1.0
encoders__indobert-base-p1/test,section,life,7,0,0.714286,0.358934,0.917781
encoders__indobert-base-p1/test,section,sponsored-sections,1,0,1.0,0.206549,1.0
encoders__indobert-base-p1/test,section,badminton,1,0,1.0,0.206549,1.0
encoders__indobert-base-p1/test,section,edu,2,0,1.0,0.34238,1.0
encoders__indobert-base-p1/test,section,bandung,1,0,1.0,0.206549,1.0
encoders__indobert-base-p1/test_xsource,host,cnnindonesia.com,2367,1205,0.863963,0.849561,0.877186
encoders__indobert-base-p1/test_xsource,section,teknologi,193,111,0.870466,0.815774,0.910699
encoders__indobert-base-p1/test_xsource,section,olahraga,291,17,0.965636,0.937909,0.981229
encoders__indobert-base-p1/test_xsource,section,internasional,216,90,0.925926,0.883073,0.953893
encoders__indobert-base-p1/test_xsource,section,nasional,749,383,0.843792,0.816044,0.868031
encoders__indobert-base-p1/test_xsource,section,ekonomi,299,168,0.862876,0.81926,0.897287
encoders__indobert-base-p1/test_xsource,section,otomotif,16,1,0.875,0.639772,0.965023
encoders__indobert-base-p1/test_xsource,section,hiburan,182,103,0.802198,0.738341,0.853562
encoders__indobert-base-p1/test_xsource,section,gaya-hidup,416,332,0.819712,0.779898,0.853675
encoders__indobert-base-p1/test_xsource,section,edukasi,5,0,1.0,0.565518,1.0
encoders__xlm-roberta-base/test,host,kompas.com,79,1,0.974684,0.912314,0.99303
encoders__xlm-roberta-base/test,host,thestar.com,717,364,0.995816,0.987771,0.998576
encoders__xlm-roberta-base/test,host,biz.kompas.com,420,420,1.0,0.990937,1.0
encoders__xlm-roberta-base/test,host,sport.tempo.co,14,0,1.0,0.784689,1.0
encoders__xlm-roberta-base/test,host,tekno.tempo.co,19,2,0.894737,0.686059,0.970641
encoders__xlm-roberta-base/test,host,viva.co.id,292,177,0.94863,0.916984,0.968625
encoders__xlm-roberta-base/test,host,lifestyle.sindonews.com,41,4,0.97561,0.874049,0.995681
encoders__xlm-roberta-base/test,host,oto.detik.com,11,4,0.909091,0.622642,0.983768
encoders__xlm-roberta-base/test,host,otomotif.tempo.co,13,0,1.0,0.771905,1.0
encoders__xlm-roberta-base/test,host,tekno.sindonews.com,42,19,0.857143,0.721589,0.93284
encoders__xlm-roberta-base/test,host,metro.tempo.co,7,0,0.714286,0.358934,0.917781
encoders__xlm-roberta-base/test,host,bola.tempo.co,10,0,0.9,0.59585,0.982124
encoders__xlm-roberta-base/test,host,sports.sindonews.com,9,9,0.777778,0.452589,0.936775
encoders__xlm-roberta-base/test,host,health.detik.com,11,1,1.0,0.741167,1.0
encoders__xlm-roberta-base/test,host,bisnis.tempo.co,15,2,0.8,0.548146,0.929525
encoders__xlm-roberta-base/test,host,health.kompas.com,21,0,0.952381,0.773306,0.991544
encoders__xlm-roberta-base/test,host,megapolitan.kompas.com,12,0,1.0,0.757506,1.0
encoders__xlm-roberta-base/test,host,nasional.sindonews.com,38,30,0.789474,0.636542,0.889252
encoders__xlm-roberta-base/test,host,lifestyle.kompas.com,18,1,0.888889,0.672002,0.96898
encoders__xlm-roberta-base/test,host,inet.detik.com,26,6,0.923077,0.758584,0.978645
encoders__xlm-roberta-base/test,host,news.detik.com,29,6,0.931034,0.780354,0.980879
encoders__xlm-roberta-base/test,host,otomotif.kompas.com,21,5,0.619048,0.408787,0.79249
encoders__xlm-roberta-base/test,host,otomotif.sindonews.com,18,6,1.0,0.824121,1.0
encoders__xlm-roberta-base/test,host,money.kompas.com,8,0,0.875,0.529112,0.977583
encoders__xlm-roberta-base/test,host,edukasi.sindonews.com,23,8,0.956522,0.790088,0.992283
encoders__xlm-roberta-base/test,host,surabaya.kompas.com,1,0,1.0,0.206549,1.0
encoders__xlm-roberta-base/test,host,travel.tempo.co,21,1,0.904762,0.710859,0.973481
encoders__xlm-roberta-base/test,host,food.detik.com,31,2,0.903226,0.751001,0.966535
encoders__xlm-roberta-base/test,host,daerah.sindonews.com,12,0,1.0,0.757506,1.0
encoders__xlm-roberta-base/test,host,gaya.tempo.co,23,0,0.956522,0.790088,0.992283
encoders__xlm-roberta-base/test,host,finance.detik.com,35,8,0.8,0.641084,0.899576
encoders__xlm-roberta-base/test,host,dunia.tempo.co,7,0,1.0,0.64567,1.0
encoders__xlm-roberta-base/test,host,seleb.tempo.co,11,0,1.0,0.741167,1.0
encoders__xlm-roberta-base/test,host,sport.detik.com,20,0,1.0,0.838875,1.0
encoders__xlm-roberta-base/test,host,wolipop.detik.com,10,0,1.0,0.722467,1.0
encoders__xlm-roberta-base/test,host,ekbis.sindonews.com,13,2,0.769231,0.497436,0.918205
encoders__xlm-roberta-base/test,host,tekno.kompas.com,6,1,1.0,0.609666,1.0
encoders__xlm-roberta-base/test,host,nasional.kompas.com,7,0,1.0,0.64567,1.0
encoders__xlm-roberta-base/test,host,regional.kompas.com,6,0,1.0,0.609666,1.0
encoders__xlm-roberta-base/test,host,international.sindonews.com,11,0,1.0,0.741167,1.0
encoders__xlm-roberta-base/test,host,hot.detik.com,17,1,0.941176,0.73018,0.98954
encoders__xlm-roberta-base/test,host,makassar.kompas.com,1,0,1.0,0.206549,1.0
encoders__xlm-roberta-base/test,host,sains.sindonews.com,13,0,0.923077,0.66686,0.98629
encoders__xlm-roberta-base/test,host,go.kompas.com,1,1,1.0,0.206549,1.0
encoders__xlm-roberta-base/test,host,bola.kompas.com,3,0,1.0,0.438503,1.0
encoders__xlm-roberta-base/test,host,nasional.tempo.co,1,0,1.0,0.206549,1.0
encoders__xlm-roberta-base/test,host,bandung.kompas.com,1,0,1.0,0.206549,1.0
encoders__xlm-roberta-base/test,section,global,13,0,1.0,0.771905,1.0
encoders__xlm-roberta-base/test,section,skola,9,0,1.0,0.700855,1.0
encoders__xlm-roberta-base/test,section,sports,179,9,0.988827,0.960183,0.996931
encoders__xlm-roberta-base/test,section,biz,420,420,1.0,0.990937,1.0
encoders__xlm-roberta-base/test,section,sport,40,0,1.0,0.912378,1.0
encoders__xlm-roberta-base/test,section,tekno,67,22,0.880597,0.78168,0.938238
encoders__xlm-roberta-base/test,section,homey,10,1,0.8,0.490162,0.943318
encoders__xlm-roberta-base/test,section,tren,9,0,1.0,0.700855,1.0
encoders__xlm-roberta-base/test,section,siaran-pers,170,170,0.988235,0.958125,0.996768
encoders__xlm-roberta-base/test,section,lifestyle,59,5,0.949153,0.860835,0.982557
encoders__xlm-roberta-base/test,section,news,158,6,0.987342,0.955027,0.996522
encoders__xlm-roberta-base/test,section,globenewswire,364,364,1.0,0.989557,1.0
encoders__xlm-roberta-base/test,section,oto,11,4,0.909091,0.622642,0.983768
encoders__xlm-roberta-base/test,section,otomotif,55,12,0.836364,0.717363,0.911446
encoders__xlm-roberta-base/test,section,entertainment,9,0,1.0,0.700855,1.0
encoders__xlm-roberta-base/test,section,metro,7,0,0.714286,0.358934,0.917781
encoders__xlm-roberta-base/test,section,bola,29,0,0.931034,0.780354,0.980879
encoders__xlm-roberta-base/test,section,health,32,1,0.96875,0.842557,0.994462
encoders__xlm-roberta-base/test,section,bisnis,15,2,0.8,0.548146,0.929525
encoders__xlm-roberta-base/test,section,business,16,0,0.9375,0.716713,0.988881
encoders__xlm-roberta-base/test,section,digital,17,4,0.647059,0.413004,0.826903
encoders__xlm-roberta-base/test,section,megapolitan,12,0,1.0,0.757506,1.0
encoders__xlm-roberta-base/test,section,edukasi,33,8,0.969697,0.846813,0.994631
encoders__xlm-roberta-base/test,section,nasional,46,30,0.826087,0.692766,0.909142
encoders__xlm-roberta-base/test,section,inet,26,6,0.923077,0.758584,0.978645
encoders__xlm-roberta-base/test,section,money,8,0,0.875,0.529112,0.977583
encoders__xlm-roberta-base/test,section,surabaya,1,0,1.0,0.206549,1.0
encoders__xlm-roberta-base/test,section,travel,21,1,0.904762,0.710859,0.973481
encoders__xlm-roberta-base/test,section,food,52,2,0.942308,0.843575,0.980186
encoders__xlm-roberta-base/test,section,daerah,12,0,1.0,0.757506,1.0
encoders__xlm-roberta-base/test,section,gaya,23,0,0.956522,0.790088,0.992283
encoders__xlm-roberta-base/test,section,showbiz,24,1,0.916667,0.741512,0.976841
encoders__xlm-roberta-base/test,section,berita,13,0,1.0,0.771905,1.0
encoders__xlm-roberta-base/test,section,properti,10,0,1.0,0.722467,1.0
encoders__xlm-roberta-base/test,section,finance,35,8,0.8,0.641084,0.899576
encoders__xlm-roberta-base/test,section,trending,4,0,1.0,0.510109,1.0
encoders__xlm-roberta-base/test,section,dunia,7,0,1.0,0.64567,1.0
encoders__xlm-roberta-base/test,section,seleb,11,0,1.0,0.741167,1.0
encoders__xlm-roberta-base/test,section,wolipop,10,0,1.0,0.722467,1.0
encoders__xlm-roberta-base/test,section,ekbis,13,2,0.769231,0.497436,0.918205
encoders__xlm-roberta-base/test,section,politics,16,0,1.0,0.806392,1.0
encoders__xlm-roberta-base/test,section,opinion,9,0,0.888889,0.565,0.980109
encoders__xlm-roberta-base/test,section,gaya-hidup,16,1,0.8125,0.569911,0.934084
encoders__xlm-roberta-base/test,section,regional,6,0,1.0,0.609666,1.0
encoders__xlm-roberta-base/test,section,ragam,11,0,1.0,0.741167,1.0
encoders__xlm-roberta-base/test,section,international,11,0,1.0,0.741167,1.0
encoders__xlm-roberta-base/test,section,hot,17,1,0.941176,0.73018,0.98954
encoders__xlm-roberta-base/test,section,makassar,1,0,1.0,0.206549,1.0
encoders__xlm-roberta-base/test,section,sains,13,0,0.923077,0.66686,0.98629
encoders__xlm-roberta-base/test,section,go,1,1,1.0,0.206549,1.0
encoders__xlm-roberta-base/test,section,militer,2,0,1.0,0.34238,1.0
encoders__xlm-roberta-base/test,section,life,7,0,1.0,0.64567,1.0
encoders__xlm-roberta-base/test,section,sponsored-sections,1,0,0.0,0.0,0.793451
encoders__xlm-roberta-base/test,section,badminton,1,0,1.0,0.206549,1.0
encoders__xlm-roberta-base/test,section,edu,2,0,1.0,0.34238,1.0
encoders__xlm-roberta-base/test,section,bandung,1,0,1.0,0.206549,1.0
encoders__xlm-roberta-base/test_xsource,host,cnnindonesia.com,2367,1205,0.664554,0.645281,0.683295
encoders__xlm-roberta-base/test_xsource,section,teknologi,193,111,0.782383,0.718967,0.834778
encoders__xlm-roberta-base/test_xsource,section,olahraga,291,17,0.920962,0.884197,0.946758
encoders__xlm-roberta-base/test_xsource,section,internasional,216,90,0.740741,0.678453,0.794615
encoders__xlm-roberta-base/test_xsource,section,nasional,749,383,0.485981,0.450351,0.521755
encoders__xlm-roberta-base/test_xsource,section,ekonomi,299,168,0.598662,0.542191,0.652631
encoders__xlm-roberta-base/test_xsource,section,otomotif,16,1,0.375,0.184812,0.61359
encoders__xlm-roberta-base/test_xsource,section,hiburan,182,103,0.637363,0.565345,0.703702
encoders__xlm-roberta-base/test_xsource,section,gaya-hidup,416,332,0.78125,0.73905,0.818304
encoders__xlm-roberta-base/test_xsource,section,edukasi,5,0,0.8,0.375535,0.963776
gemma3-12b__reasoning_first/test__norag,host,kompas.com,79,1,0.974684,0.912314,0.99303
gemma3-12b__reasoning_first/test__norag,host,thestar.com,717,364,0.997211,0.989887,0.999235
gemma3-12b__reasoning_first/test__norag,host,biz.kompas.com,420,420,0.997619,0.986638,0.99958
gemma3-12b__reasoning_first/test__norag,host,sport.tempo.co,14,0,1.0,0.784689,1.0
gemma3-12b__reasoning_first/test__norag,host,tekno.tempo.co,19,2,0.894737,0.686059,0.970641
gemma3-12b__reasoning_first/test__norag,host,viva.co.id,292,177,0.958904,0.929553,0.976338
gemma3-12b__reasoning_first/test__norag,host,lifestyle.sindonews.com,41,4,0.97561,0.874049,0.995681
gemma3-12b__reasoning_first/test__norag,host,oto.detik.com,11,4,0.909091,0.622642,0.983768
gemma3-12b__reasoning_first/test__norag,host,otomotif.tempo.co,13,0,0.923077,0.66686,0.98629
gemma3-12b__reasoning_first/test__norag,host,tekno.sindonews.com,42,19,0.833333,0.69396,0.916841
gemma3-12b__reasoning_first/test__norag,host,metro.tempo.co,7,0,1.0,0.64567,1.0
gemma3-12b__reasoning_first/test__norag,host,bola.tempo.co,10,0,1.0,0.722467,1.0
gemma3-12b__reasoning_first/test__norag,host,sports.sindonews.com,9,9,0.777778,0.452589,0.936775
gemma3-12b__reasoning_first/test__norag,host,health.detik.com,11,1,0.909091,0.622642,0.983768
gemma3-12b__reasoning_first/test__norag,host,bisnis.tempo.co,15,2,0.866667,0.62118,0.962639
gemma3-12b__reasoning_first/test__norag,host,health.kompas.com,21,0,1.0,0.845361,1.0
gemma3-12b__reasoning_first/test__norag,host,megapolitan.kompas.com,12,0,1.0,0.757506,1.0
gemma3-12b__reasoning_first/test__norag,host,nasional.sindonews.com,38,30,0.894737,0.758695,0.958297
gemma3-12b__reasoning_first/test__norag,host,lifestyle.kompas.com,18,1,1.0,0.824121,1.0
gemma3-12b__reasoning_first/test__norag,host,inet.detik.com,26,6,0.923077,0.758584,0.978645
gemma3-12b__reasoning_first/test__norag,host,news.detik.com,29,6,0.931034,0.780354,0.980879
gemma3-12b__reasoning_first/test__norag,host,otomotif.kompas.com,21,5,0.666667,0.453735,0.828052
gemma3-12b__reasoning_first/test__norag,host,otomotif.sindonews.com,18,6,1.0,0.824121,1.0
gemma3-12b__reasoning_first/test__norag,host,money.kompas.com,8,0,1.0,0.675592,1.0
gemma3-12b__reasoning_first/test__norag,host,edukasi.sindonews.com,23,8,0.913043,0.73204,0.97582
gemma3-12b__reasoning_first/test__norag,host,surabaya.kompas.com,1,0,1.0,0.206549,1.0
gemma3-12b__reasoning_first/test__norag,host,travel.tempo.co,21,1,0.952381,0.773306,0.991544
gemma3-12b__reasoning_first/test__norag,host,food.detik.com,31,2,0.967742,0.838059,0.994283
gemma3-12b__reasoning_first/test__norag,host,daerah.sindonews.com,12,0,0.916667,0.64612,0.985135
gemma3-12b__reasoning_first/test__norag,host,gaya.tempo.co,23,0,1.0,0.856883,1.0
gemma3-12b__reasoning_first/test__norag,host,finance.detik.com,35,8,0.742857,0.579307,0.85837
gemma3-12b__reasoning_first/test__norag,host,dunia.tempo.co,7,0,1.0,0.64567,1.0
gemma3-12b__reasoning_first/test__norag,host,seleb.tempo.co,11,0,1.0,0.741167,1.0
gemma3-12b__reasoning_first/test__norag,host,sport.detik.com,20,0,1.0,0.838875,1.0
gemma3-12b__reasoning_first/test__norag,host,wolipop.detik.com,10,0,1.0,0.722467,1.0
gemma3-12b__reasoning_first/test__norag,host,ekbis.sindonews.com,13,2,0.846154,0.577654,0.956742
gemma3-12b__reasoning_first/test__norag,host,tekno.kompas.com,6,1,1.0,0.609666,1.0
gemma3-12b__reasoning_first/test__norag,host,nasional.kompas.com,7,0,0.857143,0.486872,0.97432
gemma3-12b__reasoning_first/test__norag,host,regional.kompas.com,6,0,1.0,0.609666,1.0
gemma3-12b__reasoning_first/test__norag,host,international.sindonews.com,11,0,1.0,0.741167,1.0
gemma3-12b__reasoning_first/test__norag,host,hot.detik.com,17,1,0.941176,0.73018,0.98954
gemma3-12b__reasoning_first/test__norag,host,makassar.kompas.com,1,0,1.0,0.206549,1.0
gemma3-12b__reasoning_first/test__norag,host,sains.sindonews.com,13,0,0.923077,0.66686,0.98629
gemma3-12b__reasoning_first/test__norag,host,go.kompas.com,1,1,1.0,0.206549,1.0
gemma3-12b__reasoning_first/test__norag,host,bola.kompas.com,3,0,1.0,0.438503,1.0
gemma3-12b__reasoning_first/test__norag,host,nasional.tempo.co,1,0,1.0,0.206549,1.0
gemma3-12b__reasoning_first/test__norag,host,bandung.kompas.com,1,0,1.0,0.206549,1.0
gemma3-12b__reasoning_first/test__norag,section,global,13,0,1.0,0.771905,1.0
gemma3-12b__reasoning_first/test__norag,section,skola,9,0,1.0,0.700855,1.0
gemma3-12b__reasoning_first/test__norag,section,sports,179,9,0.988827,0.960183,0.996931
gemma3-12b__reasoning_first/test__norag,section,biz,420,420,0.997619,0.986638,0.99958
gemma3-12b__reasoning_first/test__norag,section,sport,40,0,1.0,0.912378,1.0
gemma3-12b__reasoning_first/test__norag,section,tekno,67,22,0.865672,0.763996,0.927689
gemma3-12b__reasoning_first/test__norag,section,homey,10,1,0.9,0.59585,0.982124
gemma3-12b__reasoning_first/test__norag,section,tren,9,0,1.0,0.700855,1.0
gemma3-12b__reasoning_first/test__norag,section,siaran-pers,170,170,0.976471,0.941071,0.990813
gemma3-12b__reasoning_first/test__norag,section,lifestyle,59,5,0.983051,0.910043,0.997002
gemma3-12b__reasoning_first/test__norag,section,news,158,6,0.987342,0.955027,0.996522
gemma3-12b__reasoning_first/test__norag,section,globenewswire,364,364,1.0,0.989557,1.0
gemma3-12b__reasoning_first/test__norag,section,oto,11,4,0.909091,0.622642,0.983768
gemma3-12b__reasoning_first/test__norag,section,otomotif,55,12,0.836364,0.717363,0.911446
gemma3-12b__reasoning_first/test__norag,section,entertainment,9,0,1.0,0.700855,1.0
gemma3-12b__reasoning_first/test__norag,section,metro,7,0,1.0,0.64567,1.0
gemma3-12b__reasoning_first/test__norag,section,bola,29,0,1.0,0.88303,1.0
gemma3-12b__reasoning_first/test__norag,section,health,32,1,0.96875,0.842557,0.994462
gemma3-12b__reasoning_first/test__norag,section,bisnis,15,2,0.866667,0.62118,0.962639
gemma3-12b__reasoning_first/test__norag,section,business,16,0,0.9375,0.716713,0.988881
gemma3-12b__reasoning_first/test__norag,section,digital,17,4,0.882353,0.656636,0.96712
gemma3-12b__reasoning_first/test__norag,section,megapolitan,12,0,1.0,0.757506,1.0
gemma3-12b__reasoning_first/test__norag,section,edukasi,33,8,0.939394,0.803938,0.983219
gemma3-12b__reasoning_first/test__norag,section,nasional,46,30,0.891304,0.769622,0.952669
gemma3-12b__reasoning_first/test__norag,section,inet,26,6,0.923077,0.758584,0.978645
gemma3-12b__reasoning_first/test__norag,section,money,8,0,1.0,0.675592,1.0
gemma3-12b__reasoning_first/test__norag,section,surabaya,1,0,1.0,0.206549,1.0
gemma3-12b__reasoning_first/test__norag,section,travel,21,1,0.952381,0.773306,0.991544
gemma3-12b__reasoning_first/test__norag,section,food,52,2,0.980769,0.898795,0.996597
gemma3-12b__reasoning_first/test__norag,section,daerah,12,0,0.916667,0.64612,0.985135
gemma3-12b__reasoning_first/test__norag,section,gaya,23,0,1.0,0.856883,1.0
gemma3-12b__reasoning_first/test__norag,section,showbiz,24,1,0.958333,0.797582,0.992607
gemma3-12b__reasoning_first/test__norag,section,berita,13,0,0.846154,0.577654,0.956742
gemma3-12b__reasoning_first/test__norag,section,properti,10,0,0.9,0.59585,0.982124
gemma3-12b__reasoning_first/test__norag,section,finance,35,8,0.742857,0.579307,0.85837
gemma3-12b__reasoning_first/test__norag,section,trending,4,0,1.0,0.510109,1.0
gemma3-12b__reasoning_first/test__norag,section,dunia,7,0,1.0,0.64567,1.0
gemma3-12b__reasoning_first/test__norag,section,seleb,11,0,1.0,0.741167,1.0
gemma3-12b__reasoning_first/test__norag,section,wolipop,10,0,1.0,0.722467,1.0
gemma3-12b__reasoning_first/test__norag,section,ekbis,13,2,0.846154,0.577654,0.956742
gemma3-12b__reasoning_first/test__norag,section,politics,16,0,1.0,0.806392,1.0
gemma3-12b__reasoning_first/test__norag,section,opinion,9,0,1.0,0.700855,1.0
gemma3-12b__reasoning_first/test__norag,section,gaya-hidup,16,1,0.875,0.639772,0.965023
gemma3-12b__reasoning_first/test__norag,section,regional,6,0,1.0,0.609666,1.0
gemma3-12b__reasoning_first/test__norag,section,ragam,11,0,1.0,0.741167,1.0
gemma3-12b__reasoning_first/test__norag,section,international,11,0,1.0,0.741167,1.0
gemma3-12b__reasoning_first/test__norag,section,hot,17,1,0.941176,0.73018,0.98954
gemma3-12b__reasoning_first/test__norag,section,makassar,1,0,1.0,0.206549,1.0
gemma3-12b__reasoning_first/test__norag,section,sains,13,0,0.923077,0.66686,0.98629
gemma3-12b__reasoning_first/test__norag,section,go,1,1,1.0,0.206549,1.0
gemma3-12b__reasoning_first/test__norag,section,militer,2,0,1.0,0.34238,1.0
gemma3-12b__reasoning_first/test__norag,section,life,7,0,1.0,0.64567,1.0
gemma3-12b__reasoning_first/test__norag,section,sponsored-sections,1,0,0.0,0.0,0.793451
gemma3-12b__reasoning_first/test__norag,section,badminton,1,0,1.0,0.206549,1.0
gemma3-12b__reasoning_first/test__norag,section,edu,2,0,1.0,0.34238,1.0
gemma3-12b__reasoning_first/test__norag,section,bandung,1,0,1.0,0.206549,1.0
gemma3-12b__reasoning_first/test__rag_k5,host,kompas.com,79,1,0.974684,0.912314,0.99303
gemma3-12b__reasoning_first/test__rag_k5,host,thestar.com,717,364,0.997211,0.989887,0.999235
gemma3-12b__reasoning_first/test__rag_k5,host,biz.kompas.com,420,420,1.0,0.990937,1.0
gemma3-12b__reasoning_first/test__rag_k5,host,sport.tempo.co,14,0,1.0,0.784689,1.0
gemma3-12b__reasoning_first/test__rag_k5,host,tekno.tempo.co,19,2,0.894737,0.686059,0.970641
gemma3-12b__reasoning_first/test__rag_k5,host,viva.co.id,292,177,0.969178,0.94247,0.983701
gemma3-12b__reasoning_first/test__rag_k5,host,lifestyle.sindonews.com,41,4,0.926829,0.805726,0.974802
gemma3-12b__reasoning_first/test__rag_k5,host,oto.detik.com,11,4,0.909091,0.622642,0.983768
gemma3-12b__reasoning_first/test__rag_k5,host,otomotif.tempo.co,13,0,0.923077,0.66686,0.98629
gemma3-12b__reasoning_first/test__rag_k5,host,tekno.sindonews.com,42,19,0.833333,0.69396,0.916841
gemma3-12b__reasoning_first/test__rag_k5,host,metro.tempo.co,7,0,1.0,0.64567,1.0
gemma3-12b__reasoning_first/test__rag_k5,host,bola.tempo.co,10,0,1.0,0.722467,1.0
gemma3-12b__reasoning_first/test__rag_k5,host,sports.sindonews.com,9,9,0.777778,0.452589,0.936775
gemma3-12b__reasoning_first/test__rag_k5,host,health.detik.com,11,1,0.909091,0.622642,0.983768
gemma3-12b__reasoning_first/test__rag_k5,host,bisnis.tempo.co,15,2,0.866667,0.62118,0.962639
gemma3-12b__reasoning_first/test__rag_k5,host,health.kompas.com,21,0,1.0,0.845361,1.0
gemma3-12b__reasoning_first/test__rag_k5,host,megapolitan.kompas.com,12,0,1.0,0.757506,1.0
gemma3-12b__reasoning_first/test__rag_k5,host,nasional.sindonews.com,38,30,0.894737,0.758695,0.958297
gemma3-12b__reasoning_first/test__rag_k5,host,lifestyle.kompas.com,18,1,1.0,0.824121,1.0
gemma3-12b__reasoning_first/test__rag_k5,host,inet.detik.com,26,6,0.923077,0.758584,0.978645
gemma3-12b__reasoning_first/test__rag_k5,host,news.detik.com,29,6,0.931034,0.780354,0.980879
gemma3-12b__reasoning_first/test__rag_k5,host,otomotif.kompas.com,21,5,0.666667,0.453735,0.828052
gemma3-12b__reasoning_first/test__rag_k5,host,otomotif.sindonews.com,18,6,1.0,0.824121,1.0
gemma3-12b__reasoning_first/test__rag_k5,host,money.kompas.com,8,0,1.0,0.675592,1.0
gemma3-12b__reasoning_first/test__rag_k5,host,edukasi.sindonews.com,23,8,0.869565,0.678725,0.954623
gemma3-12b__reasoning_first/test__rag_k5,host,surabaya.kompas.com,1,0,1.0,0.206549,1.0
gemma3-12b__reasoning_first/test__rag_k5,host,travel.tempo.co,21,1,0.952381,0.773306,0.991544
gemma3-12b__reasoning_first/test__rag_k5,host,food.detik.com,31,2,0.967742,0.838059,0.994283
gemma3-12b__reasoning_first/test__rag_k5,host,daerah.sindonews.com,12,0,0.916667,0.64612,0.985135
gemma3-12b__reasoning_first/test__rag_k5,host,gaya.tempo.co,23,0,1.0,0.856883,1.0
gemma3-12b__reasoning_first/test__rag_k5,host,finance.detik.com,35,8,0.771429,0.609827,0.879341
gemma3-12b__reasoning_first/test__rag_k5,host,dunia.tempo.co,7,0,1.0,0.64567,1.0
gemma3-12b__reasoning_first/test__rag_k5,host,seleb.tempo.co,11,0,1.0,0.741167,1.0
gemma3-12b__reasoning_first/test__rag_k5,host,sport.detik.com,20,0,1.0,0.838875,1.0
gemma3-12b__reasoning_first/test__rag_k5,host,wolipop.detik.com,10,0,1.0,0.722467,1.0
gemma3-12b__reasoning_first/test__rag_k5,host,ekbis.sindonews.com,13,2,0.923077,0.66686,0.98629
gemma3-12b__reasoning_first/test__rag_k5,host,tekno.kompas.com,6,1,1.0,0.609666,1.0
gemma3-12b__reasoning_first/test__rag_k5,host,nasional.kompas.com,7,0,1.0,0.64567,1.0
gemma3-12b__reasoning_first/test__rag_k5,host,regional.kompas.com,6,0,1.0,0.609666,1.0
gemma3-12b__reasoning_first/test__rag_k5,host,international.sindonews.com,11,0,1.0,0.741167,1.0
gemma3-12b__reasoning_first/test__rag_k5,host,hot.detik.com,17,1,0.941176,0.73018,0.98954
gemma3-12b__reasoning_first/test__rag_k5,host,makassar.kompas.com,1,0,1.0,0.206549,1.0
gemma3-12b__reasoning_first/test__rag_k5,host,sains.sindonews.com,13,0,1.0,0.771905,1.0
gemma3-12b__reasoning_first/test__rag_k5,host,go.kompas.com,1,1,1.0,0.206549,1.0
gemma3-12b__reasoning_first/test__rag_k5,host,bola.kompas.com,3,0,1.0,0.438503,1.0
gemma3-12b__reasoning_first/test__rag_k5,host,nasional.tempo.co,1,0,1.0,0.206549,1.0
gemma3-12b__reasoning_first/test__rag_k5,host,bandung.kompas.com,1,0,1.0,0.206549,1.0
gemma3-12b__reasoning_first/test__rag_k5,section,global,13,0,1.0,0.771905,1.0
gemma3-12b__reasoning_first/test__rag_k5,section,skola,9,0,1.0,0.700855,1.0
gemma3-12b__reasoning_first/test__rag_k5,section,sports,179,9,0.988827,0.960183,0.996931
gemma3-12b__reasoning_first/test__rag_k5,section,biz,420,420,1.0,0.990937,1.0
gemma3-12b__reasoning_first/test__rag_k5,section,sport,40,0,1.0,0.912378,1.0
gemma3-12b__reasoning_first/test__rag_k5,section,tekno,67,22,0.865672,0.763996,0.927689
gemma3-12b__reasoning_first/test__rag_k5,section,homey,10,1,0.9,0.59585,0.982124
gemma3-12b__reasoning_first/test__rag_k5,section,tren,9,0,1.0,0.700855,1.0
gemma3-12b__reasoning_first/test__rag_k5,section,siaran-pers,170,170,0.994118,0.967437,0.998961
gemma3-12b__reasoning_first/test__rag_k5,section,lifestyle,59,5,0.949153,0.860835,0.982557
gemma3-12b__reasoning_first/test__rag_k5,section,news,158,6,0.987342,0.955027,0.996522
gemma3-12b__reasoning_first/test__rag_k5,section,globenewswire,364,364,1.0,0.989557,1.0
gemma3-12b__reasoning_first/test__rag_k5,section,oto,11,4,0.909091,0.622642,0.983768
gemma3-12b__reasoning_first/test__rag_k5,section,otomotif,55,12,0.836364,0.717363,0.911446
gemma3-12b__reasoning_first/test__rag_k5,section,entertainment,9,0,1.0,0.700855,1.0
gemma3-12b__reasoning_first/test__rag_k5,section,metro,7,0,1.0,0.64567,1.0
gemma3-12b__reasoning_first/test__rag_k5,section,bola,29,0,1.0,0.88303,1.0
gemma3-12b__reasoning_first/test__rag_k5,section,health,32,1,0.96875,0.842557,0.994462
gemma3-12b__reasoning_first/test__rag_k5,section,bisnis,15,2,0.866667,0.62118,0.962639
gemma3-12b__reasoning_first/test__rag_k5,section,business,16,0,0.9375,0.716713,0.988881
gemma3-12b__reasoning_first/test__rag_k5,section,digital,17,4,0.882353,0.656636,0.96712
gemma3-12b__reasoning_first/test__rag_k5,section,megapolitan,12,0,1.0,0.757506,1.0
gemma3-12b__reasoning_first/test__rag_k5,section,edukasi,33,8,0.909091,0.764274,0.968596
gemma3-12b__reasoning_first/test__rag_k5,section,nasional,46,30,0.913043,0.796753,0.965664
gemma3-12b__reasoning_first/test__rag_k5,section,inet,26,6,0.923077,0.758584,0.978645
gemma3-12b__reasoning_first/test__rag_k5,section,money,8,0,1.0,0.675592,1.0
gemma3-12b__reasoning_first/test__rag_k5,section,surabaya,1,0,1.0,0.206549,1.0
gemma3-12b__reasoning_first/test__rag_k5,section,travel,21,1,0.952381,0.773306,0.991544
gemma3-12b__reasoning_first/test__rag_k5,section,food,52,2,0.980769,0.898795,0.996597
gemma3-12b__reasoning_first/test__rag_k5,section,daerah,12,0,0.916667,0.64612,0.985135
gemma3-12b__reasoning_first/test__rag_k5,section,gaya,23,0,1.0,0.856883,1.0
gemma3-12b__reasoning_first/test__rag_k5,section,showbiz,24,1,0.916667,0.741512,0.976841
gemma3-12b__reasoning_first/test__rag_k5,section,berita,13,0,0.923077,0.66686,0.98629
gemma3-12b__reasoning_first/test__rag_k5,section,properti,10,0,0.9,0.59585,0.982124
gemma3-12b__reasoning_first/test__rag_k5,section,finance,35,8,0.771429,0.609827,0.879341
gemma3-12b__reasoning_first/test__rag_k5,section,trending,4,0,1.0,0.510109,1.0
gemma3-12b__reasoning_first/test__rag_k5,section,dunia,7,0,1.0,0.64567,1.0
gemma3-12b__reasoning_first/test__rag_k5,section,seleb,11,0,1.0,0.741167,1.0
gemma3-12b__reasoning_first/test__rag_k5,section,wolipop,10,0,1.0,0.722467,1.0
gemma3-12b__reasoning_first/test__rag_k5,section,ekbis,13,2,0.923077,0.66686,0.98629
gemma3-12b__reasoning_first/test__rag_k5,section,politics,16,0,1.0,0.806392,1.0
gemma3-12b__reasoning_first/test__rag_k5,section,opinion,9,0,1.0,0.700855,1.0
gemma3-12b__reasoning_first/test__rag_k5,section,gaya-hidup,16,1,0.875,0.639772,0.965023
gemma3-12b__reasoning_first/test__rag_k5,section,regional,6,0,1.0,0.609666,1.0
gemma3-12b__reasoning_first/test__rag_k5,section,ragam,11,0,1.0,0.741167,1.0
gemma3-12b__reasoning_first/test__rag_k5,section,international,11,0,1.0,0.741167,1.0
gemma3-12b__reasoning_first/test__rag_k5,section,hot,17,1,0.941176,0.73018,0.98954
gemma3-12b__reasoning_first/test__rag_k5,section,makassar,1,0,1.0,0.206549,1.0
gemma3-12b__reasoning_first/test__rag_k5,section,sains,13,0,1.0,0.771905,1.0
gemma3-12b__reasoning_first/test__rag_k5,section,go,1,1,1.0,0.206549,1.0
gemma3-12b__reasoning_first/test__rag_k5,section,militer,2,0,1.0,0.34238,1.0
gemma3-12b__reasoning_first/test__rag_k5,section,life,7,0,1.0,0.64567,1.0
gemma3-12b__reasoning_first/test__rag_k5,section,sponsored-sections,1,0,0.0,0.0,0.793451
gemma3-12b__reasoning_first/test__rag_k5,section,badminton,1,0,1.0,0.206549,1.0
gemma3-12b__reasoning_first/test__rag_k5,section,edu,2,0,1.0,0.34238,1.0
gemma3-12b__reasoning_first/test__rag_k5,section,bandung,1,0,1.0,0.206549,1.0
gemma3-12b__reasoning_first/test_xsource__norag,host,cnnindonesia.com,2367,1205,0.785805,0.768821,0.801862
gemma3-12b__reasoning_first/test_xsource__norag,section,teknologi,193,111,0.870466,0.815774,0.910699
gemma3-12b__reasoning_first/test_xsource__norag,section,olahraga,291,17,0.958763,0.929316,0.976256
gemma3-12b__reasoning_first/test_xsource__norag,section,internasional,216,90,0.856481,0.80349,0.897015
gemma3-12b__reasoning_first/test_xsource__norag,section,nasional,749,383,0.70227,0.668558,0.733917
gemma3-12b__reasoning_first/test_xsource__norag,section,ekonomi,299,168,0.719064,0.665588,0.766982
gemma3-12b__reasoning_first/test_xsource__norag,section,otomotif,16,1,0.8125,0.569911,0.934084
gemma3-12b__reasoning_first/test_xsource__norag,section,hiburan,182,103,0.769231,0.702835,0.824496
gemma3-12b__reasoning_first/test_xsource__norag,section,gaya-hidup,416,332,0.790865,0.749211,0.827197
gemma3-12b__reasoning_first/test_xsource__norag,section,edukasi,5,0,1.0,0.565518,1.0
gemma3-12b__reasoning_first/test_xsource__rag_k5,host,cnnindonesia.com,2367,1205,0.792142,0.775328,0.808009
gemma3-12b__reasoning_first/test_xsource__rag_k5,section,teknologi,193,111,0.875648,0.82164,0.914994
gemma3-12b__reasoning_first/test_xsource__rag_k5,section,olahraga,291,17,0.955326,0.925079,0.973709
gemma3-12b__reasoning_first/test_xsource__rag_k5,section,internasional,216,90,0.847222,0.793212,0.889098
gemma3-12b__reasoning_first/test_xsource__rag_k5,section,nasional,749,383,0.726302,0.693277,0.757017
gemma3-12b__reasoning_first/test_xsource__rag_k5,section,ekonomi,299,168,0.765886,0.714704,0.810324
gemma3-12b__reasoning_first/test_xsource__rag_k5,section,otomotif,16,1,0.8125,0.569911,0.934084
gemma3-12b__reasoning_first/test_xsource__rag_k5,section,hiburan,182,103,0.774725,0.708716,0.829377
gemma3-12b__reasoning_first/test_xsource__rag_k5,section,gaya-hidup,416,332,0.752404,0.708744,0.791445
gemma3-12b__reasoning_first/test_xsource__rag_k5,section,edukasi,5,0,1.0,0.565518,1.0
knn/bge-m3/test__1nn,host,kompas.com,79,1,0.797468,0.69604,0.871309
knn/bge-m3/test__1nn,host,thestar.com,717,364,0.965132,0.949035,0.976273
knn/bge-m3/test__1nn,host,biz.kompas.com,420,420,0.866667,0.830811,0.895876
knn/bge-m3/test__1nn,host,sport.tempo.co,14,0,1.0,0.784689,1.0
knn/bge-m3/test__1nn,host,tekno.tempo.co,19,2,0.894737,0.686059,0.970641
knn/bge-m3/test__1nn,host,viva.co.id,292,177,0.873288,0.830226,0.906655
knn/bge-m3/test__1nn,host,lifestyle.sindonews.com,41,4,0.878049,0.744558,0.946767
knn/bge-m3/test__1nn,host,oto.detik.com,11,4,0.636364,0.353801,0.848335
knn/bge-m3/test__1nn,host,otomotif.tempo.co,13,0,0.923077,0.66686,0.98629
knn/bge-m3/test__1nn,host,tekno.sindonews.com,42,19,0.714286,0.564328,0.82833
knn/bge-m3/test__1nn,host,metro.tempo.co,7,0,0.857143,0.486872,0.97432
knn/bge-m3/test__1nn,host,bola.tempo.co,10,0,1.0,0.722467,1.0
knn/bge-m3/test__1nn,host,sports.sindonews.com,9,9,0.777778,0.452589,0.936775
knn/bge-m3/test__1nn,host,health.detik.com,11,1,0.909091,0.622642,0.983768
knn/bge-m3/test__1nn,host,bisnis.tempo.co,15,2,0.8,0.548146,0.929525
knn/bge-m3/test__1nn,host,health.kompas.com,21,0,0.904762,0.710859,0.973481
knn/bge-m3/test__1nn,host,megapolitan.kompas.com,12,0,0.75,0.467695,0.911058
knn/bge-m3/test__1nn,host,nasional.sindonews.com,38,30,0.763158,0.607932,0.870063
knn/bge-m3/test__1nn,host,lifestyle.kompas.com,18,1,0.722222,0.491273,0.875002
knn/bge-m3/test__1nn,host,inet.detik.com,26,6,0.807692,0.621237,0.914929
knn/bge-m3/test__1nn,host,news.detik.com,29,6,0.793103,0.616099,0.901539
knn/bge-m3/test__1nn,host,otomotif.kompas.com,21,5,0.714286,0.500436,0.861861
knn/bge-m3/test__1nn,host,otomotif.sindonews.com,18,6,0.888889,0.672002,0.96898
knn/bge-m3/test__1nn,host,money.kompas.com,8,0,0.75,0.409275,0.928521
knn/bge-m3/test__1nn,host,edukasi.sindonews.com,23,8,0.73913,0.5353,0.874514
knn/bge-m3/test__1nn,host,surabaya.kompas.com,1,0,1.0,0.206549,1.0
knn/bge-m3/test__1nn,host,travel.tempo.co,21,1,0.809524,0.599994,0.923324
knn/bge-m3/test__1nn,host,food.detik.com,31,2,0.870968,0.711476,0.948657
knn/bge-m3/test__1nn,host,daerah.sindonews.com,12,0,0.833333,0.551969,0.953035
knn/bge-m3/test__1nn,host,gaya.tempo.co,23,0,0.869565,0.678725,0.954623
knn/bge-m3/test__1nn,host,finance.detik.com,35,8,0.6,0.435727,0.744493
knn/bge-m3/test__1nn,host,dunia.tempo.co,7,0,1.0,0.64567,1.0
knn/bge-m3/test__1nn,host,seleb.tempo.co,11,0,0.818182,0.523019,0.948632
knn/bge-m3/test__1nn,host,sport.detik.com,20,0,1.0,0.838875,1.0
knn/bge-m3/test__1nn,host,wolipop.detik.com,10,0,0.8,0.490162,0.943318
knn/bge-m3/test__1nn,host,ekbis.sindonews.com,13,2,0.615385,0.355229,0.822903
knn/bge-m3/test__1nn,host,tekno.kompas.com,6,1,0.833333,0.436497,0.969947
knn/bge-m3/test__1nn,host,nasional.kompas.com,7,0,1.0,0.64567,1.0
knn/bge-m3/test__1nn,host,regional.kompas.com,6,0,0.833333,0.436497,0.969947
knn/bge-m3/test__1nn,host,international.sindonews.com,11,0,1.0,0.741167,1.0
knn/bge-m3/test__1nn,host,hot.detik.com,17,1,0.705882,0.468669,0.8672
knn/bge-m3/test__1nn,host,makassar.kompas.com,1,0,1.0,0.206549,1.0
knn/bge-m3/test__1nn,host,sains.sindonews.com,13,0,0.923077,0.66686,0.98629
knn/bge-m3/test__1nn,host,go.kompas.com,1,1,1.0,0.206549,1.0
knn/bge-m3/test__1nn,host,bola.kompas.com,3,0,1.0,0.438503,1.0
knn/bge-m3/test__1nn,host,nasional.tempo.co,1,0,0.0,0.0,0.793451
knn/bge-m3/test__1nn,host,bandung.kompas.com,1,0,1.0,0.206549,1.0
knn/bge-m3/test__1nn,section,global,13,0,0.923077,0.66686,0.98629
knn/bge-m3/test__1nn,section,skola,9,0,0.666667,0.354202,0.879416
knn/bge-m3/test__1nn,section,sports,179,9,0.98324,0.951891,0.994284
knn/bge-m3/test__1nn,section,biz,420,420,0.866667,0.830811,0.895876
knn/bge-m3/test__1nn,section,sport,40,0,1.0,0.912378,1.0
knn/bge-m3/test__1nn,section,tekno,67,22,0.776119,0.66293,0.859363
knn/bge-m3/test__1nn,section,homey,10,1,0.6,0.312674,0.83182
knn/bge-m3/test__1nn,section,tren,9,0,0.888889,0.565,0.980109
knn/bge-m3/test__1nn,section,siaran-pers,170,170,0.935294,0.887862,0.963488
knn/bge-m3/test__1nn,section,lifestyle,59,5,0.830508,0.715368,0.905242
knn/bge-m3/test__1nn,section,news,158,6,0.905063,0.849276,0.941621
knn/bge-m3/test__1nn,section,globenewswire,364,364,0.980769,0.960843,0.990654
knn/bge-m3/test__1nn,section,oto,11,4,0.636364,0.353801,0.848335
knn/bge-m3/test__1nn,section,otomotif,55,12,0.818182,0.696695,0.898123
knn/bge-m3/test__1nn,section,entertainment,9,0,0.888889,0.565,0.980109
knn/bge-m3/test__1nn,section,metro,7,0,0.857143,0.486872,0.97432
knn/bge-m3/test__1nn,section,bola,29,0,0.965517,0.828245,0.993887
knn/bge-m3/test__1nn,section,health,32,1,0.90625,0.757818,0.967598
knn/bge-m3/test__1nn,section,bisnis,15,2,0.8,0.548146,0.929525
knn/bge-m3/test__1nn,section,business,16,0,0.625,0.38641,0.815188
knn/bge-m3/test__1nn,section,digital,17,4,0.588235,0.360054,0.783889
knn/bge-m3/test__1nn,section,megapolitan,12,0,0.75,0.467695,0.911058
knn/bge-m3/test__1nn,section,edukasi,33,8,0.727273,0.557824,0.849326
knn/bge-m3/test__1nn,section,nasional,46,30,0.782609,0.644263,0.877391
knn/bge-m3/test__1nn,section,inet,26,6,0.807692,0.621237,0.914929
knn/bge-m3/test__1nn,section,money,8,0,0.75,0.409275,0.928521
knn/bge-m3/test__1nn,section,surabaya,1,0,1.0,0.206549,1.0
knn/bge-m3/test__1nn,section,travel,21,1,0.809524,0.599994,0.923324
knn/bge-m3/test__1nn,section,food,52,2,0.884615,0.770283,0.94603
knn/bge-m3/test__1nn,section,daerah,12,0,0.833333,0.551969,0.953035
knn/bge-m3/test__1nn,section,gaya,23,0,0.869565,0.678725,0.954623
knn/bge-m3/test__1nn,section,showbiz,24,1,0.916667,0.741512,0.976841
knn/bge-m3/test__1nn,section,berita,13,0,0.846154,0.577654,0.956742
knn/bge-m3/test__1nn,section,properti,10,0,0.6,0.312674,0.83182
knn/bge-m3/test__1nn,section,finance,35,8,0.6,0.435727,0.744493
knn/bge-m3/test__1nn,section,trending,4,0,0.75,0.300642,0.954413
knn/bge-m3/test__1nn,section,dunia,7,0,1.0,0.64567,1.0
knn/bge-m3/test__1nn,section,seleb,11,0,0.818182,0.523019,0.948632
knn/bge-m3/test__1nn,section,wolipop,10,0,0.8,0.490162,0.943318
knn/bge-m3/test__1nn,section,ekbis,13,2,0.615385,0.355229,0.822903
knn/bge-m3/test__1nn,section,politics,16,0,1.0,0.806392,1.0
knn/bge-m3/test__1nn,section,opinion,9,0,1.0,0.700855,1.0
knn/bge-m3/test__1nn,section,gaya-hidup,16,1,0.5,0.279996,0.720004
knn/bge-m3/test__1nn,section,regional,6,0,0.833333,0.436497,0.969947
knn/bge-m3/test__1nn,section,ragam,11,0,1.0,0.741167,1.0
knn/bge-m3/test__1nn,section,international,11,0,1.0,0.741167,1.0
knn/bge-m3/test__1nn,section,hot,17,1,0.705882,0.468669,0.8672
knn/bge-m3/test__1nn,section,makassar,1,0,1.0,0.206549,1.0
knn/bge-m3/test__1nn,section,sains,13,0,0.923077,0.66686,0.98629
knn/bge-m3/test__1nn,section,go,1,1,1.0,0.206549,1.0
knn/bge-m3/test__1nn,section,militer,2,0,0.5,0.094531,0.905469
knn/bge-m3/test__1nn,section,life,7,0,0.857143,0.486872,0.97432
knn/bge-m3/test__1nn,section,sponsored-sections,1,0,1.0,0.206549,1.0
knn/bge-m3/test__1nn,section,badminton,1,0,1.0,0.206549,1.0
knn/bge-m3/test__1nn,section,edu,2,0,0.5,0.094531,0.905469
knn/bge-m3/test__1nn,section,bandung,1,0,1.0,0.206549,1.0
knn/bge-m3/test__weighted_k5,host,kompas.com,79,1,0.835443,0.738543,0.901233
knn/bge-m3/test__weighted_k5,host,thestar.com,717,364,0.974895,0.960667,0.984062
knn/bge-m3/test__weighted_k5,host,biz.kompas.com,420,420,0.919048,0.889006,0.941493
knn/bge-m3/test__weighted_k5,host,sport.tempo.co,14,0,1.0,0.784689,1.0
knn/bge-m3/test__weighted_k5,host,tekno.tempo.co,19,2,0.789474,0.566657,0.914923
knn/bge-m3/test__weighted_k5,host,viva.co.id,292,177,0.883562,0.841694,0.915469
knn/bge-m3/test__weighted_k5,host,lifestyle.sindonews.com,41,4,0.853659,0.715565,0.931158
knn/bge-m3/test__weighted_k5,host,oto.detik.com,11,4,0.636364,0.353801,0.848335
knn/bge-m3/test__weighted_k5,host,otomotif.tempo.co,13,0,0.923077,0.66686,0.98629
knn/bge-m3/test__weighted_k5,host,tekno.sindonews.com,42,19,0.690476,0.53974,0.809289
knn/bge-m3/test__weighted_k5,host,metro.tempo.co,7,0,0.714286,0.358934,0.917781
knn/bge-m3/test__weighted_k5,host,bola.tempo.co,10,0,1.0,0.722467,1.0
knn/bge-m3/test__weighted_k5,host,sports.sindonews.com,9,9,0.777778,0.452589,0.936775
knn/bge-m3/test__weighted_k5,host,health.detik.com,11,1,0.636364,0.353801,0.848335
knn/bge-m3/test__weighted_k5,host,bisnis.tempo.co,15,2,0.533333,0.30117,0.751905
knn/bge-m3/test__weighted_k5,host,health.kompas.com,21,0,0.952381,0.773306,0.991544
knn/bge-m3/test__weighted_k5,host,megapolitan.kompas.com,12,0,0.666667,0.390622,0.86188
knn/bge-m3/test__weighted_k5,host,nasional.sindonews.com,38,30,0.736842,0.579912,0.850284
knn/bge-m3/test__weighted_k5,host,lifestyle.kompas.com,18,1,0.777778,0.547854,0.909991
knn/bge-m3/test__weighted_k5,host,inet.detik.com,26,6,0.807692,0.621237,0.914929
knn/bge-m3/test__weighted_k5,host,news.detik.com,29,6,0.827586,0.654516,0.924021
knn/bge-m3/test__weighted_k5,host,otomotif.kompas.com,21,5,0.619048,0.408787,0.79249
knn/bge-m3/test__weighted_k5,host,otomotif.sindonews.com,18,6,1.0,0.824121,1.0
knn/bge-m3/test__weighted_k5,host,money.kompas.com,8,0,0.625,0.305742,0.863156
knn/bge-m3/test__weighted_k5,host,edukasi.sindonews.com,23,8,0.869565,0.678725,0.954623
knn/bge-m3/test__weighted_k5,host,surabaya.kompas.com,1,0,1.0,0.206549,1.0
knn/bge-m3/test__weighted_k5,host,travel.tempo.co,21,1,0.904762,0.710859,0.973481
knn/bge-m3/test__weighted_k5,host,food.detik.com,31,2,0.870968,0.711476,0.948657
knn/bge-m3/test__weighted_k5,host,daerah.sindonews.com,12,0,0.833333,0.551969,0.953035
knn/bge-m3/test__weighted_k5,host,gaya.tempo.co,23,0,0.869565,0.678725,0.954623
knn/bge-m3/test__weighted_k5,host,finance.detik.com,35,8,0.542857,0.381897,0.69534
knn/bge-m3/test__weighted_k5,host,dunia.tempo.co,7,0,1.0,0.64567,1.0
knn/bge-m3/test__weighted_k5,host,seleb.tempo.co,11,0,0.909091,0.622642,0.983768
knn/bge-m3/test__weighted_k5,host,sport.detik.com,20,0,1.0,0.838875,1.0
knn/bge-m3/test__weighted_k5,host,wolipop.detik.com,10,0,0.8,0.490162,0.943318
knn/bge-m3/test__weighted_k5,host,ekbis.sindonews.com,13,2,0.461538,0.232061,0.708562
knn/bge-m3/test__weighted_k5,host,tekno.kompas.com,6,1,1.0,0.609666,1.0
knn/bge-m3/test__weighted_k5,host,nasional.kompas.com,7,0,0.857143,0.486872,0.97432
knn/bge-m3/test__weighted_k5,host,regional.kompas.com,6,0,0.833333,0.436497,0.969947
knn/bge-m3/test__weighted_k5,host,international.sindonews.com,11,0,1.0,0.741167,1.0
knn/bge-m3/test__weighted_k5,host,hot.detik.com,17,1,0.764706,0.527382,0.90445
knn/bge-m3/test__weighted_k5,host,makassar.kompas.com,1,0,1.0,0.206549,1.0
knn/bge-m3/test__weighted_k5,host,sains.sindonews.com,13,0,0.923077,0.66686,0.98629
knn/bge-m3/test__weighted_k5,host,go.kompas.com,1,1,1.0,0.206549,1.0
knn/bge-m3/test__weighted_k5,host,bola.kompas.com,3,0,1.0,0.438503,1.0
knn/bge-m3/test__weighted_k5,host,nasional.tempo.co,1,0,0.0,0.0,0.793451
knn/bge-m3/test__weighted_k5,host,bandung.kompas.com,1,0,1.0,0.206549,1.0
knn/bge-m3/test__weighted_k5,section,global,13,0,1.0,0.771905,1.0
knn/bge-m3/test__weighted_k5,section,skola,9,0,0.666667,0.354202,0.879416
knn/bge-m3/test__weighted_k5,section,sports,179,9,0.98324,0.951891,0.994284
knn/bge-m3/test__weighted_k5,section,biz,420,420,0.919048,0.889006,0.941493
knn/bge-m3/test__weighted_k5,section,sport,40,0,1.0,0.912378,1.0
knn/bge-m3/test__weighted_k5,section,tekno,67,22,0.746269,0.630708,0.835121
knn/bge-m3/test__weighted_k5,section,homey,10,1,0.7,0.396778,0.892209
knn/bge-m3/test__weighted_k5,section,tren,9,0,0.888889,0.565,0.980109
knn/bge-m3/test__weighted_k5,section,siaran-pers,170,170,0.952941,0.9099,0.975964
knn/bge-m3/test__weighted_k5,section,lifestyle,59,5,0.830508,0.715368,0.905242
knn/bge-m3/test__weighted_k5,section,news,158,6,0.949367,0.903279,0.974123
knn/bge-m3/test__weighted_k5,section,globenewswire,364,364,0.983516,0.96451,0.992424
knn/bge-m3/test__weighted_k5,section,oto,11,4,0.636364,0.353801,0.848335
knn/bge-m3/test__weighted_k5,section,otomotif,55,12,0.818182,0.696695,0.898123
knn/bge-m3/test__weighted_k5,section,entertainment,9,0,1.0,0.700855,1.0
knn/bge-m3/test__weighted_k5,section,metro,7,0,0.714286,0.358934,0.917781
knn/bge-m3/test__weighted_k5,section,bola,29,0,0.965517,0.828245,0.993887
knn/bge-m3/test__weighted_k5,section,health,32,1,0.84375,0.682459,0.931356
knn/bge-m3/test__weighted_k5,section,bisnis,15,2,0.533333,0.30117,0.751905
knn/bge-m3/test__weighted_k5,section,business,16,0,0.625,0.38641,0.815188
knn/bge-m3/test__weighted_k5,section,digital,17,4,0.764706,0.527382,0.90445
knn/bge-m3/test__weighted_k5,section,megapolitan,12,0,0.666667,0.390622,0.86188
knn/bge-m3/test__weighted_k5,section,edukasi,33,8,0.818182,0.656118,0.913892
knn/bge-m3/test__weighted_k5,section,nasional,46,30,0.73913,0.597408,0.843991
knn/bge-m3/test__weighted_k5,section,inet,26,6,0.807692,0.621237,0.914929
knn/bge-m3/test__weighted_k5,section,money,8,0,0.625,0.305742,0.863156
knn/bge-m3/test__weighted_k5,section,surabaya,1,0,1.0,0.206549,1.0
knn/bge-m3/test__weighted_k5,section,travel,21,1,0.904762,0.710859,0.973481
knn/bge-m3/test__weighted_k5,section,food,52,2,0.903846,0.793904,0.958226
knn/bge-m3/test__weighted_k5,section,daerah,12,0,0.833333,0.551969,0.953035
knn/bge-m3/test__weighted_k5,section,gaya,23,0,0.869565,0.678725,0.954623
knn/bge-m3/test__weighted_k5,section,showbiz,24,1,0.875,0.689961,0.956557
knn/bge-m3/test__weighted_k5,section,berita,13,0,0.769231,0.497436,0.918205
knn/bge-m3/test__weighted_k5,section,properti,10,0,0.6,0.312674,0.83182
knn/bge-m3/test__weighted_k5,section,finance,35,8,0.542857,0.381897,0.69534
knn/bge-m3/test__weighted_k5,section,trending,4,0,1.0,0.510109,1.0
knn/bge-m3/test__weighted_k5,section,dunia,7,0,1.0,0.64567,1.0
knn/bge-m3/test__weighted_k5,section,seleb,11,0,0.909091,0.622642,0.983768
knn/bge-m3/test__weighted_k5,section,wolipop,10,0,0.8,0.490162,0.943318
knn/bge-m3/test__weighted_k5,section,ekbis,13,2,0.461538,0.232061,0.708562
knn/bge-m3/test__weighted_k5,section,politics,16,0,0.9375,0.716713,0.988881
knn/bge-m3/test__weighted_k5,section,opinion,9,0,1.0,0.700855,1.0
knn/bge-m3/test__weighted_k5,section,gaya-hidup,16,1,0.3125,0.141646,0.555956
knn/bge-m3/test__weighted_k5,section,regional,6,0,0.833333,0.436497,0.969947
knn/bge-m3/test__weighted_k5,section,ragam,11,0,1.0,0.741167,1.0
knn/bge-m3/test__weighted_k5,section,international,11,0,1.0,0.741167,1.0
knn/bge-m3/test__weighted_k5,section,hot,17,1,0.764706,0.527382,0.90445
knn/bge-m3/test__weighted_k5,section,makassar,1,0,1.0,0.206549,1.0
knn/bge-m3/test__weighted_k5,section,sains,13,0,0.923077,0.66686,0.98629
knn/bge-m3/test__weighted_k5,section,go,1,1,1.0,0.206549,1.0
knn/bge-m3/test__weighted_k5,section,militer,2,0,1.0,0.34238,1.0
knn/bge-m3/test__weighted_k5,section,life,7,0,0.857143,0.486872,0.97432
knn/bge-m3/test__weighted_k5,section,sponsored-sections,1,0,1.0,0.206549,1.0
knn/bge-m3/test__weighted_k5,section,badminton,1,0,1.0,0.206549,1.0
knn/bge-m3/test__weighted_k5,section,edu,2,0,0.5,0.094531,0.905469
knn/bge-m3/test__weighted_k5,section,bandung,1,0,1.0,0.206549,1.0
knn/bge-m3/test_xsource__1nn,host,cnnindonesia.com,2367,1205,0.797634,0.780973,0.813331
knn/bge-m3/test_xsource__1nn,section,teknologi,193,111,0.823834,0.763921,0.871108
knn/bge-m3/test_xsource__1nn,section,olahraga,291,17,0.85567,0.810656,0.891416
knn/bge-m3/test_xsource__1nn,section,internasional,216,90,0.810185,0.752644,0.856886
knn/bge-m3/test_xsource__1nn,section,nasional,749,383,0.809079,0.779382,0.835621
knn/bge-m3/test_xsource__1nn,section,ekonomi,299,168,0.765886,0.714704,0.810324
knn/bge-m3/test_xsource__1nn,section,otomotif,16,1,0.75,0.505017,0.898179
knn/bge-m3/test_xsource__1nn,section,hiburan,182,103,0.752747,0.685277,0.809768
knn/bge-m3/test_xsource__1nn,section,gaya-hidup,416,332,0.759615,0.716296,0.798184
knn/bge-m3/test_xsource__1nn,section,edukasi,5,0,1.0,0.565518,1.0
knn/bge-m3/test_xsource__weighted_k5,host,cnnindonesia.com,2367,1205,0.850866,0.835947,0.864648
knn/bge-m3/test_xsource__weighted_k5,section,teknologi,193,111,0.813472,0.752594,0.862114
knn/bge-m3/test_xsource__weighted_k5,section,olahraga,291,17,0.941581,0.908445,0.963209
knn/bge-m3/test_xsource__weighted_k5,section,internasional,216,90,0.842593,0.788094,0.885118
knn/bge-m3/test_xsource__weighted_k5,section,nasional,749,383,0.863818,0.837392,0.886532
knn/bge-m3/test_xsource__weighted_k5,section,ekonomi,299,168,0.802676,0.753849,0.843823
knn/bge-m3/test_xsource__weighted_k5,section,otomotif,16,1,0.5625,0.331786,0.769013
knn/bge-m3/test_xsource__weighted_k5,section,hiburan,182,103,0.840659,0.780529,0.886707
knn/bge-m3/test_xsource__weighted_k5,section,gaya-hidup,416,332,0.834135,0.795367,0.866788
knn/bge-m3/test_xsource__weighted_k5,section,edukasi,5,0,1.0,0.565518,1.0
knn/e5-large/test__1nn,host,kompas.com,79,1,0.797468,0.69604,0.871309
knn/e5-large/test__1nn,host,thestar.com,717,364,0.973501,0.958984,0.982971
knn/e5-large/test__1nn,host,biz.kompas.com,420,420,0.928571,0.899863,0.949511
knn/e5-large/test__1nn,host,sport.tempo.co,14,0,1.0,0.784689,1.0
knn/e5-large/test__1nn,host,tekno.tempo.co,19,2,0.894737,0.686059,0.970641
knn/e5-large/test__1nn,host,viva.co.id,292,177,0.886986,0.845535,0.918388
knn/e5-large/test__1nn,host,lifestyle.sindonews.com,41,4,0.878049,0.744558,0.946767
knn/e5-large/test__1nn,host,oto.detik.com,11,4,0.636364,0.353801,0.848335
knn/e5-large/test__1nn,host,otomotif.tempo.co,13,0,0.923077,0.66686,0.98629
knn/e5-large/test__1nn,host,tekno.sindonews.com,42,19,0.738095,0.589313,0.846974
knn/e5-large/test__1nn,host,metro.tempo.co,7,0,0.857143,0.486872,0.97432
knn/e5-large/test__1nn,host,bola.tempo.co,10,0,1.0,0.722467,1.0
knn/e5-large/test__1nn,host,sports.sindonews.com,9,9,0.777778,0.452589,0.936775
knn/e5-large/test__1nn,host,health.detik.com,11,1,0.818182,0.523019,0.948632
knn/e5-large/test__1nn,host,bisnis.tempo.co,15,2,0.8,0.548146,0.929525
knn/e5-large/test__1nn,host,health.kompas.com,21,0,0.857143,0.653639,0.95019
knn/e5-large/test__1nn,host,megapolitan.kompas.com,12,0,1.0,0.757506,1.0
knn/e5-large/test__1nn,host,nasional.sindonews.com,38,30,0.763158,0.607932,0.870063
knn/e5-large/test__1nn,host,lifestyle.kompas.com,18,1,0.833333,0.60778,0.941634
knn/e5-large/test__1nn,host,inet.detik.com,26,6,0.807692,0.621237,0.914929
knn/e5-large/test__1nn,host,news.detik.com,29,6,0.896552,0.736149,0.964185
knn/e5-large/test__1nn,host,otomotif.kompas.com,21,5,0.666667,0.453735,0.828052
knn/e5-large/test__1nn,host,otomotif.sindonews.com,18,6,0.944444,0.742427,0.990125
knn/e5-large/test__1nn,host,money.kompas.com,8,0,0.5,0.215216,0.784784
knn/e5-large/test__1nn,host,edukasi.sindonews.com,23,8,0.913043,0.73204,0.97582
knn/e5-large/test__1nn,host,surabaya.kompas.com,1,0,1.0,0.206549,1.0
knn/e5-large/test__1nn,host,travel.tempo.co,21,1,0.761905,0.549088,0.89372
knn/e5-large/test__1nn,host,food.detik.com,31,2,0.806452,0.637197,0.90813
knn/e5-large/test__1nn,host,daerah.sindonews.com,12,0,0.833333,0.551969,0.953035
knn/e5-large/test__1nn,host,gaya.tempo.co,23,0,0.869565,0.678725,0.954623
knn/e5-large/test__1nn,host,finance.detik.com,35,8,0.685714,0.520202,0.814492
knn/e5-large/test__1nn,host,dunia.tempo.co,7,0,1.0,0.64567,1.0
knn/e5-large/test__1nn,host,seleb.tempo.co,11,0,0.545455,0.280092,0.787287
knn/e5-large/test__1nn,host,sport.detik.com,20,0,1.0,0.838875,1.0
knn/e5-large/test__1nn,host,wolipop.detik.com,10,0,0.7,0.396778,0.892209
knn/e5-large/test__1nn,host,ekbis.sindonews.com,13,2,0.615385,0.355229,0.822903
knn/e5-large/test__1nn,host,tekno.kompas.com,6,1,0.833333,0.436497,0.969947
knn/e5-large/test__1nn,host,nasional.kompas.com,7,0,1.0,0.64567,1.0
knn/e5-large/test__1nn,host,regional.kompas.com,6,0,0.833333,0.436497,0.969947
knn/e5-large/test__1nn,host,international.sindonews.com,11,0,0.909091,0.622642,0.983768
knn/e5-large/test__1nn,host,hot.detik.com,17,1,0.764706,0.527382,0.90445
knn/e5-large/test__1nn,host,makassar.kompas.com,1,0,1.0,0.206549,1.0
knn/e5-large/test__1nn,host,sains.sindonews.com,13,0,0.769231,0.497436,0.918205
knn/e5-large/test__1nn,host,go.kompas.com,1,1,1.0,0.206549,1.0
knn/e5-large/test__1nn,host,bola.kompas.com,3,0,1.0,0.438503,1.0
knn/e5-large/test__1nn,host,nasional.tempo.co,1,0,1.0,0.206549,1.0
knn/e5-large/test__1nn,host,bandung.kompas.com,1,0,1.0,0.206549,1.0
knn/e5-large/test__1nn,section,global,13,0,1.0,0.771905,1.0
knn/e5-large/test__1nn,section,skola,9,0,0.666667,0.354202,0.879416
knn/e5-large/test__1nn,section,sports,179,9,0.988827,0.960183,0.996931
knn/e5-large/test__1nn,section,biz,420,420,0.928571,0.899863,0.949511
knn/e5-large/test__1nn,section,sport,40,0,1.0,0.912378,1.0
knn/e5-large/test__1nn,section,tekno,67,22,0.791045,0.679282,0.871243
knn/e5-large/test__1nn,section,homey,10,1,0.7,0.396778,0.892209
knn/e5-large/test__1nn,section,tren,9,0,0.888889,0.565,0.980109
knn/e5-large/test__1nn,section,siaran-pers,170,170,0.952941,0.9099,0.975964
knn/e5-large/test__1nn,section,lifestyle,59,5,0.864407,0.754603,0.929658
knn/e5-large/test__1nn,section,news,158,6,0.936709,0.887425,0.965262
knn/e5-large/test__1nn,section,globenewswire,364,364,0.986264,0.968252,0.994119
knn/e5-large/test__1nn,section,oto,11,4,0.636364,0.353801,0.848335
knn/e5-large/test__1nn,section,otomotif,55,12,0.8,0.676351,0.884478
knn/e5-large/test__1nn,section,entertainment,9,0,1.0,0.700855,1.0
knn/e5-large/test__1nn,section,metro,7,0,0.857143,0.486872,0.97432
knn/e5-large/test__1nn,section,bola,29,0,1.0,0.88303,1.0
knn/e5-large/test__1nn,section,health,32,1,0.84375,0.682459,0.931356
knn/e5-large/test__1nn,section,bisnis,15,2,0.8,0.548146,0.929525
knn/e5-large/test__1nn,section,business,16,0,0.625,0.38641,0.815188
knn/e5-large/test__1nn,section,digital,17,4,0.764706,0.527382,0.90445
knn/e5-large/test__1nn,section,megapolitan,12,0,1.0,0.757506,1.0
knn/e5-large/test__1nn,section,edukasi,33,8,0.848485,0.690801,0.933495
knn/e5-large/test__1nn,section,nasional,46,30,0.804348,0.668287,0.893494
knn/e5-large/test__1nn,section,inet,26,6,0.807692,0.621237,0.914929
knn/e5-large/test__1nn,section,money,8,0,0.5,0.215216,0.784784
knn/e5-large/test__1nn,section,surabaya,1,0,1.0,0.206549,1.0
knn/e5-large/test__1nn,section,travel,21,1,0.761905,0.549088,0.89372
knn/e5-large/test__1nn,section,food,52,2,0.826923,0.702691,0.906175
knn/e5-large/test__1nn,section,daerah,12,0,0.833333,0.551969,0.953035
knn/e5-large/test__1nn,section,gaya,23,0,0.869565,0.678725,0.954623
knn/e5-large/test__1nn,section,showbiz,24,1,0.875,0.689961,0.956557
knn/e5-large/test__1nn,section,berita,13,0,0.692308,0.423693,0.873193
knn/e5-large/test__1nn,section,properti,10,0,0.5,0.236593,0.763407
knn/e5-large/test__1nn,section,finance,35,8,0.685714,0.520202,0.814492
knn/e5-large/test__1nn,section,trending,4,0,0.75,0.300642,0.954413
knn/e5-large/test__1nn,section,dunia,7,0,1.0,0.64567,1.0
knn/e5-large/test__1nn,section,seleb,11,0,0.545455,0.280092,0.787287
knn/e5-large/test__1nn,section,wolipop,10,0,0.7,0.396778,0.892209
knn/e5-large/test__1nn,section,ekbis,13,2,0.615385,0.355229,0.822903
knn/e5-large/test__1nn,section,politics,16,0,0.9375,0.716713,0.988881
knn/e5-large/test__1nn,section,opinion,9,0,1.0,0.700855,1.0
knn/e5-large/test__1nn,section,gaya-hidup,16,1,0.5625,0.331786,0.769013
knn/e5-large/test__1nn,section,regional,6,0,0.833333,0.436497,0.969947
knn/e5-large/test__1nn,section,ragam,11,0,1.0,0.741167,1.0
knn/e5-large/test__1nn,section,international,11,0,0.909091,0.622642,0.983768
knn/e5-large/test__1nn,section,hot,17,1,0.764706,0.527382,0.90445
knn/e5-large/test__1nn,section,makassar,1,0,1.0,0.206549,1.0
knn/e5-large/test__1nn,section,sains,13,0,0.769231,0.497436,0.918205
knn/e5-large/test__1nn,section,go,1,1,1.0,0.206549,1.0
knn/e5-large/test__1nn,section,militer,2,0,0.5,0.094531,0.905469
knn/e5-large/test__1nn,section,life,7,0,1.0,0.64567,1.0
knn/e5-large/test__1nn,section,sponsored-sections,1,0,1.0,0.206549,1.0
knn/e5-large/test__1nn,section,badminton,1,0,1.0,0.206549,1.0
knn/e5-large/test__1nn,section,edu,2,0,0.5,0.094531,0.905469
knn/e5-large/test__1nn,section,bandung,1,0,1.0,0.206549,1.0
knn/e5-large/test__weighted_k5,host,kompas.com,79,1,0.860759,0.767627,0.920435
knn/e5-large/test__weighted_k5,host,thestar.com,717,364,0.970711,0.955641,0.980765
knn/e5-large/test__weighted_k5,host,biz.kompas.com,420,420,0.952381,0.927596,0.968965
knn/e5-large/test__weighted_k5,host,sport.tempo.co,14,0,1.0,0.784689,1.0
knn/e5-large/test__weighted_k5,host,tekno.tempo.co,19,2,0.842105,0.624345,0.944795
knn/e5-large/test__weighted_k5,host,viva.co.id,292,177,0.876712,0.834039,0.909602
knn/e5-large/test__weighted_k5,host,lifestyle.sindonews.com,41,4,0.853659,0.715565,0.931158
knn/e5-large/test__weighted_k5,host,oto.detik.com,11,4,0.727273,0.434355,0.902539
knn/e5-large/test__weighted_k5,host,otomotif.tempo.co,13,0,0.846154,0.577654,0.956742
knn/e5-large/test__weighted_k5,host,tekno.sindonews.com,42,19,0.761905,0.614725,0.86519
knn/e5-large/test__weighted_k5,host,metro.tempo.co,7,0,1.0,0.64567,1.0
knn/e5-large/test__weighted_k5,host,bola.tempo.co,10,0,1.0,0.722467,1.0
knn/e5-large/test__weighted_k5,host,sports.sindonews.com,9,9,0.777778,0.452589,0.936775
knn/e5-large/test__weighted_k5,host,health.detik.com,11,1,0.727273,0.434355,0.902539
knn/e5-large/test__weighted_k5,host,bisnis.tempo.co,15,2,0.733333,0.480496,0.891025
knn/e5-large/test__weighted_k5,host,health.kompas.com,21,0,0.904762,0.710859,0.973481
knn/e5-large/test__weighted_k5,host,megapolitan.kompas.com,12,0,1.0,0.757506,1.0
knn/e5-large/test__weighted_k5,host,nasional.sindonews.com,38,30,0.789474,0.636542,0.889252
knn/e5-large/test__weighted_k5,host,lifestyle.kompas.com,18,1,0.722222,0.491273,0.875002
knn/e5-large/test__weighted_k5,host,inet.detik.com,26,6,0.769231,0.579484,0.889662
knn/e5-large/test__weighted_k5,host,news.detik.com,29,6,0.862069,0.69441,0.945026
knn/e5-large/test__weighted_k5,host,otomotif.kompas.com,21,5,0.619048,0.408787,0.79249
knn/e5-large/test__weighted_k5,host,otomotif.sindonews.com,18,6,1.0,0.824121,1.0
knn/e5-large/test__weighted_k5,host,money.kompas.com,8,0,0.625,0.305742,0.863156
knn/e5-large/test__weighted_k5,host,edukasi.sindonews.com,23,8,0.826087,0.628624,0.930213
knn/e5-large/test__weighted_k5,host,surabaya.kompas.com,1,0,1.0,0.206549,1.0
knn/e5-large/test__weighted_k5,host,travel.tempo.co,21,1,0.857143,0.653639,0.95019
knn/e5-large/test__weighted_k5,host,food.detik.com,31,2,0.806452,0.637197,0.90813
knn/e5-large/test__weighted_k5,host,daerah.sindonews.com,12,0,0.916667,0.64612,0.985135
knn/e5-large/test__weighted_k5,host,gaya.tempo.co,23,0,0.826087,0.628624,0.930213
knn/e5-large/test__weighted_k5,host,finance.detik.com,35,8,0.714286,0.549451,0.836735
knn/e5-large/test__weighted_k5,host,dunia.tempo.co,7,0,1.0,0.64567,1.0
knn/e5-large/test__weighted_k5,host,seleb.tempo.co,11,0,0.727273,0.434355,0.902539
knn/e5-large/test__weighted_k5,host,sport.detik.com,20,0,1.0,0.838875,1.0
knn/e5-large/test__weighted_k5,host,wolipop.detik.com,10,0,0.7,0.396778,0.892209
knn/e5-large/test__weighted_k5,host,ekbis.sindonews.com,13,2,0.538462,0.291438,0.767939
knn/e5-large/test__weighted_k5,host,tekno.kompas.com,6,1,1.0,0.609666,1.0
knn/e5-large/test__weighted_k5,host,nasional.kompas.com,7,0,1.0,0.64567,1.0
knn/e5-large/test__weighted_k5,host,regional.kompas.com,6,0,0.833333,0.436497,0.969947
knn/e5-large/test__weighted_k5,host,international.sindonews.com,11,0,0.909091,0.622642,0.983768
knn/e5-large/test__weighted_k5,host,hot.detik.com,17,1,0.764706,0.527382,0.90445
knn/e5-large/test__weighted_k5,host,makassar.kompas.com,1,0,1.0,0.206549,1.0
knn/e5-large/test__weighted_k5,host,sains.sindonews.com,13,0,0.923077,0.66686,0.98629
knn/e5-large/test__weighted_k5,host,go.kompas.com,1,1,1.0,0.206549,1.0
knn/e5-large/test__weighted_k5,host,bola.kompas.com,3,0,1.0,0.438503,1.0
knn/e5-large/test__weighted_k5,host,nasional.tempo.co,1,0,0.0,0.0,0.793451
knn/e5-large/test__weighted_k5,host,bandung.kompas.com,1,0,1.0,0.206549,1.0
knn/e5-large/test__weighted_k5,section,global,13,0,1.0,0.771905,1.0
knn/e5-large/test__weighted_k5,section,skola,9,0,0.777778,0.452589,0.936775
knn/e5-large/test__weighted_k5,section,sports,179,9,0.988827,0.960183,0.996931
knn/e5-large/test__weighted_k5,section,biz,420,420,0.952381,0.927596,0.968965
knn/e5-large/test__weighted_k5,section,sport,40,0,1.0,0.912378,1.0
knn/e5-large/test__weighted_k5,section,tekno,67,22,0.80597,0.695809,0.882948
knn/e5-large/test__weighted_k5,section,homey,10,1,0.8,0.490162,0.943318
knn/e5-large/test__weighted_k5,section,tren,9,0,0.888889,0.565,0.980109
knn/e5-large/test__weighted_k5,section,siaran-pers,170,170,0.958824,0.917456,0.979913
knn/e5-large/test__weighted_k5,section,lifestyle,59,5,0.813559,0.69621,0.892573
knn/e5-large/test__weighted_k5,section,news,158,6,0.917722,0.864326,0.951287
knn/e5-large/test__weighted_k5,section,globenewswire,364,364,0.991758,0.976052,0.997193
knn/e5-large/test__weighted_k5,section,oto,11,4,0.727273,0.434355,0.902539
knn/e5-large/test__weighted_k5,section,otomotif,55,12,0.8,0.676351,0.884478
knn/e5-large/test__weighted_k5,section,entertainment,9,0,1.0,0.700855,1.0
knn/e5-large/test__weighted_k5,section,metro,7,0,1.0,0.64567,1.0
knn/e5-large/test__weighted_k5,section,bola,29,0,1.0,0.88303,1.0
knn/e5-large/test__weighted_k5,section,health,32,1,0.84375,0.682459,0.931356
knn/e5-large/test__weighted_k5,section,bisnis,15,2,0.733333,0.480496,0.891025
knn/e5-large/test__weighted_k5,section,business,16,0,0.5625,0.331786,0.769013
knn/e5-large/test__weighted_k5,section,digital,17,4,0.647059,0.413004,0.826903
knn/e5-large/test__weighted_k5,section,megapolitan,12,0,1.0,0.757506,1.0
knn/e5-large/test__weighted_k5,section,edukasi,33,8,0.757576,0.589754,0.871683
knn/e5-large/test__weighted_k5,section,nasional,46,30,0.804348,0.668287,0.893494
knn/e5-large/test__weighted_k5,section,inet,26,6,0.769231,0.579484,0.889662
knn/e5-large/test__weighted_k5,section,money,8,0,0.625,0.305742,0.863156
knn/e5-large/test__weighted_k5,section,surabaya,1,0,1.0,0.206549,1.0
knn/e5-large/test__weighted_k5,section,travel,21,1,0.857143,0.653639,0.95019
knn/e5-large/test__weighted_k5,section,food,52,2,0.865385,0.747267,0.933231
knn/e5-large/test__weighted_k5,section,daerah,12,0,0.916667,0.64612,0.985135
knn/e5-large/test__weighted_k5,section,gaya,23,0,0.826087,0.628624,0.930213
knn/e5-large/test__weighted_k5,section,showbiz,24,1,0.833333,0.641469,0.933213
knn/e5-large/test__weighted_k5,section,berita,13,0,0.769231,0.497436,0.918205
knn/e5-large/test__weighted_k5,section,properti,10,0,0.6,0.312674,0.83182
knn/e5-large/test__weighted_k5,section,finance,35,8,0.714286,0.549451,0.836735
knn/e5-large/test__weighted_k5,section,trending,4,0,0.75,0.300642,0.954413
knn/e5-large/test__weighted_k5,section,dunia,7,0,1.0,0.64567,1.0
knn/e5-large/test__weighted_k5,section,seleb,11,0,0.727273,0.434355,0.902539
knn/e5-large/test__weighted_k5,section,wolipop,10,0,0.7,0.396778,0.892209
knn/e5-large/test__weighted_k5,section,ekbis,13,2,0.538462,0.291438,0.767939
knn/e5-large/test__weighted_k5,section,politics,16,0,0.9375,0.716713,0.988881
knn/e5-large/test__weighted_k5,section,opinion,9,0,1.0,0.700855,1.0
knn/e5-large/test__weighted_k5,section,gaya-hidup,16,1,0.375,0.184812,0.61359
knn/e5-large/test__weighted_k5,section,regional,6,0,0.833333,0.436497,0.969947
knn/e5-large/test__weighted_k5,section,ragam,11,0,1.0,0.741167,1.0
knn/e5-large/test__weighted_k5,section,international,11,0,0.909091,0.622642,0.983768
knn/e5-large/test__weighted_k5,section,hot,17,1,0.764706,0.527382,0.90445
knn/e5-large/test__weighted_k5,section,makassar,1,0,1.0,0.206549,1.0
knn/e5-large/test__weighted_k5,section,sains,13,0,0.923077,0.66686,0.98629
knn/e5-large/test__weighted_k5,section,go,1,1,1.0,0.206549,1.0
knn/e5-large/test__weighted_k5,section,militer,2,0,1.0,0.34238,1.0
knn/e5-large/test__weighted_k5,section,life,7,0,0.857143,0.486872,0.97432
knn/e5-large/test__weighted_k5,section,sponsored-sections,1,0,1.0,0.206549,1.0
knn/e5-large/test__weighted_k5,section,badminton,1,0,1.0,0.206549,1.0
knn/e5-large/test__weighted_k5,section,edu,2,0,0.5,0.094531,0.905469
knn/e5-large/test__weighted_k5,section,bandung,1,0,1.0,0.206549,1.0
knn/e5-large/test_xsource__1nn,host,cnnindonesia.com,2367,1205,0.801014,0.784448,0.816604
knn/e5-large/test_xsource__1nn,section,teknologi,193,111,0.782383,0.718967,0.834778
knn/e5-large/test_xsource__1nn,section,olahraga,291,17,0.931271,0.896233,0.955072
knn/e5-large/test_xsource__1nn,section,internasional,216,90,0.819444,0.762711,0.865014
knn/e5-large/test_xsource__1nn,section,nasional,749,383,0.779706,0.74864,0.807918
knn/e5-large/test_xsource__1nn,section,ekonomi,299,168,0.785953,0.735989,0.828663
knn/e5-large/test_xsource__1nn,section,otomotif,16,1,0.75,0.505017,0.898179
knn/e5-large/test_xsource__1nn,section,hiburan,182,103,0.697802,0.627565,0.759862
knn/e5-large/test_xsource__1nn,section,gaya-hidup,416,332,0.805288,0.764515,0.840475
knn/e5-large/test_xsource__1nn,section,edukasi,5,0,0.8,0.375535,0.963776
knn/e5-large/test_xsource__weighted_k5,host,cnnindonesia.com,2367,1205,0.836924,0.821498,0.851259
knn/e5-large/test_xsource__weighted_k5,section,teknologi,193,111,0.797927,0.735718,0.848509
knn/e5-large/test_xsource__weighted_k5,section,olahraga,291,17,0.962199,0.933591,0.978764
knn/e5-large/test_xsource__weighted_k5,section,internasional,216,90,0.837963,0.782991,0.881124
knn/e5-large/test_xsource__weighted_k5,section,nasional,749,383,0.81976,0.790622,0.845634
knn/e5-large/test_xsource__weighted_k5,section,ekonomi,299,168,0.802676,0.753849,0.843823
knn/e5-large/test_xsource__weighted_k5,section,otomotif,16,1,0.75,0.505017,0.898179
knn/e5-large/test_xsource__weighted_k5,section,hiburan,182,103,0.791209,0.726444,0.843934
knn/e5-large/test_xsource__weighted_k5,section,gaya-hidup,416,332,0.846154,0.808329,0.877644
knn/e5-large/test_xsource__weighted_k5,section,edukasi,5,0,0.8,0.375535,0.963776
knn/minilm/test__1nn,host,kompas.com,79,1,0.746835,0.641057,0.829721
knn/minilm/test__1nn,host,thestar.com,717,364,0.948396,0.929681,0.962332
knn/minilm/test__1nn,host,biz.kompas.com,420,420,0.816667,0.776847,0.850746
knn/minilm/test__1nn,host,sport.tempo.co,14,0,0.857143,0.600586,0.959906
knn/minilm/test__1nn,host,tekno.tempo.co,19,2,0.631579,0.410395,0.808505
knn/minilm/test__1nn,host,viva.co.id,292,177,0.835616,0.788801,0.873716
knn/minilm/test__1nn,host,lifestyle.sindonews.com,41,4,0.780488,0.63295,0.879968
knn/minilm/test__1nn,host,oto.detik.com,11,4,0.454545,0.212713,0.719908
knn/minilm/test__1nn,host,otomotif.tempo.co,13,0,0.692308,0.423693,0.873193
knn/minilm/test__1nn,host,tekno.sindonews.com,42,19,0.619048,0.46814,0.750003
knn/minilm/test__1nn,host,metro.tempo.co,7,0,0.857143,0.486872,0.97432
knn/minilm/test__1nn,host,bola.tempo.co,10,0,1.0,0.722467,1.0
knn/minilm/test__1nn,host,sports.sindonews.com,9,9,0.666667,0.354202,0.879416
knn/minilm/test__1nn,host,health.detik.com,11,1,0.545455,0.280092,0.787287
knn/minilm/test__1nn,host,bisnis.tempo.co,15,2,0.333333,0.151763,0.582865
knn/minilm/test__1nn,host,health.kompas.com,21,0,0.714286,0.500436,0.861861
knn/minilm/test__1nn,host,megapolitan.kompas.com,12,0,0.5,0.253782,0.746218
knn/minilm/test__1nn,host,nasional.sindonews.com,38,30,0.631579,0.47284,0.766158
knn/minilm/test__1nn,host,lifestyle.kompas.com,18,1,0.333333,0.162788,0.562505
knn/minilm/test__1nn,host,inet.detik.com,26,6,0.615385,0.425349,0.775714
knn/minilm/test__1nn,host,news.detik.com,29,6,0.62069,0.440025,0.77312
knn/minilm/test__1nn,host,otomotif.kompas.com,21,5,0.571429,0.365466,0.7553
knn/minilm/test__1nn,host,otomotif.sindonews.com,18,6,0.722222,0.491273,0.875002
knn/minilm/test__1nn,host,money.kompas.com,8,0,0.5,0.215216,0.784784
knn/minilm/test__1nn,host,edukasi.sindonews.com,23,8,0.608696,0.407855,0.778424
knn/minilm/test__1nn,host,surabaya.kompas.com,1,0,1.0,0.206549,1.0
knn/minilm/test__1nn,host,travel.tempo.co,21,1,0.666667,0.453735,0.828052
knn/minilm/test__1nn,host,food.detik.com,31,2,0.612903,0.438241,0.762669
knn/minilm/test__1nn,host,daerah.sindonews.com,12,0,0.416667,0.19326,0.680489
knn/minilm/test__1nn,host,gaya.tempo.co,23,0,0.652174,0.448903,0.811887
knn/minilm/test__1nn,host,finance.detik.com,35,8,0.514286,0.355688,0.670058
knn/minilm/test__1nn,host,dunia.tempo.co,7,0,0.857143,0.486872,0.97432
knn/minilm/test__1nn,host,seleb.tempo.co,11,0,0.727273,0.434355,0.902539
knn/minilm/test__1nn,host,sport.detik.com,20,0,0.95,0.763869,0.991119
knn/minilm/test__1nn,host,wolipop.detik.com,10,0,0.8,0.490162,0.943318
knn/minilm/test__1nn,host,ekbis.sindonews.com,13,2,0.461538,0.232061,0.708562
knn/minilm/test__1nn,host,tekno.kompas.com,6,1,0.5,0.187616,0.812384
knn/minilm/test__1nn,host,nasional.kompas.com,7,0,0.857143,0.486872,0.97432
knn/minilm/test__1nn,host,regional.kompas.com,6,0,0.5,0.187616,0.812384
knn/minilm/test__1nn,host,international.sindonews.com,11,0,0.909091,0.622642,0.983768
knn/minilm/test__1nn,host,hot.detik.com,17,1,0.705882,0.468669,0.8672
knn/minilm/test__1nn,host,makassar.kompas.com,1,0,0.0,0.0,0.793451
knn/minilm/test__1nn,host,sains.sindonews.com,13,0,0.615385,0.355229,0.822903
knn/minilm/test__1nn,host,go.kompas.com,1,1,1.0,0.206549,1.0
knn/minilm/test__1nn,host,bola.kompas.com,3,0,1.0,0.438503,1.0
knn/minilm/test__1nn,host,nasional.tempo.co,1,0,1.0,0.206549,1.0
knn/minilm/test__1nn,host,bandung.kompas.com,1,0,1.0,0.206549,1.0
knn/minilm/test__1nn,section,global,13,0,0.769231,0.497436,0.918205
knn/minilm/test__1nn,section,skola,9,0,0.666667,0.354202,0.879416
knn/minilm/test__1nn,section,sports,179,9,0.98324,0.951891,0.994284
knn/minilm/test__1nn,section,biz,420,420,0.816667,0.776847,0.850746
knn/minilm/test__1nn,section,sport,40,0,0.925,0.801358,0.974164
knn/minilm/test__1nn,section,tekno,67,22,0.61194,0.492231,0.71951
knn/minilm/test__1nn,section,homey,10,1,0.7,0.396778,0.892209
knn/minilm/test__1nn,section,tren,9,0,0.777778,0.452589,0.936775
knn/minilm/test__1nn,section,siaran-pers,170,170,0.888235,0.83204,0.927272
knn/minilm/test__1nn,section,lifestyle,59,5,0.644068,0.516555,0.753967
knn/minilm/test__1nn,section,news,158,6,0.85443,0.791036,0.901
knn/minilm/test__1nn,section,globenewswire,364,364,0.958791,0.933129,0.97487
knn/minilm/test__1nn,section,oto,11,4,0.454545,0.212713,0.719908
knn/minilm/test__1nn,section,otomotif,55,12,0.618182,0.486092,0.73484
knn/minilm/test__1nn,section,entertainment,9,0,0.777778,0.452589,0.936775
knn/minilm/test__1nn,section,metro,7,0,0.857143,0.486872,0.97432
knn/minilm/test__1nn,section,bola,29,0,0.965517,0.828245,0.993887
knn/minilm/test__1nn,section,health,32,1,0.65625,0.483111,0.795896
knn/minilm/test__1nn,section,bisnis,15,2,0.333333,0.151763,0.582865
knn/minilm/test__1nn,section,business,16,0,0.75,0.505017,0.898179
knn/minilm/test__1nn,section,digital,17,4,0.647059,0.413004,0.826903
knn/minilm/test__1nn,section,megapolitan,12,0,0.5,0.253782,0.746218
knn/minilm/test__1nn,section,edukasi,33,8,0.545455,0.379859,0.701571
knn/minilm/test__1nn,section,nasional,46,30,0.673913,0.529677,0.791341
knn/minilm/test__1nn,section,inet,26,6,0.615385,0.425349,0.775714
knn/minilm/test__1nn,section,money,8,0,0.5,0.215216,0.784784
knn/minilm/test__1nn,section,surabaya,1,0,1.0,0.206549,1.0
knn/minilm/test__1nn,section,travel,21,1,0.666667,0.453735,0.828052
knn/minilm/test__1nn,section,food,52,2,0.692308,0.557304,0.800853
knn/minilm/test__1nn,section,daerah,12,0,0.416667,0.19326,0.680489
knn/minilm/test__1nn,section,gaya,23,0,0.652174,0.448903,0.811887
knn/minilm/test__1nn,section,showbiz,24,1,0.875,0.689961,0.956557
knn/minilm/test__1nn,section,berita,13,0,0.769231,0.497436,0.918205
knn/minilm/test__1nn,section,properti,10,0,0.5,0.236593,0.763407
knn/minilm/test__1nn,section,finance,35,8,0.514286,0.355688,0.670058
knn/minilm/test__1nn,section,trending,4,0,1.0,0.510109,1.0
knn/minilm/test__1nn,section,dunia,7,0,0.857143,0.486872,0.97432
knn/minilm/test__1nn,section,seleb,11,0,0.727273,0.434355,0.902539
knn/minilm/test__1nn,section,wolipop,10,0,0.8,0.490162,0.943318
knn/minilm/test__1nn,section,ekbis,13,2,0.461538,0.232061,0.708562
knn/minilm/test__1nn,section,politics,16,0,0.9375,0.716713,0.988881
knn/minilm/test__1nn,section,opinion,9,0,1.0,0.700855,1.0
knn/minilm/test__1nn,section,gaya-hidup,16,1,0.625,0.38641,0.815188
knn/minilm/test__1nn,section,regional,6,0,0.5,0.187616,0.812384
knn/minilm/test__1nn,section,ragam,11,0,1.0,0.741167,1.0
knn/minilm/test__1nn,section,international,11,0,0.909091,0.622642,0.983768
knn/minilm/test__1nn,section,hot,17,1,0.705882,0.468669,0.8672
knn/minilm/test__1nn,section,makassar,1,0,0.0,0.0,0.793451
knn/minilm/test__1nn,section,sains,13,0,0.615385,0.355229,0.822903
knn/minilm/test__1nn,section,go,1,1,1.0,0.206549,1.0
knn/minilm/test__1nn,section,militer,2,0,0.5,0.094531,0.905469
knn/minilm/test__1nn,section,life,7,0,0.571429,0.250458,0.84178
knn/minilm/test__1nn,section,sponsored-sections,1,0,1.0,0.206549,1.0
knn/minilm/test__1nn,section,badminton,1,0,1.0,0.206549,1.0
knn/minilm/test__1nn,section,edu,2,0,1.0,0.34238,1.0
knn/minilm/test__1nn,section,bandung,1,0,1.0,0.206549,1.0
knn/minilm/test__weighted_k5,host,kompas.com,79,1,0.734177,0.62757,0.819067
knn/minilm/test__weighted_k5,host,thestar.com,717,364,0.95258,0.934467,0.96587
knn/minilm/test__weighted_k5,host,biz.kompas.com,420,420,0.87619,0.84124,0.904322
knn/minilm/test__weighted_k5,host,sport.tempo.co,14,0,1.0,0.784689,1.0
knn/minilm/test__weighted_k5,host,tekno.tempo.co,19,2,0.684211,0.460104,0.846356
knn/minilm/test__weighted_k5,host,viva.co.id,292,177,0.832192,0.785077,0.870679
knn/minilm/test__weighted_k5,host,lifestyle.sindonews.com,41,4,0.756098,0.606567,0.86175
knn/minilm/test__weighted_k5,host,oto.detik.com,11,4,0.636364,0.353801,0.848335
knn/minilm/test__weighted_k5,host,otomotif.tempo.co,13,0,0.769231,0.497436,0.918205
knn/minilm/test__weighted_k5,host,tekno.sindonews.com,42,19,0.595238,0.444943,0.729571
knn/minilm/test__weighted_k5,host,metro.tempo.co,7,0,1.0,0.64567,1.0
knn/minilm/test__weighted_k5,host,bola.tempo.co,10,0,0.9,0.59585,0.982124
knn/minilm/test__weighted_k5,host,sports.sindonews.com,9,9,0.777778,0.452589,0.936775
knn/minilm/test__weighted_k5,host,health.detik.com,11,1,0.363636,0.151665,0.646199
knn/minilm/test__weighted_k5,host,bisnis.tempo.co,15,2,0.333333,0.151763,0.582865
knn/minilm/test__weighted_k5,host,health.kompas.com,21,0,0.714286,0.500436,0.861861
knn/minilm/test__weighted_k5,host,megapolitan.kompas.com,12,0,0.666667,0.390622,0.86188
knn/minilm/test__weighted_k5,host,nasional.sindonews.com,38,30,0.684211,0.525442,0.809154
knn/minilm/test__weighted_k5,host,lifestyle.kompas.com,18,1,0.444444,0.245595,0.662836
knn/minilm/test__weighted_k5,host,inet.detik.com,26,6,0.692308,0.500117,0.834987
knn/minilm/test__weighted_k5,host,news.detik.com,29,6,0.724138,0.542829,0.853012
knn/minilm/test__weighted_k5,host,otomotif.kompas.com,21,5,0.714286,0.500436,0.861861
knn/minilm/test__weighted_k5,host,otomotif.sindonews.com,18,6,0.777778,0.547854,0.909991
knn/minilm/test__weighted_k5,host,money.kompas.com,8,0,0.375,0.136844,0.694258
knn/minilm/test__weighted_k5,host,edukasi.sindonews.com,23,8,0.695652,0.491342,0.84396
knn/minilm/test__weighted_k5,host,surabaya.kompas.com,1,0,1.0,0.206549,1.0
knn/minilm/test__weighted_k5,host,travel.tempo.co,21,1,0.666667,0.453735,0.828052
knn/minilm/test__weighted_k5,host,food.detik.com,31,2,0.709677,0.534077,0.839042
knn/minilm/test__weighted_k5,host,daerah.sindonews.com,12,0,0.583333,0.319511,0.80674
knn/minilm/test__weighted_k5,host,gaya.tempo.co,23,0,0.434783,0.256346,0.631886
knn/minilm/test__weighted_k5,host,finance.detik.com,35,8,0.514286,0.355688,0.670058
knn/minilm/test__weighted_k5,host,dunia.tempo.co,7,0,0.714286,0.358934,0.917781
knn/minilm/test__weighted_k5,host,seleb.tempo.co,11,0,0.818182,0.523019,0.948632
knn/minilm/test__weighted_k5,host,sport.detik.com,20,0,0.95,0.763869,0.991119
knn/minilm/test__weighted_k5,host,wolipop.detik.com,10,0,0.9,0.59585,0.982124
knn/minilm/test__weighted_k5,host,ekbis.sindonews.com,13,2,0.307692,0.126807,0.576307
knn/minilm/test__weighted_k5,host,tekno.kompas.com,6,1,0.666667,0.299993,0.903229
knn/minilm/test__weighted_k5,host,nasional.kompas.com,7,0,0.857143,0.486872,0.97432
knn/minilm/test__weighted_k5,host,regional.kompas.com,6,0,0.666667,0.299993,0.903229
knn/minilm/test__weighted_k5,host,international.sindonews.com,11,0,0.818182,0.523019,0.948632
knn/minilm/test__weighted_k5,host,hot.detik.com,17,1,0.764706,0.527382,0.90445
knn/minilm/test__weighted_k5,host,makassar.kompas.com,1,0,0.0,0.0,0.793451
knn/minilm/test__weighted_k5,host,sains.sindonews.com,13,0,0.923077,0.66686,0.98629
knn/minilm/test__weighted_k5,host,go.kompas.com,1,1,1.0,0.206549,1.0
knn/minilm/test__weighted_k5,host,bola.kompas.com,3,0,1.0,0.438503,1.0
knn/minilm/test__weighted_k5,host,nasional.tempo.co,1,0,0.0,0.0,0.793451
knn/minilm/test__weighted_k5,host,bandung.kompas.com,1,0,1.0,0.206549,1.0
knn/minilm/test__weighted_k5,section,global,13,0,0.615385,0.355229,0.822903
knn/minilm/test__weighted_k5,section,skola,9,0,0.555556,0.266651,0.811221
knn/minilm/test__weighted_k5,section,sports,179,9,0.988827,0.960183,0.996931
knn/minilm/test__weighted_k5,section,biz,420,420,0.87619,0.84124,0.904322
knn/minilm/test__weighted_k5,section,sport,40,0,0.975,0.871186,0.995573
knn/minilm/test__weighted_k5,section,tekno,67,22,0.626866,0.507154,0.732818
knn/minilm/test__weighted_k5,section,homey,10,1,0.6,0.312674,0.83182
knn/minilm/test__weighted_k5,section,tren,9,0,0.888889,0.565,0.980109
knn/minilm/test__weighted_k5,section,siaran-pers,170,170,0.923529,0.873573,0.954768
knn/minilm/test__weighted_k5,section,lifestyle,59,5,0.661017,0.533725,0.768623
knn/minilm/test__weighted_k5,section,news,158,6,0.886076,0.827112,0.926712
knn/minilm/test__weighted_k5,section,globenewswire,364,364,0.967033,0.943269,0.981043
knn/minilm/test__weighted_k5,section,oto,11,4,0.636364,0.353801,0.848335
knn/minilm/test__weighted_k5,section,otomotif,55,12,0.745455,0.616981,0.841879
knn/minilm/test__weighted_k5,section,entertainment,9,0,0.777778,0.452589,0.936775
knn/minilm/test__weighted_k5,section,metro,7,0,1.0,0.64567,1.0
knn/minilm/test__weighted_k5,section,bola,29,0,0.931034,0.780354,0.980879
knn/minilm/test__weighted_k5,section,health,32,1,0.59375,0.4226,0.744804
knn/minilm/test__weighted_k5,section,bisnis,15,2,0.333333,0.151763,0.582865
knn/minilm/test__weighted_k5,section,business,16,0,0.625,0.38641,0.815188
knn/minilm/test__weighted_k5,section,digital,17,4,0.411765,0.216111,0.639946
knn/minilm/test__weighted_k5,section,megapolitan,12,0,0.666667,0.390622,0.86188
knn/minilm/test__weighted_k5,section,edukasi,33,8,0.636364,0.466162,0.778128
knn/minilm/test__weighted_k5,section,nasional,46,30,0.695652,0.551944,0.809202
knn/minilm/test__weighted_k5,section,inet,26,6,0.692308,0.500117,0.834987
knn/minilm/test__weighted_k5,section,money,8,0,0.375,0.136844,0.694258
knn/minilm/test__weighted_k5,section,surabaya,1,0,1.0,0.206549,1.0
knn/minilm/test__weighted_k5,section,travel,21,1,0.666667,0.453735,0.828052
knn/minilm/test__weighted_k5,section,food,52,2,0.769231,0.638662,0.862757
knn/minilm/test__weighted_k5,section,daerah,12,0,0.583333,0.319511,0.80674
knn/minilm/test__weighted_k5,section,gaya,23,0,0.434783,0.256346,0.631886
knn/minilm/test__weighted_k5,section,showbiz,24,1,0.875,0.689961,0.956557
knn/minilm/test__weighted_k5,section,berita,13,0,0.538462,0.291438,0.767939
knn/minilm/test__weighted_k5,section,properti,10,0,0.6,0.312674,0.83182
knn/minilm/test__weighted_k5,section,finance,35,8,0.514286,0.355688,0.670058
knn/minilm/test__weighted_k5,section,trending,4,0,1.0,0.510109,1.0
knn/minilm/test__weighted_k5,section,dunia,7,0,0.714286,0.358934,0.917781
knn/minilm/test__weighted_k5,section,seleb,11,0,0.818182,0.523019,0.948632
knn/minilm/test__weighted_k5,section,wolipop,10,0,0.9,0.59585,0.982124
knn/minilm/test__weighted_k5,section,ekbis,13,2,0.307692,0.126807,0.576307
knn/minilm/test__weighted_k5,section,politics,16,0,0.9375,0.716713,0.988881
knn/minilm/test__weighted_k5,section,opinion,9,0,1.0,0.700855,1.0
knn/minilm/test__weighted_k5,section,gaya-hidup,16,1,0.375,0.184812,0.61359
knn/minilm/test__weighted_k5,section,regional,6,0,0.666667,0.299993,0.903229
knn/minilm/test__weighted_k5,section,ragam,11,0,1.0,0.741167,1.0
knn/minilm/test__weighted_k5,section,international,11,0,0.818182,0.523019,0.948632
knn/minilm/test__weighted_k5,section,hot,17,1,0.764706,0.527382,0.90445
knn/minilm/test__weighted_k5,section,makassar,1,0,0.0,0.0,0.793451
knn/minilm/test__weighted_k5,section,sains,13,0,0.923077,0.66686,0.98629
knn/minilm/test__weighted_k5,section,go,1,1,1.0,0.206549,1.0
knn/minilm/test__weighted_k5,section,militer,2,0,1.0,0.34238,1.0
knn/minilm/test__weighted_k5,section,life,7,0,0.571429,0.250458,0.84178
knn/minilm/test__weighted_k5,section,sponsored-sections,1,0,1.0,0.206549,1.0
knn/minilm/test__weighted_k5,section,badminton,1,0,1.0,0.206549,1.0
knn/minilm/test__weighted_k5,section,edu,2,0,1.0,0.34238,1.0
knn/minilm/test__weighted_k5,section,bandung,1,0,1.0,0.206549,1.0
knn/minilm/test_xsource__1nn,host,cnnindonesia.com,2367,1205,0.675116,0.655979,0.693686
knn/minilm/test_xsource__1nn,section,teknologi,193,111,0.663212,0.593928,0.726127
knn/minilm/test_xsource__1nn,section,olahraga,291,17,0.800687,0.751003,0.842536
knn/minilm/test_xsource__1nn,section,internasional,216,90,0.699074,0.634866,0.756325
knn/minilm/test_xsource__1nn,section,nasional,749,383,0.666222,0.631678,0.699069
knn/minilm/test_xsource__1nn,section,ekonomi,299,168,0.628763,0.572691,0.681568
knn/minilm/test_xsource__1nn,section,otomotif,16,1,0.6875,0.444044,0.858354
knn/minilm/test_xsource__1nn,section,hiburan,182,103,0.708791,0.639014,0.769937
knn/minilm/test_xsource__1nn,section,gaya-hidup,416,332,0.615385,0.567781,0.660877
knn/minilm/test_xsource__1nn,section,edukasi,5,0,0.6,0.230724,0.882379
knn/minilm/test_xsource__weighted_k5,host,cnnindonesia.com,2367,1205,0.722011,0.703614,0.739688
knn/minilm/test_xsource__weighted_k5,section,teknologi,193,111,0.715026,0.64763,0.774029
knn/minilm/test_xsource__weighted_k5,section,olahraga,291,17,0.865979,0.822034,0.900388
knn/minilm/test_xsource__weighted_k5,section,internasional,216,90,0.773148,0.71281,0.823941
knn/minilm/test_xsource__weighted_k5,section,nasional,749,383,0.70227,0.668558,0.733917
knn/minilm/test_xsource__weighted_k5,section,ekonomi,299,168,0.685619,0.630922,0.735606
knn/minilm/test_xsource__weighted_k5,section,otomotif,16,1,0.75,0.505017,0.898179
knn/minilm/test_xsource__weighted_k5,section,hiburan,182,103,0.769231,0.702835,0.824496
knn/minilm/test_xsource__weighted_k5,section,gaya-hidup,416,332,0.641827,0.594648,0.68641
knn/minilm/test_xsource__weighted_k5,section,edukasi,5,0,0.4,0.117621,0.769276
zeroshot__gemma3-12b/test__norag,host,kompas.com,79,1,0.620253,0.510019,0.719335
zeroshot__gemma3-12b/test__norag,host,thestar.com,717,364,0.842399,0.813913,0.867236
zeroshot__gemma3-12b/test__norag,host,biz.kompas.com,420,420,0.764286,0.721411,0.802369
zeroshot__gemma3-12b/test__norag,host,sport.tempo.co,14,0,0.928571,0.685313,0.987278
zeroshot__gemma3-12b/test__norag,host,tekno.tempo.co,19,2,0.894737,0.686059,0.970641
zeroshot__gemma3-12b/test__norag,host,viva.co.id,292,177,0.616438,0.559497,0.670356
zeroshot__gemma3-12b/test__norag,host,lifestyle.sindonews.com,41,4,0.804878,0.659864,0.897656
zeroshot__gemma3-12b/test__norag,host,oto.detik.com,11,4,0.545455,0.280092,0.787287
zeroshot__gemma3-12b/test__norag,host,otomotif.tempo.co,13,0,0.461538,0.232061,0.708562
zeroshot__gemma3-12b/test__norag,host,tekno.sindonews.com,42,19,0.571429,0.422062,0.708823
zeroshot__gemma3-12b/test__norag,host,metro.tempo.co,7,0,1.0,0.64567,1.0
zeroshot__gemma3-12b/test__norag,host,bola.tempo.co,10,0,0.9,0.59585,0.982124
zeroshot__gemma3-12b/test__norag,host,sports.sindonews.com,9,9,0.777778,0.452589,0.936775
zeroshot__gemma3-12b/test__norag,host,health.detik.com,11,1,0.818182,0.523019,0.948632
zeroshot__gemma3-12b/test__norag,host,bisnis.tempo.co,15,2,0.733333,0.480496,0.891025
zeroshot__gemma3-12b/test__norag,host,health.kompas.com,21,0,0.904762,0.710859,0.973481
zeroshot__gemma3-12b/test__norag,host,megapolitan.kompas.com,12,0,1.0,0.757506,1.0
zeroshot__gemma3-12b/test__norag,host,nasional.sindonews.com,38,30,0.578947,0.421923,0.721475
zeroshot__gemma3-12b/test__norag,host,lifestyle.kompas.com,18,1,0.611111,0.38619,0.796948
zeroshot__gemma3-12b/test__norag,host,inet.detik.com,26,6,0.692308,0.500117,0.834987
zeroshot__gemma3-12b/test__norag,host,news.detik.com,29,6,0.896552,0.736149,0.964185
zeroshot__gemma3-12b/test__norag,host,otomotif.kompas.com,21,5,0.52381,0.323695,0.71656
zeroshot__gemma3-12b/test__norag,host,otomotif.sindonews.com,18,6,0.888889,0.672002,0.96898
zeroshot__gemma3-12b/test__norag,host,money.kompas.com,8,0,0.375,0.136844,0.694258
zeroshot__gemma3-12b/test__norag,host,edukasi.sindonews.com,23,8,0.608696,0.407855,0.778424
zeroshot__gemma3-12b/test__norag,host,surabaya.kompas.com,1,0,1.0,0.206549,1.0
zeroshot__gemma3-12b/test__norag,host,travel.tempo.co,21,1,0.619048,0.408787,0.79249
zeroshot__gemma3-12b/test__norag,host,food.detik.com,31,2,0.516129,0.348404,0.680297
zeroshot__gemma3-12b/test__norag,host,daerah.sindonews.com,12,0,0.833333,0.551969,0.953035
zeroshot__gemma3-12b/test__norag,host,gaya.tempo.co,23,0,0.782609,0.580965,0.90336
zeroshot__gemma3-12b/test__norag,host,finance.detik.com,35,8,0.571429,0.408574,0.720154
zeroshot__gemma3-12b/test__norag,host,dunia.tempo.co,7,0,1.0,0.64567,1.0
zeroshot__gemma3-12b/test__norag,host,seleb.tempo.co,11,0,0.636364,0.353801,0.848335
zeroshot__gemma3-12b/test__norag,host,sport.detik.com,20,0,0.85,0.639581,0.947631
zeroshot__gemma3-12b/test__norag,host,wolipop.detik.com,10,0,0.7,0.396778,0.892209
zeroshot__gemma3-12b/test__norag,host,ekbis.sindonews.com,13,2,0.538462,0.291438,0.767939
zeroshot__gemma3-12b/test__norag,host,tekno.kompas.com,6,1,0.166667,0.030053,0.563503
zeroshot__gemma3-12b/test__norag,host,nasional.kompas.com,7,0,1.0,0.64567,1.0
zeroshot__gemma3-12b/test__norag,host,regional.kompas.com,6,0,1.0,0.609666,1.0
zeroshot__gemma3-12b/test__norag,host,international.sindonews.com,11,0,0.909091,0.622642,0.983768
zeroshot__gemma3-12b/test__norag,host,hot.detik.com,17,1,0.588235,0.360054,0.783889
zeroshot__gemma3-12b/test__norag,host,makassar.kompas.com,1,0,1.0,0.206549,1.0
zeroshot__gemma3-12b/test__norag,host,sains.sindonews.com,13,0,0.769231,0.497436,0.918205
zeroshot__gemma3-12b/test__norag,host,go.kompas.com,1,1,1.0,0.206549,1.0
zeroshot__gemma3-12b/test__norag,host,bola.kompas.com,3,0,0.666667,0.20766,0.938508
zeroshot__gemma3-12b/test__norag,host,nasional.tempo.co,1,0,1.0,0.206549,1.0
zeroshot__gemma3-12b/test__norag,host,bandung.kompas.com,1,0,1.0,0.206549,1.0
zeroshot__gemma3-12b/test__norag,section,global,13,0,1.0,0.771905,1.0
zeroshot__gemma3-12b/test__norag,section,skola,9,0,0.888889,0.565,0.980109
zeroshot__gemma3-12b/test__norag,section,sports,179,9,0.960894,0.921491,0.98093
zeroshot__gemma3-12b/test__norag,section,biz,420,420,0.764286,0.721411,0.802369
zeroshot__gemma3-12b/test__norag,section,sport,40,0,0.825,0.6805,0.912546
zeroshot__gemma3-12b/test__norag,section,tekno,67,22,0.626866,0.507154,0.732818
zeroshot__gemma3-12b/test__norag,section,homey,10,1,0.4,0.16818,0.687326
zeroshot__gemma3-12b/test__norag,section,tren,9,0,0.666667,0.354202,0.879416
zeroshot__gemma3-12b/test__norag,section,siaran-pers,170,170,0.605882,0.530865,0.676221
zeroshot__gemma3-12b/test__norag,section,lifestyle,59,5,0.745763,0.622039,0.83944
zeroshot__gemma3-12b/test__norag,section,news,158,6,0.974684,0.936721,0.990112
zeroshot__gemma3-12b/test__norag,section,globenewswire,364,364,0.733516,0.685831,0.776325
zeroshot__gemma3-12b/test__norag,section,oto,11,4,0.545455,0.280092,0.787287
zeroshot__gemma3-12b/test__norag,section,otomotif,55,12,0.618182,0.486092,0.73484
zeroshot__gemma3-12b/test__norag,section,entertainment,9,0,1.0,0.700855,1.0
zeroshot__gemma3-12b/test__norag,section,metro,7,0,1.0,0.64567,1.0
zeroshot__gemma3-12b/test__norag,section,bola,29,0,0.862069,0.69441,0.945026
zeroshot__gemma3-12b/test__norag,section,health,32,1,0.875,0.719317,0.950299
zeroshot__gemma3-12b/test__norag,section,bisnis,15,2,0.733333,0.480496,0.891025
zeroshot__gemma3-12b/test__norag,section,business,16,0,0.6875,0.444044,0.858354
zeroshot__gemma3-12b/test__norag,section,digital,17,4,0.470588,0.261651,0.690368
zeroshot__gemma3-12b/test__norag,section,megapolitan,12,0,1.0,0.757506,1.0
zeroshot__gemma3-12b/test__norag,section,edukasi,33,8,0.606061,0.436834,0.753169
zeroshot__gemma3-12b/test__norag,section,nasional,46,30,0.652174,0.507701,0.77319
zeroshot__gemma3-12b/test__norag,section,inet,26,6,0.692308,0.500117,0.834987
zeroshot__gemma3-12b/test__norag,section,money,8,0,0.375,0.136844,0.694258
zeroshot__gemma3-12b/test__norag,section,surabaya,1,0,1.0,0.206549,1.0
zeroshot__gemma3-12b/test__norag,section,travel,21,1,0.619048,0.408787,0.79249
zeroshot__gemma3-12b/test__norag,section,food,52,2,0.423077,0.298681,0.558057
zeroshot__gemma3-12b/test__norag,section,daerah,12,0,0.833333,0.551969,0.953035
zeroshot__gemma3-12b/test__norag,section,gaya,23,0,0.782609,0.580965,0.90336
zeroshot__gemma3-12b/test__norag,section,showbiz,24,1,0.666667,0.467063,0.820278
zeroshot__gemma3-12b/test__norag,section,berita,13,0,0.692308,0.423693,0.873193
zeroshot__gemma3-12b/test__norag,section,properti,10,0,0.6,0.312674,0.83182
zeroshot__gemma3-12b/test__norag,section,finance,35,8,0.571429,0.408574,0.720154
zeroshot__gemma3-12b/test__norag,section,trending,4,0,1.0,0.510109,1.0
zeroshot__gemma3-12b/test__norag,section,dunia,7,0,1.0,0.64567,1.0
zeroshot__gemma3-12b/test__norag,section,seleb,11,0,0.636364,0.353801,0.848335
zeroshot__gemma3-12b/test__norag,section,wolipop,10,0,0.7,0.396778,0.892209
zeroshot__gemma3-12b/test__norag,section,ekbis,13,2,0.538462,0.291438,0.767939
zeroshot__gemma3-12b/test__norag,section,politics,16,0,0.9375,0.716713,0.988881
zeroshot__gemma3-12b/test__norag,section,opinion,9,0,1.0,0.700855,1.0
zeroshot__gemma3-12b/test__norag,section,gaya-hidup,16,1,0.25,0.101821,0.494983
zeroshot__gemma3-12b/test__norag,section,regional,6,0,1.0,0.609666,1.0
zeroshot__gemma3-12b/test__norag,section,ragam,11,0,1.0,0.741167,1.0
zeroshot__gemma3-12b/test__norag,section,international,11,0,0.909091,0.622642,0.983768
zeroshot__gemma3-12b/test__norag,section,hot,17,1,0.588235,0.360054,0.783889
zeroshot__gemma3-12b/test__norag,section,makassar,1,0,1.0,0.206549,1.0
zeroshot__gemma3-12b/test__norag,section,sains,13,0,0.769231,0.497436,0.918205
zeroshot__gemma3-12b/test__norag,section,go,1,1,1.0,0.206549,1.0
zeroshot__gemma3-12b/test__norag,section,militer,2,0,0.5,0.094531,0.905469
zeroshot__gemma3-12b/test__norag,section,life,7,0,0.571429,0.250458,0.84178
zeroshot__gemma3-12b/test__norag,section,sponsored-sections,1,0,0.0,0.0,0.793451
zeroshot__gemma3-12b/test__norag,section,badminton,1,0,1.0,0.206549,1.0
zeroshot__gemma3-12b/test__norag,section,edu,2,0,0.5,0.094531,0.905469
zeroshot__gemma3-12b/test__norag,section,bandung,1,0,1.0,0.206549,1.0
